# Blender 5.0.0
# www.blender.org
mtllib Tree.mtl
o Joined__0
v -14.171481 35.712051 -10.281497
v -15.082310 24.718903 -9.220993
v -11.353591 25.761993 -17.948614
v -10.128250 36.487823 -18.658529
v -15.916193 15.167419 -8.031955
v -12.343572 16.098770 -17.096716
v -11.353591 25.761993 -17.948614
v -12.343572 16.098770 -17.096716
v -15.003130 15.740707 -27.924011
v -14.974121 26.756439 -26.821270
v -10.128250 36.487823 -18.658529
v -14.171482 37.263626 -27.035561
v -25.229712 27.210327 -30.392372
v -25.259171 37.463364 -30.332489
v -25.155701 17.843384 -31.222670
v -25.229712 27.210327 -30.392372
v -25.155701 17.843384 -31.222670
v -36.921883 16.055237 -28.235380
v -37.058239 26.433121 -29.599802
v -25.259171 37.463364 -30.332489
v -38.638245 36.230972 -27.739985
v -39.625191 13.485657 -16.917654
v -45.272556 16.017929 -17.438944
v -45.283394 18.913910 -24.644152
v -39.625191 13.485657 -16.917654
v -36.767368 14.674225 -7.395769
v -45.263149 17.001343 -10.592686
v -45.272556 16.017929 -17.438944
v -45.272556 16.017929 -17.438944
v -45.263149 17.001343 -10.592686
v -53.279858 16.402084 -12.273428
v -53.086845 15.663589 -17.574322
v -45.283394 18.913910 -24.644152
v -45.272556 16.017929 -17.438944
v -53.086845 15.663589 -17.574322
v -53.279858 17.959351 -23.075165
v -38.638245 34.468460 -9.493588
v -37.037994 23.604919 -6.403743
v -25.251698 24.183365 -5.645255
v -25.259171 35.290054 -6.976775
v -25.243650 14.686005 -4.569584
v -25.251698 24.183365 -5.645255
v -25.243650 14.686005 -4.569584
v -25.259171 35.290054 -6.976775
v -33.478374 -0.453232 -2.821915
v -35.704372 0.415085 -13.650172
v -34.958984 -4.843185 -12.306253
v -34.939629 -5.555099 -2.417323
v -35.704372 0.415085 -13.650172
v -33.400063 -0.636261 -24.311323
v -32.058285 -4.904373 -21.131121
v -34.958984 -4.843185 -12.306253
v -31.483484 -9.291809 -20.811405
v -34.106369 -9.345856 -12.384212
v -34.106369 -9.345856 -12.384212
v -32.454929 -9.819031 -1.884707
v -41.589058 172.015869 -8.296064
v -40.006325 164.430695 -4.845267
v -24.953436 164.430695 0.748882
v -24.953436 172.015869 -2.074016
v -38.895107 156.160034 -2.120841
v -24.953436 156.160034 2.806216
v -24.953436 164.430695 0.748882
v -24.953436 156.160034 2.806216
v -11.011761 156.160034 -2.120841
v -9.900549 164.430695 -4.845267
v -24.953436 172.015869 -2.074016
v -8.317812 172.015869 -8.296064
v -41.589058 172.015869 -41.480324
v -40.006325 164.430695 -34.680725
v -45.651154 164.430695 -19.762997
v -47.827419 172.015869 -24.888193
v -38.895107 156.160034 -28.398479
v -44.123234 156.160034 -15.259660
v -45.651154 164.430695 -19.762997
v -44.123234 156.160034 -15.259660
v -47.827419 172.015869 -24.888193
v -8.317812 172.015869 -41.480324
v -9.900548 164.430695 -34.680729
v -24.953432 164.430695 -40.274876
v -24.953436 172.015869 -47.702374
v -11.011762 156.160034 -28.398479
v -24.953436 156.160034 -33.325535
v -24.953436 156.160034 -33.325535
v -4.255715 164.430695 -19.762995
v -2.079453 172.015869 -24.888193
v -5.783636 156.160034 -15.259658
v -4.255715 164.430695 -19.762995
v -5.783636 156.160034 -15.259658
v -2.079453 172.015869 -24.888193
v -38.574997 146.508835 -0.585176
v -24.953432 146.508835 3.645687
v -38.757839 134.743866 0.355277
v -24.953432 134.743866 4.068070
v -24.953432 146.508835 3.645687
v -24.953432 134.743866 4.068070
v -11.149030 134.743866 0.355277
v -11.331872 146.508835 -0.585176
v -38.574997 146.508835 -23.149780
v -43.683083 146.508835 -11.867477
v -38.757839 134.743866 -19.446287
v -43.934494 134.743866 -9.545506
v -43.683083 146.508835 -11.867477
v -43.934494 134.743866 -9.545506
v -11.331873 146.508835 -23.149778
v -24.953436 146.508835 -27.380642
v -11.149030 134.743866 -19.446287
v -24.953436 134.743866 -23.159079
v -24.953436 146.508835 -27.380642
v -24.953436 134.743866 -23.159079
v -6.223786 146.508835 -11.867476
v -5.972379 134.743866 -9.545506
v -6.223786 146.508835 -11.867476
v -5.972379 134.743866 -9.545506
v -38.997471 120.624077 1.213549
v -24.953432 120.624077 4.753797
v -38.823444 105.915367 1.124673
v -24.953436 105.915367 4.648853
v -24.953432 120.624077 4.753797
v -24.953436 105.915367 4.648853
v -11.083422 105.915359 1.124674
v -10.909395 120.624077 1.213549
v -38.997467 120.624077 -17.667765
v -44.263985 120.624077 -8.227107
v -38.823441 105.915367 -17.670950
v -44.024696 105.915367 -8.273136
v -44.263985 120.624077 -8.227107
v -44.024696 105.915367 -8.273136
v -10.909395 120.624077 -17.667765
v -24.953436 120.624077 -21.208014
v -11.083422 105.915367 -17.670950
v -24.953432 105.915367 -21.195127
v -24.953436 120.624077 -21.208014
v -24.953432 105.915367 -21.195127
v -5.642882 120.624077 -8.227109
v -5.882168 105.915359 -8.273137
v -5.642882 120.624077 -8.227109
v -5.882168 105.915359 -8.273137
v -37.998829 92.505058 -0.795890
v -24.953430 92.505066 2.644385
v -37.245056 80.759468 -4.132973
v -24.953428 80.759468 -0.853404
v -24.953430 92.505066 2.644385
v -24.953428 80.759468 -0.853404
v -12.661807 80.759468 -4.132973
v -11.908040 92.505058 -0.795891
v -37.998829 92.505058 -19.144024
v -42.890846 92.505066 -9.969957
v -37.245056 80.759468 -21.624008
v -41.854416 80.759476 -12.878489
v -42.890846 92.505066 -9.969957
v -41.854416 80.759476 -12.878489
v -11.908041 92.505058 -19.144024
v -24.953436 92.505066 -22.584297
v -12.661809 80.759468 -21.624008
v -24.953436 80.759476 -24.903572
v -24.953436 92.505066 -22.584297
v -24.953436 80.759476 -24.903572
v -7.016018 92.505066 -9.969957
v -8.052451 80.759468 -12.878489
v -7.016018 92.505066 -9.969957
v -8.052451 80.759468 -12.878489
v -37.205387 70.365623 -7.976130
v -24.953430 70.359322 -4.879112
v -37.251904 59.814621 -10.733548
v -24.953432 59.764252 -7.745622
v -24.953430 70.359322 -4.879112
v -24.953432 59.764252 -7.745622
v -12.654963 59.814621 -10.733548
v -12.701480 70.365623 -7.976131
v -37.205387 70.399193 -24.493565
v -41.799873 70.382401 -16.234844
v -37.251904 60.083206 -26.669161
v -41.863831 59.948914 -18.701353
v -41.799873 70.382401 -16.234844
v -41.863831 59.948914 -18.701353
v -12.701482 70.399193 -24.493563
v -24.953436 70.405487 -27.590580
v -12.654964 60.083206 -26.669155
v -24.953436 60.133568 -29.657087
v -24.953436 70.405487 -27.590580
v -24.953436 60.133568 -29.657087
v -8.106997 70.382393 -16.234844
v -8.043037 59.948906 -18.701353
v -8.106997 70.382393 -16.234844
v -8.043037 59.948906 -18.701353
v -16.506802 -0.636307 -24.311327
v -14.202496 0.415115 -13.650172
v -14.947886 -4.843201 -12.306251
v -17.848581 -4.904373 -21.131121
v -14.202496 0.415115 -13.650172
v -16.428495 -0.453201 -2.821915
v -14.967233 -5.555099 -2.417323
v -14.947886 -4.843201 -12.306251
v -17.451939 -9.819031 -1.884707
v -15.800495 -9.345856 -12.384213
v -15.800495 -9.345856 -12.384213
v -18.423382 -9.291809 -20.811405
v -24.953436 -2.810028 -26.549978
v -24.953432 -5.105255 -24.238466
v -24.953436 -2.810028 -26.549978
v -24.953432 -5.105255 -24.238466
v -24.953430 -9.291809 -23.867186
v -24.953430 -9.291809 -23.867186
v -19.693869 -35.972961 -22.554573
v -18.645220 -37.623077 -30.688526
v -16.873735 -37.438736 -28.879528
v -16.450760 -35.765854 -23.041449
v -18.645220 -37.623077 -30.688526
v -19.727615 -35.486847 -34.792465
v -16.490931 -35.704803 -32.042686
v -16.873735 -37.438736 -28.879528
v -16.873735 -37.438736 -28.879528
v -16.490931 -35.704803 -32.042686
v -13.284245 -39.242889 -30.869375
v -13.917295 -40.652863 -28.147940
v -16.450760 -35.765854 -23.041449
v -16.873735 -37.438736 -28.879528
v -13.917295 -40.652863 -28.147940
v -13.284245 -39.242889 -23.200294
v -17.824888 -29.541000 -14.337657
v -20.043385 -32.014984 -9.181521
v -21.649679 -36.130844 -13.242008
v -17.921833 -21.385925 -9.711589
v -20.963524 -27.758286 -5.129878
v -20.043385 -32.014984 -9.181521
v -20.963524 -27.758286 -5.129878
v -22.119343 -35.543472 2.760441
v -21.395924 -37.648590 -2.642839
v -21.649679 -36.130844 -13.242008
v -22.598692 -40.507996 -5.696301
v -30.429373 -19.959564 -25.693888
v -24.790857 -20.036438 -28.345257
v -24.854801 -27.276993 -32.220428
v -29.910959 -27.154877 -29.863028
v -24.790857 -20.036438 -28.345257
v -17.910400 -20.764145 -26.258030
v -19.202673 -28.252731 -31.880054
v -24.854801 -27.276993 -32.220428
v -25.002239 -34.827515 -36.284985
v -25.002239 -34.827515 -36.284985
v -30.678379 -35.284088 -34.896263
v -30.799763 -21.082214 -9.836636
v -32.571377 -20.066727 -18.690165
v -31.891832 -27.188766 -23.745729
v -31.323805 -28.491058 -16.287857
v -32.571377 -20.066727 -18.690165
v -31.891832 -27.188766 -23.745729
v -32.304886 -33.705276 -28.278111
v -32.304886 -33.705276 -28.278111
v -30.591122 -35.819366 -22.759567
v -24.953432 -4.285370 -30.251804
v -17.980648 -2.452133 -30.521328
v -31.926222 -2.452133 -30.521328
v -24.953432 -4.285370 -30.251804
v -24.953432 -4.285370 -30.251804
v -31.926222 -2.452133 -30.521328
v -30.973879 -5.907669 -34.436157
v -24.953432 -7.353378 -34.006840
v -17.980648 -2.452133 -30.521328
v -18.932989 -5.907669 -34.436157
v -25.015326 6.783188 -3.056456
v -16.594290 6.985031 -6.326996
v -33.596043 6.867798 -6.240887
v -25.015326 6.783188 -3.056456
v -24.953432 0.627136 -0.372120
v -24.953432 0.627136 -0.372120
v -13.225423 7.506088 -15.476058
v -13.628821 6.524109 -25.501522
v -13.225423 7.506088 -15.476058
v -36.926826 7.232391 -15.450534
v -36.473560 6.494324 -25.534521
v -36.926826 7.232391 -15.450534
v -24.993334 9.639206 -33.931992
v -32.840500 7.798096 -33.251343
v -17.225986 7.760193 -33.214855
v -24.993334 9.639206 -33.931992
v -24.993334 9.639206 -33.931992
v -17.225986 7.760193 -33.214855
v -18.336767 1.802795 -36.725853
v -24.953432 3.248520 -37.155170
v -32.840500 7.798096 -33.251343
v -31.570099 1.802795 -36.725853
v -14.968247 2.569397 -31.736631
v -14.968247 2.569397 -31.736631
v -16.265419 -2.052429 -35.581005
v -14.968247 2.569397 -31.736631
v -16.265419 -2.052429 -35.581005
v -34.978523 2.578873 -31.745754
v -34.978523 2.578873 -31.745754
v -33.641453 -2.052429 -35.581009
v -32.484726 -5.311966 -39.119217
v -30.172319 -8.476913 -38.126804
v -30.689157 -2.147064 -40.111645
v -32.484726 -5.311966 -39.119217
v -29.916176 -4.639603 -44.460506
v -31.469769 -7.352234 -43.601833
v -31.469769 -7.352234 -43.601833
v -29.468987 -10.064819 -42.743153
v -24.953436 -0.960190 -40.483799
v -19.217710 -2.147064 -40.111641
v -19.990690 -4.639633 -44.460503
v -24.953436 -3.622391 -44.782505
v -24.953436 -9.663727 -37.754646
v -19.734554 -8.476913 -38.126797
v -24.953432 -11.082047 -42.421143
v -20.437878 -10.064819 -42.743153
v -17.422144 -5.311966 -39.119221
v -17.422144 -5.311966 -39.119221
v -18.437105 -7.352219 -43.601826
v -18.437105 -7.352219 -43.601826
v -25.008574 -37.669662 -22.142244
v -25.107782 -41.907578 -28.121273
v -20.839931 -41.762436 -29.870459
v -25.008574 -37.669662 -22.142244
v -30.358826 -42.150269 -28.235800
v -25.107782 -41.907578 -28.121273
v -30.486666 -47.960846 -34.290581
v -25.115095 -47.594727 -33.303585
v -25.115095 -47.594727 -33.303585
v -20.967182 -47.550369 -34.935467
v -25.110699 -41.602966 -40.382587
v -30.366320 -42.044250 -40.228649
v -20.844110 -41.660141 -38.663330
v -25.110699 -41.602966 -40.382587
v -20.967186 -47.550369 -43.060143
v -25.115091 -47.594742 -44.660896
v -25.115091 -47.594742 -44.660896
v -30.486666 -47.960846 -43.390915
v -35.022083 -43.268295 -28.881006
v -35.070782 -47.357239 -33.300728
v -35.087582 -39.129379 -27.233740
v -35.022083 -43.268295 -28.881006
v -35.087582 -39.129379 -27.233740
v -39.452679 -41.676666 -28.213541
v -39.452679 -45.245468 -29.408920
v -35.070782 -47.357239 -33.300728
v -39.452679 -48.814255 -33.275902
v -19.366879 -41.852097 -34.401188
v -19.366879 -41.852097 -34.401188
v -19.472340 -47.550369 -38.997810
v -19.472340 -47.550369 -38.997810
v -31.928234 -49.580475 -40.019012
v -30.606186 -53.347549 -44.131790
v -29.094566 -53.211288 -40.008839
v -31.928234 -49.580475 -40.019012
v -29.094566 -53.211288 -48.073017
v -30.606186 -53.347549 -44.131790
v -30.606186 -53.347549 -44.131790
v -29.094566 -53.211288 -48.073017
v -28.885460 -59.679901 -52.794254
v -30.359970 -59.679901 -48.872501
v -29.094566 -53.211288 -40.008839
v -30.606186 -53.347549 -44.131790
v -30.359970 -59.679901 -48.872501
v -28.885462 -59.679901 -44.950760
v -19.481659 -53.126144 -44.028797
v -20.973961 -53.126160 -48.008675
v -20.973961 -53.126160 -40.048912
v -19.481659 -53.126144 -44.028797
v -19.481659 -53.126144 -44.028797
v -20.973961 -53.126160 -40.048912
v -21.021410 -59.679962 -44.950760
v -19.546896 -59.679916 -48.872498
v -20.973961 -53.126160 -48.008675
v -19.481659 -53.126144 -44.028797
v -19.546896 -59.679916 -48.872498
v -21.021410 -59.679962 -52.794254
v -24.986691 -53.134674 -38.539516
v -24.986691 -53.134674 -38.539516
v -24.986691 -53.134674 -38.539516
v -24.953430 -59.679901 -43.480106
v -24.986691 -53.134674 -38.539516
v -24.953430 -59.679901 -43.480106
v -24.986694 -53.134674 -49.510300
v -24.986694 -53.134674 -49.510300
v -24.986694 -53.134674 -49.510300
v -24.953432 -59.679901 -54.264908
v -19.696018 -68.016464 -52.884861
v -21.129858 -68.016434 -56.721291
v -21.129856 -68.016434 -49.048416
v -19.696018 -68.016464 -52.884861
v -21.238306 -75.390411 -51.933903
v -19.845131 -75.390457 -55.822159
v -19.845131 -75.390457 -55.822159
v -21.238306 -75.390411 -59.710415
v -24.953436 -68.016464 -47.609764
v -28.777010 -68.016434 -49.048420
v -24.953436 -68.016464 -47.609764
v -28.668562 -75.390411 -51.933910
v -24.953436 -75.390457 -50.475803
v -24.953436 -75.390457 -50.475803
v -24.953436 -68.016464 -58.159969
v -28.777014 -68.016434 -56.721291
v -24.953436 -68.016464 -58.159969
v -24.953436 -75.390457 -61.168514
v -24.953436 -75.390457 -61.168514
v -28.668560 -75.390411 -59.710419
v -30.210859 -68.016464 -52.884861
v -30.210859 -68.016464 -52.884861
v -30.061735 -75.390457 -55.822159
v -30.061735 -75.390457 -55.822159
v -24.953436 -79.208481 -51.893314
v -21.285749 -79.208481 -53.483257
v -28.621119 -79.208481 -53.483261
v -24.953436 -79.208481 -51.893314
v -28.614340 -81.034119 -54.524143
v -24.953436 -81.034119 -52.712368
v -24.953436 -81.034119 -52.712368
v -21.292530 -81.034119 -54.524143
v -24.953432 -79.208450 -63.552906
v -28.621120 -79.208481 -61.962959
v -21.285753 -79.208450 -61.962955
v -24.953432 -79.208450 -63.552906
v -21.292530 -81.034119 -64.187012
v -24.953436 -81.034088 -65.998802
v -24.953436 -81.034088 -65.998802
v -28.614340 -81.034119 -64.187019
v -29.996498 -79.208481 -57.723106
v -29.996498 -79.208481 -57.723106
v -29.987173 -81.034119 -59.355587
v -29.987173 -81.034119 -59.355587
v -19.910372 -79.208481 -57.723106
v -19.910372 -79.208481 -57.723106
v -19.919691 -81.034119 -59.355591
v -19.919691 -81.034119 -59.355591
v -28.614334 -85.708557 -59.112137
v -29.987173 -85.708557 -65.130142
v -30.000908 -88.980042 -70.211876
v -28.614340 -88.990265 -64.024963
v -29.987173 -85.708557 -65.130142
v -28.614340 -85.708557 -71.148132
v -28.669249 -88.907593 -76.530846
v -30.000908 -88.980042 -70.211876
v -29.126860 -91.961761 -84.100365
v -30.080227 -92.463074 -75.786865
v -30.080227 -92.463074 -75.786865
v -28.614334 -92.517975 -69.483315
v -21.292528 -85.708557 -71.148140
v -19.919693 -85.708557 -65.130135
v -19.905964 -88.980011 -70.211868
v -21.237617 -88.907593 -76.530846
v -19.919693 -85.708557 -65.130135
v -21.292528 -85.708527 -59.112133
v -21.292528 -88.990265 -64.024963
v -19.905964 -88.980011 -70.211868
v -21.292528 -92.517975 -69.483315
v -19.826641 -92.463043 -75.786865
v -19.826641 -92.463043 -75.786865
v -20.780005 -91.961761 -84.100365
v -24.953436 -85.708557 -56.855377
v -24.953436 -88.990265 -61.725868
v -24.953436 -85.708557 -56.855377
v -24.953436 -88.990265 -61.725868
v -24.953436 -92.517914 -67.216667
v -24.953436 -92.517914 -67.216667
v -24.953432 -85.708557 -73.404892
v -24.953436 -88.802887 -78.778374
v -24.953432 -85.708557 -73.404892
v -24.953436 -88.802887 -78.778374
v -24.953432 -90.822723 -85.246460
v -24.953432 -90.822723 -85.246460
v -24.953432 -83.043747 -69.193176
v -28.614340 -83.043747 -67.124786
v -21.292530 -83.043747 -67.124779
v -24.953432 -83.043747 -69.193176
v -24.953436 -83.043716 -54.024902
v -21.292528 -83.043747 -56.093315
v -28.614340 -83.043747 -56.093315
v -24.953436 -83.043716 -54.024902
v -19.919693 -83.043716 -61.609043
v -19.919693 -83.043716 -61.609043
v -29.987181 -83.043747 -61.609043
v -29.987181 -83.043747 -61.609043
v -24.953432 -95.950378 -71.806862
v -21.325060 -95.950378 -74.033936
v -28.581808 -95.950378 -74.033936
v -24.953432 -95.950378 -71.806862
v -28.354107 -99.397858 -77.597290
v -24.953436 -99.397858 -75.512596
v -24.953436 -99.397858 -75.512596
v -21.552763 -99.397858 -77.597290
v -24.953432 -90.254974 -92.187675
v -28.647003 -91.289032 -92.607315
v -21.259863 -91.289032 -92.607307
v -24.953432 -90.254974 -92.187675
v -21.470497 -90.532928 -99.300179
v -24.953432 -89.470978 -99.047112
v -24.953432 -89.470978 -99.047112
v -28.436365 -90.532928 -99.300179
v -30.124641 -95.876678 -80.219337
v -30.149527 -95.321045 -87.789452
v -30.124641 -95.876678 -80.219337
v -28.939497 -98.985962 -90.870575
v -29.731190 -99.352997 -83.390411
v -29.731190 -99.352997 -83.390411
v -19.782225 -95.876678 -80.219337
v -19.757339 -95.321045 -87.789452
v -19.782225 -95.876678 -80.219337
v -20.175678 -99.352997 -83.390411
v -20.175678 -99.352997 -83.390411
v -20.967371 -98.985931 -90.870567
v -24.953436 -103.066315 -78.566353
v -22.091171 -103.061432 -80.320190
v -27.815695 -103.061432 -80.320198
v -24.953436 -103.066315 -78.566353
v -24.953436 -103.066315 -78.566353
v -27.815695 -103.061432 -80.320198
v -27.169603 -107.053040 -81.881073
v -24.953436 -107.092499 -80.528816
v -22.091171 -103.061432 -80.320190
v -24.953436 -103.066315 -78.566353
v -24.953436 -107.092499 -80.528816
v -22.737263 -107.053040 -81.881073
v -19.926725 -94.047821 -94.144096
v -21.275475 -96.827667 -95.742348
v -21.470497 -96.196686 -100.649933
v -20.164398 -93.364807 -99.975067
v -24.953436 -99.835266 -93.304657
v -24.953432 -97.842377 -96.413376
v -24.953436 -99.835266 -93.304657
v -28.631390 -96.827606 -95.742340
v -24.953432 -97.842377 -96.413376
v -28.436365 -96.196686 -100.649925
v -24.953432 -97.258636 -100.903008
v -24.953432 -97.258636 -100.903008
v -29.980143 -94.047821 -94.144089
v -29.742468 -93.364807 -99.975052
v -20.649921 -94.509155 -106.487129
v -21.810863 -91.844421 -106.337547
v -21.826437 -97.170288 -106.755035
v -22.182375 -99.772827 -113.448738
v -21.109665 -97.432434 -113.446449
v -22.076990 -95.355011 -115.317879
v -24.953432 -98.168945 -106.872292
v -28.080433 -97.170319 -106.755043
v -24.953432 -98.168945 -106.872292
v -27.724489 -99.772827 -113.448753
v -24.953436 -100.660553 -113.536888
v -24.953436 -100.660553 -113.536888
v -29.256947 -94.509155 -106.487114
v -28.096003 -91.844421 -106.337547
v -27.829884 -95.355011 -115.317879
v -28.797205 -97.432434 -113.446442
v -24.953436 -90.818024 -106.217445
v -24.953436 -90.818024 -106.217445
v -24.953430 -93.861267 -114.448555
v -24.953430 -93.861267 -114.448555
v -28.630772 -101.889801 -120.006691
v -27.568769 -104.016357 -119.943192
v -28.289604 -100.280426 -121.940193
v -27.701744 -105.791687 -127.154037
v -28.558502 -108.111877 -126.102486
v -27.546520 -110.144501 -126.166931
v -27.351402 -101.029236 -127.586952
v -26.726421 -103.789062 -130.146210
v -26.737101 -98.285706 -124.923576
v -26.080517 -100.690521 -134.839203
v -26.503170 -102.603546 -135.822205
v -26.080517 -104.516663 -136.805222
v -21.276096 -101.889801 -120.006691
v -21.617262 -100.280426 -121.940193
v -22.338099 -104.016357 -119.943192
v -22.360344 -110.144501 -126.166931
v -21.348366 -108.111877 -126.102493
v -22.205128 -105.791687 -127.154037
v -24.953432 -104.837311 -120.026360
v -24.953432 -104.837311 -120.026360
v -24.953436 -110.892883 -126.249413
v -24.953436 -110.892883 -126.249413
v -28.374264 -116.076569 -131.716019
v -27.435480 -117.587769 -131.836700
v -27.457056 -114.369141 -131.596115
v -26.898252 -120.246002 -134.832657
v -27.324432 -122.426605 -135.650772
v -26.898252 -122.442963 -135.162552
v -24.953430 -106.994110 -128.942139
v -24.953432 -114.047028 -131.766632
v -24.953430 -106.994110 -128.942139
v -22.449814 -114.369141 -131.596115
v -24.953432 -114.047028 -131.766632
v -23.008619 -120.246002 -134.832657
v -24.953432 -121.140656 -135.449692
v -24.953432 -121.140656 -135.449692
v -21.532606 -116.076569 -131.716019
v -22.471392 -117.587738 -131.836685
v -23.008619 -122.442963 -135.162552
v -22.582441 -122.426605 -135.650772
v -24.953436 -118.285980 -131.980255
v -24.953436 -118.285980 -131.980255
v -24.953436 -123.712463 -135.851837
v -24.953436 -123.712463 -135.851837
v -24.953436 -124.697479 -137.021515
v -24.953436 -124.697479 -137.021515
v -24.953436 -11.951767 -48.662983
v -21.026812 -11.067245 -48.942986
v -28.880060 -11.067245 -48.942986
v -28.479521 -11.626526 -55.669758
v -24.953436 -12.420898 -55.418312
v -21.427347 -11.626556 -55.669758
v -19.286983 -8.708420 -49.689674
v -20.637945 -6.349609 -50.436359
v -19.286983 -8.708420 -49.689674
v -19.864992 -9.508362 -56.340275
v -19.864992 -9.508362 -56.340275
v -21.078152 -7.390182 -57.010796
v -30.619884 -8.708420 -49.689678
v -29.268921 -6.349640 -50.436359
v -30.619884 -8.708420 -49.689678
v -28.828714 -7.390137 -57.010796
v -30.041878 -9.508362 -56.340275
v -30.041878 -9.508362 -56.340275
v -24.953436 -5.465057 -50.716373
v -24.953436 -6.595825 -57.262238
v -29.841911 -9.767075 -62.363434
v -28.340952 -11.802078 -61.719273
v -28.676428 -7.732147 -63.007614
v -29.841911 -9.767075 -62.363434
v -28.827477 -7.339081 -68.351852
v -30.040247 -9.456604 -67.681549
v -30.040247 -9.456604 -67.681549
v -28.478392 -11.574127 -67.011246
v -24.953436 -6.968994 -63.249172
v -21.230438 -7.732117 -63.007607
v -21.079388 -7.339081 -68.351852
v -24.953436 -6.545013 -68.603218
v -24.953436 -12.565125 -61.477695
v -21.565916 -11.802048 -61.719273
v -24.953432 -12.368179 -66.759880
v -21.428473 -11.574127 -67.011246
v -20.064959 -9.767059 -62.363430
v -20.064959 -9.767059 -62.363430
v -19.866615 -9.456604 -67.681549
v -19.866615 -9.456604 -67.681549
v -24.953436 -5.427261 -73.442245
v -29.197283 -6.297119 -73.166893
v -20.709585 -6.297119 -73.166893
v -20.540302 -5.190125 -77.268036
v -24.953436 -4.285568 -77.554390
v -29.366570 -5.190109 -77.268036
v -24.953436 -11.806290 -71.422943
v -21.091993 -10.936417 -71.698311
v -28.814875 -10.936417 -71.698311
v -28.968903 -10.014511 -75.740868
v -24.953436 -10.919067 -75.454544
v -20.937962 -10.014526 -75.740868
v -19.381046 -8.616760 -72.432594
v -19.381046 -8.616760 -72.432594
v -19.158768 -7.602325 -76.504463
v -19.158768 -7.602325 -76.504463
v -30.525818 -8.616760 -72.432594
v -30.525818 -8.616760 -72.432594
v -30.748100 -7.602325 -76.504463
v -30.748100 -7.602325 -76.504463
v -24.953436 -9.967148 -78.899063
v -21.283819 -9.140503 -79.154984
v -28.623047 -9.140503 -79.154968
v -28.020573 -9.341324 -82.371231
v -24.953436 -10.032303 -82.198631
v -21.886297 -9.341324 -82.371223
v -19.657869 -6.936050 -79.837418
v -20.920412 -4.731644 -80.519852
v -19.657869 -6.936050 -79.837418
v -20.527298 -7.498840 -82.831459
v -20.527298 -7.498840 -82.831459
v -21.582550 -5.656311 -83.291695
v -30.248993 -6.936081 -79.837418
v -28.986460 -4.731644 -80.519852
v -30.248993 -6.936081 -79.837418
v -28.324316 -5.656281 -83.291695
v -29.379574 -7.498840 -82.831459
v -29.379574 -7.498840 -82.831459
v -24.953436 -3.904968 -80.775757
v -24.953436 -4.965378 -83.464287
v -28.497076 -9.721695 -85.734596
v -27.419722 -11.160431 -85.560699
v -27.653858 -8.203064 -85.839920
v -28.497076 -9.721695 -85.734596
v -26.863462 -10.524765 -87.438263
v -27.155081 -11.987946 -87.820053
v -27.155081 -11.987946 -87.820053
v -26.739353 -12.640305 -87.506691
v -24.953436 -7.693375 -85.916412
v -22.253008 -8.203064 -85.839920
v -23.043404 -10.524796 -87.438263
v -24.953430 -10.727768 -87.731163
v -24.953432 -11.750031 -85.552757
v -22.487148 -11.160416 -85.560707
v -24.953432 -13.248123 -87.908928
v -23.167513 -12.640305 -87.506691
v -21.409792 -9.721725 -85.734581
v -21.409792 -9.721725 -85.734581
v -22.751787 -11.987930 -87.820053
v -22.751787 -11.987930 -87.820053
v -24.953432 -12.838699 -88.549469
v -24.953432 -12.838699 -88.549469
v -35.225452 -37.583954 -30.396364
v -35.095078 -39.095535 -35.579556
v -35.225452 -37.583954 -30.396364
v -35.225452 -37.583954 -30.396364
v -35.095078 -39.095535 -35.579556
v -39.452679 -41.676682 -35.556087
v -39.452679 -40.338379 -30.976547
v -35.225452 -37.583954 -30.396364
v -39.452679 -40.338379 -30.976547
v -35.023956 -43.259827 -39.698002
v -35.070782 -47.357208 -40.967815
v -35.023956 -43.259827 -39.698002
v -35.070782 -47.357208 -40.967815
v -39.452679 -48.814255 -40.181885
v -39.452679 -45.245453 -39.204781
v -35.186058 -48.852798 -38.169109
v -35.186058 -48.852798 -38.169109
v -35.186058 -48.852798 -38.169109
v -39.452679 -50.152542 -37.637157
v -35.186058 -48.852798 -38.169109
v -39.452679 -50.152542 -37.637157
v -44.233040 -47.973663 -29.899294
v -44.233028 -51.185165 -33.379116
v -44.233028 -44.762161 -28.823589
v -49.625008 -47.782211 -29.294474
v -49.625015 -50.717926 -30.277796
v -49.625008 -53.653595 -33.458786
v -44.233040 -43.557846 -31.309973
v -44.233028 -44.762177 -35.431015
v -44.233040 -43.557846 -31.309973
v -49.625008 -47.782211 -35.334473
v -49.625015 -46.681351 -31.567331
v -49.625015 -46.681351 -31.567331
v -44.233040 -47.973663 -38.714413
v -44.233028 -51.185165 -39.593689
v -49.625008 -53.653595 -39.139675
v -49.625015 -50.717926 -38.335911
v -44.233040 -52.389435 -37.303738
v -44.233040 -52.389435 -37.303738
v -49.625015 -54.754501 -37.046371
v -49.625015 -54.754501 -37.046371
v -55.684959 -52.906906 -38.200695
v -55.684963 -50.069717 -35.299988
v -55.684963 -55.744080 -38.977489
v -61.921951 -58.287582 -39.137180
v -61.921951 -55.353424 -38.333832
v -61.921951 -52.419220 -35.333942
v -55.684959 -56.808029 -36.954437
v -55.684963 -55.744110 -33.487247
v -55.684959 -56.808029 -36.954437
v -61.921951 -58.287598 -33.459221
v -61.921951 -59.387909 -37.044960
v -61.921951 -59.387909 -37.044960
v -55.684959 -52.906921 -30.413004
v -55.684963 -50.069733 -29.462675
v -61.921951 -52.419220 -29.297058
v -61.921951 -55.353424 -30.279875
v -55.684959 -49.005814 -31.659260
v -55.684959 -49.005814 -31.659260
v -61.921951 -51.318939 -31.568741
v -61.921951 -51.318939 -31.568741
v -67.764603 -59.071411 -29.907770
v -67.770386 -62.442932 -33.395439
v -67.756546 -55.814789 -28.828859
v -72.802490 -60.536499 -28.206577
v -72.833893 -64.347504 -29.397278
v -73.125870 -70.103271 -33.498653
v -67.756546 -54.611649 -31.312851
v -67.756554 -55.814789 -35.429935
v -67.756546 -54.611649 -31.312851
v -72.802483 -60.536484 -35.557507
v -72.802490 -59.196701 -30.972742
v -72.802490 -59.196701 -30.972742
v -67.764603 -59.071442 -38.725258
v -67.770378 -62.442932 -39.647423
v -73.125870 -70.103241 -40.696213
v -72.833893 -64.347519 -39.293724
v -67.699097 -63.604446 -37.314075
v -67.699097 -63.604446 -37.314075
v -72.166542 -70.275696 -37.716061
v -72.166542 -70.275696 -37.716061
v -76.931366 -70.567886 -28.913591
v -76.910622 -76.384995 -32.358650
v -76.933662 -66.421738 -27.702278
v -80.871681 -72.241318 -27.965139
v -80.842300 -76.197647 -29.199812
v -80.565079 -81.829895 -33.457439
v -76.933647 -64.971222 -30.697111
v -76.933647 -66.421783 -35.660900
v -76.933647 -64.971222 -30.697111
v -80.871681 -72.241364 -35.607014
v -80.871674 -70.848526 -30.840784
v -80.871674 -70.848526 -30.840784
v -76.931358 -70.567886 -39.747116
v -76.910614 -76.385010 -41.718998
v -80.565086 -81.829895 -41.192577
v -80.842285 -76.197647 -39.524605
v -76.839706 -82.724701 -41.244312
v -78.693863 -85.467804 -40.713676
v -74.974472 -79.988693 -40.236305
v -76.839706 -82.724701 -41.244312
v -74.974472 -79.988693 -40.236305
v -75.412132 -87.935577 -39.401394
v -76.709679 -88.778137 -39.994087
v -78.693863 -85.467804 -40.713676
v -78.007233 -89.620636 -39.674171
v -85.470512 -79.902634 -38.298061
v -85.477654 -76.962997 -35.318630
v -85.465874 -83.012650 -39.163826
v -91.322983 -85.480927 -37.657803
v -91.322983 -83.445343 -37.100487
v -91.322983 -81.409836 -35.019379
v -81.450836 -84.360931 -37.997337
v -85.530518 -84.213776 -37.037907
v -81.450836 -84.360931 -37.997337
v -85.465874 -83.012650 -33.486950
v -85.530518 -84.213776 -37.037907
v -91.322983 -85.480896 -33.718830
v -91.322983 -86.244202 -36.206364
v -91.322983 -86.244202 -36.206364
v -85.470512 -79.902634 -30.343321
v -85.477654 -76.963013 -29.371777
v -91.322983 -81.409836 -30.831408
v -91.322983 -83.445343 -31.513216
v -85.477669 -75.879089 -31.609581
v -85.477669 -75.879089 -31.609581
v -91.322998 -80.646515 -32.407345
v -91.322998 -80.646515 -32.407345
v -98.635704 -88.327637 -31.860359
v -98.635704 -90.110229 -33.791897
v -98.635704 -86.545074 -31.263273
v -106.560036 -92.036377 -31.093918
v -106.560036 -93.918152 -31.724220
v -106.560036 -95.799957 -33.763245
v -98.635704 -85.876556 -32.643383
v -98.635704 -86.545074 -34.930840
v -98.635704 -85.876556 -32.643383
v -106.560036 -92.036377 -34.965561
v -106.560036 -91.330719 -32.550823
v -106.560036 -91.330719 -32.550823
v -98.635704 -88.327667 -36.753349
v -98.635704 -90.110229 -37.241409
v -106.560036 -95.799927 -37.404701
v -106.560036 -93.918152 -36.889484
v -98.635704 -90.778717 -35.970329
v -98.635704 -90.778717 -35.970329
v -106.560036 -96.505615 -36.062889
v -106.560036 -96.505615 -36.062889
v -114.100273 -96.518860 -32.501724
v -114.110138 -97.244293 -31.004095
v -114.110138 -97.244293 -34.983978
v -114.100273 -96.518860 -32.501724
v -120.863365 -101.596222 -34.947098
v -120.784477 -100.910309 -32.600048
v -120.784477 -100.910309 -32.600048
v -120.863365 -101.596161 -31.183989
v -114.136429 -99.178650 -36.961689
v -114.162727 -101.113098 -37.491306
v -121.284126 -105.254242 -37.317860
v -121.073746 -103.425232 -36.817085
v -114.172592 -101.838470 -36.111980
v -114.162727 -101.113068 -33.748047
v -114.172592 -101.838470 -36.111980
v -121.284126 -105.254242 -33.778484
v -121.363022 -105.940186 -36.013668
v -121.363022 -105.940186 -36.013668
v -114.136429 -99.178650 -31.652021
v -121.073746 -103.425262 -31.796629
v -127.027237 -106.194214 -36.392799
v -126.402695 -104.648285 -34.839027
v -127.526207 -107.698517 -36.819248
v -130.933685 -108.470917 -36.086277
v -130.939499 -107.607056 -35.575096
v -129.671402 -106.320007 -34.674370
v -127.814339 -108.284088 -35.725170
v -127.526207 -107.698517 -33.864594
v -127.814339 -108.284088 -35.725170
v -130.933685 -108.470917 -33.987225
v -131.773727 -108.877686 -35.169182
v -131.773727 -108.877686 -35.169182
v -127.027222 -106.194214 -32.220924
v -126.402695 -104.648224 -31.704552
v -129.671402 -106.320007 -32.479557
v -130.939499 -107.607056 -33.038620
v -126.240128 -104.104370 -32.888546
v -126.240128 -104.104370 -32.888546
v -130.105270 -106.336456 -33.444538
v -130.105270 -106.336456 -33.444538
v -132.276230 -108.051147 -34.306858
v -132.276230 -108.051147 -34.306858
v -36.990738 47.817360 -11.095300
v -25.019205 47.703522 -8.138131
v -25.019205 47.703522 -8.138131
v -13.228622 47.886360 -11.185437
v -36.990738 48.671165 -27.402222
v -41.404209 48.407990 -19.261204
v -42.472820 37.728210 -18.783678
v -41.404209 48.407990 -19.261204
v -42.472820 37.728210 -18.783678
v -13.228624 48.718224 -27.312885
v -25.019207 48.852821 -30.358238
v -25.019207 48.852821 -30.358238
v -8.831819 48.302277 -19.249161
v -8.831819 48.302277 -19.249161
v -45.793343 24.584686 -27.237225
v -46.611538 29.674454 -25.014446
v -45.793343 24.584686 -27.237225
v -53.794540 22.165604 -25.243938
v -46.611538 29.674454 -25.014446
v -45.793343 24.584686 -27.237225
v -53.794540 22.165604 -25.243938
v -54.309223 25.859543 -23.429234
v -47.143421 30.926941 -18.437084
v -46.611538 28.191833 -11.595565
v -47.143421 30.926941 -18.437084
v -47.143421 30.926941 -18.437084
v -54.502239 26.789108 -18.307455
v -46.611538 28.191833 -11.595565
v -47.143421 30.926941 -18.437084
v -54.502239 26.789108 -18.307455
v -54.309223 24.684464 -12.985730
v -45.788284 22.231064 -8.669172
v -45.788284 22.231064 -8.669172
v -53.794540 20.287094 -10.637837
v -63.325016 18.019302 -11.557506
v -62.875160 14.623520 -12.987126
v -63.774902 21.862869 -13.609729
v -63.325016 18.019302 -11.557506
v -72.376266 19.658554 -13.765556
v -71.942581 15.953232 -11.787169
v -71.942581 15.953232 -11.787169
v -71.508888 12.679642 -13.165357
v -62.706448 13.978012 -17.620483
v -62.875160 15.984665 -22.428612
v -62.706448 13.978012 -17.620483
v -71.346260 12.057373 -17.632011
v -71.346260 12.057373 -17.632011
v -71.508888 13.991821 -22.267149
v -63.943577 23.702484 -18.261293
v -63.774902 22.889999 -22.738094
v -63.943577 23.702484 -18.261293
v -72.376259 20.648697 -22.565498
v -72.538902 21.431976 -18.249767
v -72.538902 21.431976 -18.249767
v -63.325016 19.661240 -24.324274
v -63.325016 19.661240 -24.324274
v -71.942581 17.536102 -24.094610
v -71.942581 17.536102 -24.094610
v -77.598808 19.847244 -18.249552
v -77.436295 18.075027 -13.768439
v -77.436287 19.064499 -22.562309
v -77.598808 19.847244 -18.249552
v -80.015114 17.156799 -22.798504
v -80.185928 17.979538 -18.265329
v -80.185928 17.979538 -18.265329
v -80.015121 16.116730 -13.555186
v -77.002907 15.954071 -24.090366
v -76.569519 12.412231 -22.264168
v -77.002907 15.954071 -24.090366
v -79.104050 10.164505 -22.485128
v -79.559586 13.887344 -24.404665
v -79.559586 13.887344 -24.404665
v -77.002907 14.372299 -11.791414
v -76.569519 11.100937 -13.168650
v -77.002907 14.372299 -11.791414
v -79.559586 12.224731 -11.477117
v -79.559586 12.224731 -11.477117
v -79.104050 8.786194 -12.924744
v -76.407005 10.479095 -17.632227
v -76.407005 10.479095 -17.632227
v -78.933235 8.132584 -17.616453
v -78.933235 8.132584 -17.616453
v -81.346252 8.495651 -10.786036
v -80.842018 4.689453 -12.388435
v -81.850502 12.803772 -13.086286
v -81.346252 8.495651 -10.786036
v -83.653564 8.218567 -12.795238
v -83.119102 3.652176 -10.357084
v -83.119102 3.652176 -10.357084
v -82.584633 -0.382202 -12.055551
v -80.652924 3.965988 -17.581762
v -80.842018 6.215134 -22.970982
v -80.652924 3.965988 -17.581762
v -82.384216 -1.149078 -17.560234
v -82.384216 -1.149078 -17.560234
v -82.584633 1.234955 -23.272545
v -82.039574 14.865707 -18.300016
v -81.850502 13.955002 -23.317865
v -82.039574 14.865707 -18.300016
v -83.653572 9.438843 -23.640230
v -83.854004 10.404160 -18.321550
v -83.854004 10.404160 -18.321550
v -81.346252 10.336044 -25.095747
v -81.346252 10.336044 -25.095747
v -83.119102 5.602905 -25.524700
v -83.119102 5.602905 -25.524700
v -85.325356 -1.602036 -10.785397
v -84.821083 -5.408569 -12.387939
v -85.829651 2.706467 -13.085852
v -85.325356 -1.602036 -10.785397
v -88.587296 -3.398514 -13.770089
v -88.154076 -7.099808 -11.793844
v -88.154076 -7.099808 -11.793844
v -87.720871 -10.369873 -13.170537
v -84.631973 -6.132141 -17.581734
v -84.821075 -3.882767 -22.971432
v -84.631973 -6.132141 -17.581734
v -87.558403 -10.991440 -17.632355
v -87.558403 -10.991440 -17.632355
v -87.720871 -9.059097 -22.262461
v -86.018745 4.768585 -18.300051
v -85.829651 3.857819 -23.318346
v -86.018745 4.768585 -18.300051
v -88.587288 -2.409409 -22.560484
v -88.749733 -1.626999 -18.249437
v -88.749733 -1.626999 -18.249437
v -85.325356 0.238495 -25.096390
v -85.325356 0.238495 -25.096390
v -88.154076 -5.518677 -24.087940
v -88.154076 -5.518677 -24.087940
v -92.353233 -8.208298 -18.192202
v -92.220909 -9.651215 -14.543783
v -92.220909 -8.845642 -21.703543
v -92.353233 -8.208298 -18.192202
v -97.564972 -14.508438 -20.943401
v -97.670578 -13.999908 -18.141432
v -97.670578 -13.999908 -18.141432
v -97.564987 -15.151306 -15.230079
v -91.868065 -11.378052 -22.947651
v -91.515205 -14.261734 -21.460802
v -91.868065 -11.378052 -22.947651
v -97.001854 -18.830383 -20.749699
v -97.283417 -16.529282 -21.936174
v -97.283417 -16.529282 -21.936174
v -91.868065 -12.665924 -12.934138
v -91.515213 -15.329361 -14.055451
v -91.868065 -12.665924 -12.934138
v -97.283424 -17.556961 -13.945618
v -97.283424 -17.556961 -13.945618
v -97.001854 -19.682327 -14.840401
v -91.382881 -15.835648 -17.689587
v -91.382881 -15.835648 -17.689587
v -96.896263 -20.086349 -17.740358
v -96.896263 -20.086349 -17.740358
v -104.646835 -21.199066 -14.594168
v -104.410980 -22.979416 -15.343701
v -104.882698 -19.183899 -15.670123
v -104.646835 -21.199066 -14.594168
v -111.611946 -22.231293 -15.649775
v -111.373955 -24.264465 -14.564175
v -111.373955 -24.264465 -14.564175
v -111.136002 -26.060806 -15.320426
v -104.322548 -23.317841 -17.772911
v -104.410965 -22.265778 -20.293749
v -104.322548 -23.317841 -17.772911
v -111.046753 -26.402267 -17.771410
v -111.046753 -26.402267 -17.771410
v -111.136002 -25.340759 -20.314838
v -104.971130 -18.219437 -18.108879
v -104.882698 -18.645386 -20.456009
v -104.971130 -18.219437 -18.108879
v -111.611946 -21.687943 -20.478550
v -111.701164 -21.258133 -18.110386
v -111.701164 -21.258133 -18.110386
v -104.646835 -20.338226 -21.287621
v -104.646835 -20.338226 -21.287621
v -111.373955 -23.395905 -21.317619
v -111.373955 -23.395905 -21.317619
v -114.688599 -30.359589 -17.732613
v -114.798271 -29.055161 -20.858185
v -114.798271 -29.939957 -14.720654
v -114.688599 -30.359589 -17.732613
v -116.767807 -35.034393 -14.337739
v -116.645111 -35.503891 -17.707848
v -116.645111 -35.503891 -17.707848
v -116.767792 -34.044342 -21.205074
v -115.492821 -24.038101 -18.149181
v -115.383148 -25.233978 -15.125382
v -115.383148 -24.566254 -21.059366
v -115.492821 -24.038101 -18.149181
v -117.422241 -29.021698 -21.430178
v -117.544952 -28.430725 -18.173946
v -117.544952 -28.430725 -18.173946
v -117.422241 -29.768784 -14.790593
v -115.090714 -26.665161 -22.090475
v -115.090714 -26.665161 -22.090475
v -117.095039 -31.370163 -22.583900
v -117.095039 -31.370163 -22.583900
v -115.090714 -27.732498 -13.791312
v -115.090714 -27.732498 -13.791312
v -117.095039 -32.564438 -13.297893
v -117.095039 -32.564438 -13.297893
v -119.443359 -35.457428 -18.136278
v -119.316330 -36.478973 -15.282319
v -119.316330 -35.846008 -20.885406
v -119.443359 -35.457428 -18.136278
v -120.529205 -41.165314 -19.915636
v -120.819595 -42.076447 -18.051220
v -120.819595 -42.076447 -18.051220
v -120.529205 -41.602203 -16.157290
v -119.066139 -37.921783 -21.833496
v -118.764313 -40.085373 -20.692938
v -119.066139 -37.921783 -21.833496
v -120.160225 -44.012955 -19.774059
v -120.606598 -43.467972 -20.138847
v -120.606598 -43.467972 -20.138847
v -119.066124 -38.923019 -14.048297
v -118.764297 -40.917709 -14.902925
v -119.066124 -38.923019 -14.048297
v -120.606606 -44.033249 -15.742946
v -120.606606 -44.033249 -15.742946
v -120.160210 -44.555527 -15.916603
v -118.688904 -41.387390 -17.745514
v -118.688904 -41.387390 -17.745514
v -120.393623 -45.424774 -17.830572
v -120.393623 -45.424774 -17.830572
v -121.156197 -45.674240 -17.940897
v -121.156197 -45.674240 -17.940897
v -121.156197 -45.674240 -17.940897
v -121.156197 -45.674240 -17.940897
v -15.307776 -7.350708 4.258584
v -18.127094 -10.314529 4.967602
v -17.612295 -4.325363 3.715710
v -15.307776 -7.350708 4.258584
v -17.612295 -4.325363 3.715710
v -17.902615 -6.720047 8.878447
v -15.569274 -9.461563 9.511819
v -18.127094 -10.314529 4.967602
v -18.354568 -12.203110 10.145193
v -34.599091 -7.350693 4.258584
v -32.294575 -4.325363 3.715710
v -31.779770 -10.314499 4.967602
v -34.599091 -7.350693 4.258584
v -31.779770 -10.314499 4.967602
v -31.552296 -12.203079 10.145193
v -34.337593 -9.461548 9.511819
v -32.294575 -4.325363 3.715710
v -34.599091 -7.350693 4.258584
v -34.337593 -9.461548 9.511819
v -32.004250 -6.720016 8.878447
v -24.953432 -11.161423 0.596876
v -24.953432 -11.414963 5.368271
v -24.953432 -11.161423 0.596876
v -24.953432 -11.414963 5.368271
v -24.953432 -11.414963 5.368271
v -24.953436 -13.231155 10.382708
v -24.953432 -3.225830 3.681465
v -24.953432 -3.225830 3.681465
v -24.953432 -3.225830 3.681465
v -24.953432 -5.691956 8.640930
v -33.840042 -11.200180 15.609906
v -31.630417 -8.604034 15.010112
v -31.202423 -13.796387 16.209696
v -33.840042 -11.200180 15.609906
v -30.754450 -14.714920 22.658625
v -33.202980 -12.304871 22.101828
v -33.202980 -12.304871 22.101828
v -31.151764 -9.894806 21.545034
v -24.953432 -14.769943 16.434622
v -18.704441 -13.796387 16.209698
v -19.152418 -14.714951 22.658625
v -24.953436 -15.618713 22.867420
v -24.953432 -7.630432 14.785192
v -18.276449 -8.604034 15.010112
v -24.953436 -8.991043 21.336233
v -18.755108 -9.894806 21.545033
v -16.066826 -11.200195 15.609905
v -16.066826 -11.200195 15.609905
v -16.703886 -12.304886 22.101828
v -16.703886 -12.304886 22.101828
v -32.623447 -12.620239 28.236732
v -30.716328 -10.379517 27.719055
v -30.346928 -14.861008 28.754416
v -32.623447 -12.620239 28.236732
v -30.064474 -14.184937 35.169598
v -32.221775 -12.061539 34.679028
v -32.221775 -12.061539 34.679028
v -30.414528 -9.938126 34.188461
v -24.953436 -15.701279 28.948545
v -19.559944 -14.861008 28.754414
v -19.842396 -14.184937 35.169598
v -24.953436 -14.981216 35.353558
v -24.953436 -9.539215 27.524925
v -19.190542 -10.379532 27.719053
v -24.953436 -9.141861 34.004498
v -19.492338 -9.938126 34.188457
v -17.283421 -12.620239 28.236732
v -17.283421 -12.620239 28.236732
v -17.685093 -12.061539 34.679028
v -17.685093 -12.061539 34.679028
v -24.953432 -7.976166 41.295097
v -19.647148 -8.748459 41.465149
v -30.259722 -8.748459 41.465149
v -30.014643 -8.086823 48.063084
v -24.953436 -7.359955 47.962219
v -19.892225 -8.086807 48.063087
v -17.891132 -10.807953 41.918602
v -19.987280 -12.867462 42.372055
v -17.891132 -10.807953 41.918602
v -18.217314 -10.025116 48.332077
v -18.217314 -10.025116 48.332077
v -20.216650 -11.963394 48.601067
v -32.015743 -10.807968 41.918602
v -29.919588 -12.867462 42.372063
v -32.015743 -10.807968 41.918602
v -29.690218 -11.963394 48.601067
v -31.689560 -10.025131 48.332081
v -31.689560 -10.025131 48.332081
v -24.953436 -13.639771 42.542099
v -24.953432 -12.690247 48.701942
v -30.953928 -10.894440 52.472183
v -29.461929 -9.228760 52.614544
v -29.172935 -12.560104 52.329830
v -30.953928 -10.894440 52.472183
v -28.473314 -15.001816 55.195850
v -29.959013 -13.675323 55.709343
v -29.959013 -13.675323 55.709343
v -28.714388 -12.348831 56.222847
v -24.953432 -13.184708 52.276440
v -20.733938 -12.560104 52.329830
v -21.433554 -15.001816 55.195850
v -24.953436 -15.499252 55.003284
v -24.953436 -8.604172 52.667927
v -20.444941 -9.228775 52.614544
v -24.953436 -11.851395 56.415405
v -21.192476 -12.348831 56.222847
v -18.952938 -10.894440 52.472183
v -18.952938 -10.894440 52.472183
v -19.947857 -13.675323 55.709343
v -19.947857 -13.675323 55.709343
v -24.953436 -19.314011 58.645241
v -27.706863 -18.879181 58.807163
v -22.200008 -18.879196 58.807163
v -23.025465 -21.608856 61.480618
v -24.953432 -22.357376 61.914211
v -26.881401 -21.608856 61.480618
v -24.953436 -16.549393 60.216763
v -22.018274 -16.861389 59.954391
v -27.888594 -16.861420 59.954391
v -26.976955 -20.214508 62.323158
v -24.953432 -20.712143 62.908367
v -22.929916 -20.214508 62.323158
v -21.056416 -17.931686 59.431004
v -21.056416 -17.931686 59.431004
v -22.622143 -21.534760 62.411293
v -22.622143 -21.534760 62.411293
v -28.850458 -17.931686 59.430992
v -28.850458 -17.931686 59.430992
v -27.284725 -21.534790 62.411285
v -27.284725 -21.534790 62.411285
v -24.953436 -22.842361 63.480320
v -24.953436 -22.842361 63.480320
v -33.303642 -14.152985 -14.803983
v -31.152117 -14.273941 -6.755823
v -30.998356 -14.124680 -22.504274
v -33.303642 -14.152985 -14.803983
v -24.917294 -14.137573 -25.365879
v -18.731852 -14.154861 -22.538853
v -24.917294 -14.137573 -25.365879
v -24.928978 -14.327255 -3.789998
v -18.624834 -14.259918 -6.698801
v -24.928978 -14.327255 -3.789998
v -24.855604 -19.788467 -5.927909
v -24.855604 -19.788467 -5.927909
v -16.414265 -14.082275 -14.674839
v -16.414265 -14.082275 -14.674839
v -15.773952 -19.333618 -17.439560
v -15.773952 -19.333618 -17.439560
v -24.960066 -37.623520 -14.540637
v -28.265707 -36.097092 -13.305711
v -24.960066 -37.623520 -14.540637
v -24.960066 -37.623520 -14.540637
v -24.953430 -41.611893 -6.734278
v -28.265707 -36.097092 -13.305711
v -27.308172 -40.507996 -5.696301
v -24.928978 -26.195160 -3.597238
v -28.827505 -27.725571 -5.202601
v -24.928978 -26.195160 -3.597238
v -24.928978 -26.195160 -3.597238
v -28.827505 -27.725571 -5.202601
v -27.787527 -35.543442 2.760441
v -24.953432 -33.201782 3.107215
v -24.928978 -26.195160 -3.597238
v -24.953432 -33.201782 3.107215
v -29.773611 -31.909698 -9.394121
v -29.773611 -31.909698 -9.394121
v -28.510944 -37.648590 -2.642839
v -21.873850 -45.399078 4.178792
v -22.950348 -47.720947 1.462756
v -21.921440 -44.096252 9.035457
v -22.439505 -51.609680 14.693185
v -21.944849 -53.372009 10.505677
v -22.974852 -55.470825 7.790672
v -28.033018 -45.399109 4.178792
v -27.985426 -44.096252 9.035458
v -26.956516 -47.720947 1.462756
v -26.932013 -55.470825 7.790673
v -27.962017 -53.371964 10.505677
v -27.467365 -51.609711 14.693185
v -24.953436 -48.644989 0.571391
v -24.953436 -48.644989 0.571391
v -24.953436 -56.278275 6.851313
v -24.953436 -56.278275 6.851313
v -24.953432 -40.576767 13.614001
v -23.292768 -42.156647 14.192570
v -26.614098 -42.156647 14.192570
v -24.953432 -40.576767 13.614001
v -24.953432 -40.576767 13.614001
v -26.614098 -42.156647 14.192570
v -25.961344 -49.950195 24.060411
v -24.953436 -48.959518 24.110680
v -23.292768 -42.156647 14.192570
v -24.953432 -40.576767 13.614001
v -24.953436 -48.959518 24.110680
v -23.945520 -49.950195 24.060411
v -27.467365 -51.609711 14.693185
v -27.962017 -53.371964 10.505677
v -28.014967 -60.333176 15.773397
v -27.384829 -58.791306 18.865667
v -26.932013 -55.470825 7.790673
v -26.990215 -61.959686 12.835976
v -27.037312 -68.638351 16.914379
v -28.079718 -67.256790 20.008173
v -27.416874 -65.875244 23.101965
v -24.953436 -56.278275 6.851313
v -24.953432 -62.571808 11.748371
v -22.974852 -55.470825 7.790672
v -22.916651 -61.959686 12.835976
v -22.869555 -68.638367 16.914377
v -24.953436 -69.156464 15.754206
v -24.953436 -69.156464 15.754206
v -22.439505 -51.609680 14.693185
v -24.953430 -53.183853 17.269138
v -24.953430 -58.386017 20.120674
v -22.522036 -58.791306 18.865665
v -24.953430 -53.183853 17.269138
v -24.953430 -58.386017 20.120674
v -24.953432 -65.357178 24.262142
v -24.953432 -65.357178 24.262142
v -22.489990 -65.875275 23.101965
v -21.944849 -53.372009 10.505677
v -21.891899 -60.333206 15.773397
v -21.827150 -67.256790 20.008171
v -24.953432 -72.508835 27.090666
v -22.503063 -73.199966 26.064718
v -27.403809 -73.199936 26.064714
v -24.953432 -72.508835 27.090666
v -27.309282 -79.641907 29.022089
v -24.953436 -78.723007 29.836765
v -24.953436 -78.723007 29.836765
v -22.597582 -79.641922 29.022089
v -21.843733 -75.042862 23.328848
v -22.880610 -76.885818 20.592976
v -21.963692 -82.092453 26.849634
v -22.960567 -84.542999 24.677183
v -28.063133 -75.042862 23.328848
v -27.026262 -76.885788 20.592976
v -26.946299 -84.542969 24.677179
v -27.943174 -82.092484 26.849638
v -24.953436 -77.576904 19.567022
v -24.953436 -77.576904 19.567022
v -24.953436 -85.461945 23.862511
v -24.953436 -85.461945 23.862511
v -27.751890 -86.877991 31.620522
v -27.158552 -84.264221 33.421745
v -26.818796 -89.491852 29.819302
v -26.757198 -93.314514 35.820805
v -27.659481 -90.662994 37.351986
v -27.085739 -88.011444 38.883167
v -24.953432 -90.471985 29.143839
v -23.088078 -89.491852 29.819302
v -24.953432 -90.471985 29.143839
v -23.149670 -93.314545 35.820801
v -24.953432 -94.308807 35.246605
v -24.953432 -94.308807 35.246605
v -24.953436 -83.284027 34.097206
v -22.748314 -84.264221 33.421741
v -24.953436 -83.284027 34.097206
v -24.953436 -87.017120 39.457363
v -24.953436 -87.017120 39.457363
v -22.821125 -88.011444 38.883167
v -22.154980 -86.878021 31.620522
v -22.247383 -90.662994 37.351986
v -24.953436 -98.834900 41.792309
v -26.839495 -97.732025 42.232491
v -23.067375 -97.732025 42.232491
v -24.953436 -98.834900 41.792309
v -22.997252 -101.319885 48.453289
v -24.953436 -102.514557 48.213619
v -24.953436 -102.514557 48.213619
v -26.909618 -101.319916 48.453289
v -24.953436 -90.746613 45.020306
v -22.723846 -91.849579 44.580124
v -27.183020 -91.849579 44.580124
v -24.953436 -90.746613 45.020306
v -27.265921 -94.948364 49.731529
v -24.953436 -93.753754 49.971210
v -24.953436 -93.753754 49.971210
v -22.640949 -94.948364 49.731529
v -22.123928 -94.790771 43.406307
v -22.018724 -98.134125 49.092411
v -27.782942 -94.790771 43.406307
v -27.888145 -98.134125 49.092415
v -24.953436 -95.143738 53.873535
v -22.749939 -96.291901 53.891113
v -27.156929 -96.291870 53.891113
v -24.953436 -95.143738 53.873535
v -26.983145 -95.917297 57.906754
v -24.953436 -94.861877 57.722008
v -24.953436 -94.861877 57.722008
v -22.923723 -95.917297 57.906754
v -22.157042 -99.353546 53.938000
v -23.089445 -102.415222 53.984890
v -22.377586 -98.731842 58.399368
v -23.236462 -101.546326 58.891991
v -27.749828 -99.353516 53.938007
v -26.817425 -102.415222 53.984890
v -26.670410 -101.546326 58.891991
v -27.529282 -98.731842 58.399357
v -24.953432 -103.563324 54.002483
v -24.953432 -103.563324 54.002483
v -24.953436 -102.601807 59.076717
v -24.953436 -102.601807 59.076717
v -27.409739 -97.148193 63.127556
v -26.888945 -94.432617 62.767586
v -26.590727 -99.863800 63.487534
v -26.501392 -98.814850 68.514610
v -27.275717 -96.244995 68.624207
v -26.783342 -93.675140 68.733803
v -24.953436 -100.882050 63.622532
v -23.316139 -99.863800 63.487534
v -24.953436 -100.882050 63.622532
v -23.405476 -98.814819 68.514618
v -24.953436 -99.778564 68.473518
v -24.953436 -99.778564 68.473518
v -24.953436 -93.414307 62.632584
v -23.017920 -94.432587 62.767590
v -24.953436 -93.414307 62.632584
v -24.953432 -92.711426 68.774902
v -24.953432 -92.711426 68.774902
v -23.123529 -93.675110 68.733803
v -22.497128 -97.148163 63.127563
v -22.631147 -96.244995 68.624207
v -24.953436 -94.373688 76.044113
v -23.338541 -95.191528 75.835411
v -26.568323 -95.191528 75.835411
v -24.953436 -94.373688 76.044113
v -26.353310 -98.136902 83.910622
v -24.953432 -97.457581 84.183739
v -24.953432 -97.457581 84.183739
v -23.553560 -98.136902 83.910622
v -22.904022 -97.372314 75.278893
v -23.587362 -99.553131 74.722374
v -23.176897 -99.948517 83.182350
v -23.769249 -101.760162 82.454048
v -27.002846 -97.372314 75.278893
v -26.319506 -99.553162 74.722374
v -26.137617 -101.760162 82.454048
v -26.729973 -99.948547 83.182335
v -24.953436 -100.371002 74.513672
v -24.953436 -100.371002 74.513672
v -24.953436 -102.439545 82.180939
v -24.953436 -102.439545 82.180939
v -23.305738 -102.912964 92.354546
v -23.855131 -104.636810 91.840782
v -23.655087 -101.189240 92.868309
v -23.720703 -103.508789 103.091690
v -23.389015 -105.221069 102.831535
v -23.910641 -106.933289 102.571381
v -26.601130 -102.913025 92.354546
v -26.251785 -101.189240 92.868309
v -26.051733 -104.636810 91.840782
v -25.996229 -106.933289 102.571388
v -26.517853 -105.221100 102.831535
v -26.186161 -103.508820 103.091698
v -24.953432 -105.283203 91.648117
v -24.953432 -105.283203 91.648117
v -24.953436 -107.575409 102.473816
v -24.953436 -107.575409 102.473816
v -24.953432 -100.542786 93.060974
v -24.953432 -100.542786 93.060974
v -24.953432 -102.866760 103.189270
v -24.953432 -102.866760 103.189270
v -26.366489 -106.289673 114.383865
v -26.066893 -104.752014 114.695847
v -25.895332 -107.827423 114.071877
v -25.794439 -108.656952 125.159737
v -26.215128 -107.366333 125.704048
v -25.947620 -106.075745 126.248314
v -24.953432 -108.404053 113.954887
v -24.011536 -107.827423 114.071892
v -24.953432 -108.404053 113.954887
v -24.112427 -108.656952 125.159752
v -24.953436 -109.140961 124.955658
v -24.953436 -109.140961 124.955658
v -24.953432 -104.175323 114.812843
v -23.839975 -104.751984 114.695862
v -24.953432 -104.175323 114.812843
v -24.953432 -105.591766 126.452446
v -24.953432 -105.591766 126.452446
v -23.959248 -106.075745 126.248322
v -23.540379 -106.289673 114.383850
v -23.691742 -107.366333 125.704048
v -24.953436 -108.311493 136.644760
v -24.011744 -108.728302 136.362564
v -25.895128 -108.728333 136.362564
v -24.953436 -108.311493 136.644760
v -25.885492 -112.822235 145.382385
v -24.953436 -112.442719 145.713501
v -24.953436 -112.442719 145.713501
v -24.021376 -112.822235 145.382370
v -23.758356 -109.839874 135.610016
v -24.156836 -110.951385 134.857483
v -23.770584 -113.834259 144.499390
v -24.164986 -114.846283 143.616379
v -26.148510 -109.839844 135.610016
v -25.750038 -110.951355 134.857483
v -25.741886 -114.846283 143.616379
v -26.136288 -113.834229 144.499390
v -24.953436 -111.368195 134.575272
v -24.953436 -111.368195 134.575272
v -24.953436 -115.225830 143.285278
v -24.953436 -115.225830 143.285278
v -26.080925 -118.762939 152.609360
v -25.837788 -117.768463 153.409195
v -25.708027 -119.627350 151.627625
v -25.557737 -122.699677 156.578873
v -25.732990 -122.637451 158.203140
v -25.629160 -121.256042 157.981995
v -24.953436 -120.041748 151.383774
v -24.198841 -119.627350 151.627625
v -24.953436 -120.041748 151.383774
v -24.349129 -122.699677 156.578873
v -24.953432 -123.516602 157.348587
v -24.953432 -123.516602 157.348587
v -24.953436 -117.484131 153.834991
v -24.069080 -117.768463 153.409180
v -24.953436 -117.484131 153.834991
v -24.953436 -121.758240 159.057678
v -24.953436 -121.758240 159.057678
v -24.277710 -121.256042 157.981995
v -23.825943 -118.762909 152.609360
v -24.173880 -122.637451 158.203140
v -24.953436 -124.021576 160.139450
v -24.953436 -124.021576 160.139450
v -15.077436 -31.141083 -17.066900
v -13.759874 -26.348740 -14.798326
v -15.077436 -31.141083 -17.066900
v -11.596112 -35.482956 -18.169437
v -13.759874 -26.348740 -14.798326
v -9.907979 -31.723038 -16.355194
v -15.223909 -31.001907 -30.839611
v -13.801661 -26.285797 -26.083010
v -15.223909 -31.001907 -30.839611
v -13.801661 -26.285797 -26.083010
v -9.907979 -31.723038 -25.841396
v -11.596111 -35.482956 -29.963696
v -13.153043 -24.621536 -19.219059
v -13.153043 -24.621536 -19.219059
v -13.153043 -24.621536 -19.219059
v -9.274929 -30.313034 -19.985191
v -13.153043 -24.621536 -19.219059
v -9.274929 -30.313034 -19.985191
v -6.847908 -41.542618 -18.690580
v -5.043919 -38.214691 -17.036663
v -8.651899 -44.870529 -23.276854
v -2.976935 -51.743607 -23.319897
v -1.083091 -48.738968 -18.983604
v 0.810753 -45.734329 -17.419834
v -6.847908 -41.542618 -29.442551
v -8.651898 -44.870529 -30.268192
v -5.043919 -38.214691 -25.684555
v 0.810753 -45.734329 -25.596365
v -1.083090 -48.738968 -29.149530
v -2.976934 -51.743607 -29.930170
v -9.328395 -46.118484 -27.787254
v -9.328395 -46.118484 -27.787254
v -3.687125 -52.870316 -27.584457
v -3.687125 -52.870316 -27.584457
v -4.367422 -36.966721 -20.345875
v -4.367422 -36.966721 -20.345875
v 1.520944 -44.607620 -20.548676
v 1.520944 -44.607620 -20.548676
v 5.087306 -56.606415 -28.975985
v 2.939952 -59.232437 -29.729975
v 7.234661 -53.980423 -25.544136
v 12.816203 -62.347733 -25.587095
v 10.497246 -64.930145 -29.118727
v 8.178287 -67.512497 -29.894634
v 2.134694 -60.217224 -27.464350
v 2.939952 -59.232437 -23.345392
v 2.134694 -60.217224 -27.464350
v 7.308676 -68.480896 -27.563139
v 7.308676 -68.480896 -27.563139
v 8.178285 -67.512451 -23.324425
v 8.039918 -52.995605 -20.668787
v 7.234660 -53.980392 -17.646772
v 8.039918 -52.995605 -20.668787
v 12.816201 -62.347733 -17.460121
v 13.685812 -61.379379 -20.570000
v 13.685812 -61.379379 -20.570000
v 5.087306 -56.606400 -19.157148
v 10.497243 -64.930115 -19.014414
v 17.423948 -69.067322 -20.184456
v 16.615137 -70.255310 -25.754759
v 16.615135 -70.255310 -16.731670
v 17.423948 -69.067322 -20.184456
v 20.566866 -77.520935 -16.249163
v 21.249105 -76.118774 -19.929079
v 21.249105 -76.118774 -19.929079
v 20.566868 -77.520981 -25.865807
v 14.438569 -73.465851 -18.441730
v 12.164531 -76.750305 -23.157080
v 16.189449 -86.791351 -22.335938
v 18.668619 -81.451309 -17.963995
v 14.438570 -73.465866 -29.685974
v 12.164532 -76.750290 -30.554895
v 18.668619 -81.451309 -30.091301
v 16.189449 -86.791351 -30.991344
v 11.221191 -77.818588 -27.850975
v 11.221191 -77.818588 -27.850975
v 13.852682 -86.425446 -27.309084
v 13.852682 -86.425446 -27.309084
v 25.032219 -87.840637 -29.727516
v 23.442408 -92.516663 -30.758591
v 26.553997 -84.017792 -25.761377
v 33.372204 -89.440826 -25.583097
v 32.236263 -92.912750 -29.096378
v 31.076075 -97.395386 -29.482868
v 14.941279 -91.923859 -24.757721
v 17.040741 -93.067474 -20.971666
v 17.040743 -93.067444 -28.112770
v 14.941279 -91.923859 -24.757721
v 14.941279 -91.923859 -24.757721
v 17.040743 -93.067444 -28.112770
v 17.593636 -96.753357 -23.985794
v 15.700626 -95.701996 -20.953886
v 17.040741 -93.067474 -20.971666
v 14.941279 -91.923859 -24.757721
v 15.700626 -95.701996 -20.953886
v 17.593636 -96.753418 -17.596886
v 27.116898 -82.641922 -20.169237
v 26.553997 -84.017822 -16.702915
v 27.116898 -82.641922 -20.169237
v 33.372196 -89.440826 -17.477493
v 33.796715 -88.188690 -20.579197
v 33.796715 -88.188690 -20.579197
v 25.032215 -87.840698 -18.155035
v 23.442408 -92.516663 -20.704966
v 31.076077 -97.395386 -22.360363
v 32.236259 -92.912720 -18.897608
v 38.887249 -96.678802 -28.837040
v 38.196781 -100.215179 -29.561247
v 39.541889 -93.369873 -25.499720
v 45.569321 -95.103668 -25.487806
v 45.274136 -98.594635 -28.858183
v 44.394836 -103.494019 -29.933100
v 32.848358 -99.726624 -26.219158
v 37.963345 -101.557343 -27.227152
v 38.196777 -100.215179 -23.287741
v 32.848358 -99.726624 -26.219158
v 37.963345 -101.557343 -27.227152
v 42.418694 -104.747864 -27.455645
v 42.418694 -104.747864 -27.455645
v 44.394844 -103.494019 -23.619394
v 39.782024 -92.155029 -20.770935
v 39.541893 -93.369873 -17.839767
v 39.782024 -92.155029 -20.770935
v 45.569317 -95.103668 -17.891520
v 45.648781 -93.867828 -20.798330
v 45.648781 -93.867828 -20.798330
v 38.887245 -96.678802 -19.293163
v 45.274136 -98.594635 -19.346272
v 52.552460 -93.385040 -20.812283
v 52.524994 -94.620667 -25.481737
v 52.524994 -94.620667 -17.917896
v 52.552460 -93.385040 -20.812283
v 61.750534 -94.900787 -18.102512
v 61.884312 -93.758942 -20.909998
v 61.884312 -93.758942 -20.909998
v 61.750534 -94.900787 -25.439249
v 52.279041 -98.097229 -19.295601
v 50.931667 -102.655548 -22.664759
v 59.174263 -102.107300 -23.636459
v 61.207764 -98.055328 -19.506962
v 52.279034 -98.097229 -28.874567
v 50.931667 -102.655518 -30.355061
v 61.207764 -98.055328 -28.702971
v 59.174271 -102.107300 -29.799086
v 47.870674 -107.063995 -24.808155
v 51.630375 -106.597107 -25.554220
v 44.236771 -107.619263 -25.555586
v 47.870674 -107.063995 -24.808155
v 44.236771 -107.619263 -25.555586
v 42.638680 -110.839600 -26.250351
v 45.069500 -110.826874 -25.732260
v 51.630375 -106.597107 -25.554220
v 47.500313 -110.814148 -26.250353
v 72.656067 -101.251953 -28.289839
v 71.496140 -103.785339 -28.977995
v 73.743156 -98.782806 -25.333450
v 85.350937 -105.539612 -25.175579
v 83.709480 -107.320221 -27.751408
v 82.068008 -109.100739 -28.317326
v 60.724438 -103.351776 -27.349461
v 71.196312 -104.737518 -26.999048
v 71.496140 -103.785339 -23.469437
v 60.724438 -103.351776 -27.349461
v 71.196312 -104.737518 -26.999048
v 81.452461 -109.768463 -26.616827
v 81.452461 -109.768463 -26.616827
v 82.068008 -109.100739 -23.525284
v 74.136185 -97.864319 -21.153292
v 73.743156 -98.782837 -18.562202
v 74.136185 -97.864319 -21.153292
v 85.350937 -105.539612 -19.248104
v 85.966492 -104.871887 -21.516323
v 85.966492 -104.871887 -21.516323
v 72.656075 -101.251984 -19.862509
v 83.709480 -107.320190 -20.381741
v 89.318825 -116.358643 -26.135038
v 89.862694 -115.785217 -23.617577
v 89.862694 -115.785278 -27.533260
v 89.318825 -116.358643 -26.135038
v 93.993843 -120.113617 -26.561998
v 94.428337 -121.224579 -25.333979
v 94.428337 -121.224579 -25.333979
v 93.993843 -120.113617 -23.708975
v 93.820015 -112.808899 -21.998117
v 93.146439 -113.196075 -24.960110
v 93.146439 -113.196075 -20.155355
v 93.820015 -112.808899 -21.998117
v 96.398994 -118.318939 -21.335264
v 97.280121 -119.096619 -22.799175
v 97.280121 -119.096619 -22.799175
v 96.398994 -118.318939 -24.660069
v 91.569412 -114.583801 -21.077887
v 95.854218 -120.160614 -22.235321
v 91.569412 -114.583801 -27.055271
v 95.854225 -120.160614 -25.897831
v 97.234688 -122.142334 -24.066576
v 97.234688 -122.142334 -24.066576
v 52.968819 -106.550629 -27.587648
v 51.630375 -106.597107 -29.518532
v 52.968819 -106.550629 -27.587648
v 52.968819 -106.550629 -27.587648
v 48.411865 -110.809387 -27.631931
v 51.630375 -106.597107 -29.518532
v 52.968819 -106.550629 -27.587648
v 48.411865 -110.809387 -27.631931
v 47.500313 -110.814178 -29.013510
v 47.870674 -107.063995 -30.191807
v 44.236771 -107.619263 -29.531988
v 47.870674 -107.063995 -30.191807
v 45.069492 -110.826874 -29.531603
v 44.236771 -107.619263 -29.531988
v 42.638676 -110.839600 -29.013510
v 42.907253 -107.870880 -27.600239
v 42.907253 -107.870880 -27.600239
v 42.907253 -107.870880 -27.600239
v 41.727119 -110.844360 -27.631931
v 42.907253 -107.870880 -27.600239
v 41.727119 -110.844360 -27.631931
v 44.516201 -113.760498 -26.051151
v 46.450436 -113.540039 -26.482271
v 42.581966 -113.980896 -26.482273
v 45.983669 -117.264893 -26.515402
v 47.467110 -116.405914 -26.096701
v 48.950554 -115.546967 -26.515404
v 41.856625 -114.063599 -27.631937
v 42.581966 -113.980896 -28.781593
v 41.856625 -114.063599 -27.631937
v 45.983669 -117.264923 -28.748465
v 45.427376 -117.587036 -27.631933
v 45.427376 -117.587036 -27.631933
v 44.516201 -113.760498 -29.212719
v 46.450436 -113.540070 -28.781593
v 48.950546 -115.546997 -28.748465
v 47.467110 -116.405975 -29.167164
v 47.175766 -113.457397 -27.631937
v 47.175766 -113.457397 -27.631937
v 49.506844 -115.224854 -27.631933
v 49.506844 -115.224854 -27.631933
v 53.952103 -119.164948 -29.102547
v 53.133518 -120.480042 -28.700645
v 54.561489 -117.781128 -28.700645
v 59.109612 -119.640381 -28.469332
v 59.978149 -121.234650 -28.652840
v 58.724865 -122.131744 -28.469332
v 54.907619 -117.295959 -27.631931
v 54.561485 -117.781128 -26.563217
v 54.907619 -117.295959 -27.631931
v 59.109615 -119.640442 -26.794537
v 60.088867 -119.661011 -27.631931
v 60.088867 -119.661011 -27.631931
v 53.952103 -119.164948 -26.161320
v 53.133518 -120.480042 -26.563217
v 58.724865 -122.131744 -26.794535
v 59.978149 -121.234650 -26.611032
v 52.996578 -121.033936 -27.631933
v 52.996578 -121.033936 -27.631933
v 59.867432 -122.808289 -27.631931
v 59.867432 -122.808289 -27.631931
v 62.204563 -121.966156 -27.631931
v 62.204563 -121.966156 -27.631931
v -79.364532 -86.506683 -38.437168
v -78.693855 -85.467773 -35.964256
v -79.364532 -86.506683 -38.437168
v -79.364532 -86.506683 -38.437168
v -78.493813 -89.936584 -38.431931
v -78.693855 -85.467773 -35.964256
v -79.364532 -86.506683 -38.437168
v -78.493813 -89.936584 -38.431931
v -78.007225 -89.620636 -37.129173
v -74.293419 -79.139175 -38.070415
v -74.974472 -79.988678 -35.898540
v -74.293419 -79.139175 -38.070415
v -74.293419 -79.139175 -38.070415
v -74.974472 -79.988678 -35.898540
v -75.412132 -87.935547 -37.079189
v -74.925545 -87.619629 -38.210037
v -74.293419 -79.139175 -38.070415
v -74.925545 -87.619629 -38.210037
v -76.839706 -82.724701 -35.091087
v -76.839706 -82.724701 -35.091087
v -76.709679 -88.778137 -36.647884
v -76.431381 -94.333679 -39.397869
v -77.557892 -94.419220 -39.191956
v -75.304855 -94.248138 -39.016392
v -74.380188 -100.278137 -38.961388
v -75.482277 -100.255493 -39.312698
v -76.584373 -100.232941 -39.123070
v -77.980339 -94.451294 -38.392395
v -77.557892 -94.419189 -37.553883
v -77.980339 -94.451294 -38.392395
v -76.997658 -100.224457 -38.386749
v -76.997658 -100.224457 -38.386749
v -76.584381 -100.232941 -37.614555
v -76.431374 -94.333679 -37.244099
v -75.304855 -94.248138 -37.521713
v -75.482277 -100.255493 -37.329281
v -74.380196 -100.278107 -37.584934
v -74.882401 -94.216003 -38.249565
v -74.882401 -94.216003 -38.249565
v -73.966911 -100.286591 -38.255226
v -73.966911 -100.286591 -38.255226
v -73.707253 -107.242126 -37.336304
v -72.612961 -107.264648 -37.590153
v -74.801529 -107.219757 -37.619560
v -73.899567 -114.303284 -37.654613
v -72.859970 -114.324615 -37.385513
v -71.820374 -114.345886 -37.626671
v -72.202614 -107.273041 -38.255692
v -72.612961 -107.264618 -38.956848
v -72.202614 -107.273041 -38.255692
v -71.430527 -114.353912 -38.258949
v -71.430527 -114.353912 -38.258949
v -71.820374 -114.345886 -38.925076
v -73.707253 -107.242126 -39.305668
v -74.801529 -107.219757 -39.117386
v -72.859978 -114.324646 -39.256462
v -73.899567 -114.303314 -39.077591
v -75.211868 -107.211304 -38.386284
v -75.211868 -107.211304 -38.386284
v -74.289421 -114.295288 -38.383018
v -74.289421 -114.295288 -38.383018
v -73.118279 -120.425018 -38.266411
v -73.459747 -120.421967 -38.852448
v -73.459747 -120.421967 -37.710148
v -73.118279 -120.425018 -38.266411
v -75.706520 -125.540497 -37.793625
v -75.422417 -125.514862 -38.273872
v -75.422417 -125.514862 -38.273872
v -75.706520 -125.540497 -38.779823
v -74.370369 -120.413788 -39.143997
v -75.280983 -120.405579 -38.986626
v -76.464172 -125.608856 -39.031528
v -77.221817 -125.677185 -38.895664
v -75.622459 -120.402496 -38.375565
v -75.280983 -120.405579 -37.734734
v -75.622459 -120.402496 -38.375565
v -77.505936 -125.702850 -38.368107
v -77.505936 -125.702850 -38.368107
v -77.221817 -125.677185 -37.814850
v -74.370369 -120.413788 -37.497986
v -76.464172 -125.608856 -37.610451
v -77.081093 -130.298004 -38.982323
v -77.723282 -130.531311 -38.855869
v -76.438919 -130.064758 -38.748047
v -75.628113 -134.472443 -38.743507
v -76.220718 -134.837769 -38.975300
v -76.813324 -135.203156 -38.850182
v -77.964096 -130.618774 -38.364845
v -77.723282 -130.531281 -37.849903
v -77.964096 -130.618774 -38.364845
v -77.035553 -135.340179 -38.364384
v -77.035553 -135.340179 -38.364384
v -76.813316 -135.203125 -37.854912
v -77.081093 -130.298035 -37.659657
v -76.438919 -130.064758 -37.830147
v -76.220711 -134.837799 -37.666691
v -75.628113 -134.472473 -37.835361
v -76.198097 -129.977295 -38.277138
v -76.198097 -129.977295 -38.277138
v -75.405891 -134.335449 -38.277599
v -75.405891 -134.335449 -38.277599
v -74.372711 -139.634857 -37.666691
v -73.757378 -139.280457 -37.835369
v -74.988052 -139.989258 -37.854908
v -72.589188 -145.608337 -37.854912
v -71.927155 -145.328247 -37.666695
v -71.265114 -145.048279 -37.835361
v -73.526627 -139.147644 -38.277603
v -73.757385 -139.280457 -38.743507
v -73.526627 -139.147644 -38.277603
v -71.016853 -144.943207 -38.277603
v -71.016853 -144.943207 -38.277603
v -71.265114 -145.048248 -38.743511
v -74.372711 -139.634857 -38.975300
v -74.988052 -139.989227 -38.850185
v -71.927155 -145.328247 -38.975300
v -72.589188 -145.608337 -38.850182
v -75.218796 -140.122131 -38.364384
v -75.218796 -140.122131 -38.364384
v -72.837448 -145.713318 -38.364384
v -72.837448 -145.713318 -38.364384
v -69.357506 -151.948151 -38.947758
v -70.043137 -152.094757 -38.826439
v -68.733559 -151.629395 -38.726501
v -67.284035 -156.038971 -38.643330
v -67.486755 -157.090118 -38.756092
v -68.315117 -156.395264 -38.712444
v -70.258522 -152.268311 -38.362556
v -70.043137 -152.094757 -37.875957
v -70.258522 -152.268311 -38.362556
v -68.115273 -157.307343 -38.349850
v -68.115273 -157.307343 -38.349850
v -68.315117 -156.395294 -37.976879
v -69.357506 -151.948151 -37.694237
v -68.733559 -151.629395 -37.855076
v -67.486755 -157.090088 -37.885899
v -67.284035 -156.038971 -37.951324
v -68.456490 -151.628021 -38.279427
v -68.456490 -151.628021 -38.279427
v -66.858231 -156.872925 -38.292145
v -66.858231 -156.872925 -38.292145
v -66.830276 -158.922150 -38.320992
v -66.830276 -158.922150 -38.320992
v -24.953432 -97.292175 -124.025665
v -23.169769 -98.285706 -124.923576
v -24.953432 -97.292175 -124.025665
v -23.826351 -100.690521 -134.839203
v -24.953436 -99.973175 -134.470566
v -24.953436 -99.973175 -134.470566
v -22.555466 -101.029205 -127.586945
v -23.180449 -103.789093 -130.146210
v -23.826353 -104.516602 -136.805222
v -23.403698 -102.603577 -135.822205
v -24.953432 -104.797241 -131.096695
v -24.953432 -104.797241 -131.096695
v -24.953432 -105.233978 -137.173843
v -24.953432 -105.233978 -137.173843
v -26.093014 -103.306732 -145.328156
v -25.782221 -104.859558 -145.366302
v -25.782221 -101.753876 -145.289963
v -25.700394 -102.398071 -155.152664
v -25.980507 -103.802368 -154.695724
v -25.700394 -105.206696 -154.238831
v -24.953436 -101.171600 -145.275665
v -24.124651 -101.753876 -145.289963
v -24.953436 -101.171600 -145.275665
v -24.206478 -102.398071 -155.152664
v -24.953436 -101.871429 -155.323975
v -24.953436 -101.871429 -155.323975
v -23.813852 -103.306732 -145.328125
v -24.124651 -104.859558 -145.366302
v -24.206474 -105.206696 -154.238831
v -23.926367 -103.802368 -154.695724
v -24.953432 -105.441864 -145.380630
v -24.953432 -105.441864 -145.380630
v -24.953436 -105.733337 -154.067505
v -24.953436 -105.733337 -154.067505
v -23.942625 -105.118408 -162.812653
v -24.218300 -103.748383 -163.460907
v -24.218300 -106.488403 -162.164429
v -24.163820 -108.883820 -169.291611
v -23.867718 -107.414185 -170.018936
v -24.163820 -105.944519 -170.746246
v -24.953430 -107.002167 -161.921326
v -25.688574 -106.488403 -162.164413
v -24.953430 -107.002167 -161.921326
v -25.743046 -108.883820 -169.291626
v -24.953436 -109.434937 -169.018890
v -24.953436 -109.434937 -169.018890
v -25.964245 -105.118439 -162.812653
v -25.688572 -103.748383 -163.460892
v -25.743042 -105.944519 -170.746277
v -26.039156 -107.414185 -170.018936
v -24.953432 -103.234619 -163.704010
v -24.953432 -103.234619 -163.704010
v -24.953436 -105.393433 -171.018997
v -24.953436 -105.393433 -171.018997
v -26.211592 -110.564880 -176.825638
v -25.868456 -112.267975 -175.982773
v -25.868456 -108.861847 -177.668472
v -25.960018 -112.303192 -183.902451
v -26.337486 -114.176697 -182.975281
v -25.960018 -116.050140 -182.048111
v -24.953436 -108.223175 -177.984543
v -24.038408 -108.861847 -177.668472
v -24.953436 -108.223175 -177.984543
v -23.946848 -112.303192 -183.902451
v -24.953436 -111.600616 -184.250168
v -24.953436 -111.600616 -184.250168
v -23.695274 -110.564880 -176.825623
v -24.038408 -112.268005 -175.982773
v -23.946848 -116.050140 -182.048111
v -23.569380 -114.176697 -182.975281
v -24.953432 -112.906616 -175.666702
v -24.953432 -112.906616 -175.666702
v -24.953436 -116.752777 -181.700424
v -24.953436 -116.752777 -181.700424
v -26.244869 -117.671753 -187.945969
v -25.894127 -119.382782 -187.030197
v -25.894127 -115.881042 -188.763153
v -25.655968 -118.402069 -191.207153
v -25.796019 -120.113770 -191.060165
v -25.655968 -121.017212 -189.912933
v -24.953436 -115.268066 -189.135513
v -24.012739 -115.881042 -188.763153
v -24.953436 -115.268066 -189.135513
v -24.250902 -118.402069 -191.207138
v -24.953432 -118.545593 -191.836288
v -24.953432 -118.545593 -191.836288
v -23.661999 -117.671753 -187.945999
v -24.012735 -119.382782 -187.030197
v -24.250902 -121.017212 -189.912903
v -24.110847 -120.113770 -191.060150
v -24.953432 -120.075500 -186.756454
v -24.953432 -120.075500 -186.756454
v -24.953432 -121.682068 -190.284058
v -24.953432 -121.682068 -190.284058
v -24.953432 -120.961975 -192.109772
v -24.953432 -120.961975 -192.109772
v -24.953432 -103.070190 -91.728432
v -27.879393 -103.018036 -89.923035
v -22.027479 -103.018036 -89.923035
v -24.953432 -103.070190 -91.728432
v -24.953432 -103.070190 -91.728432
v -22.027479 -103.018036 -89.923035
v -22.737265 -106.842712 -89.093094
v -24.953432 -106.803284 -90.445351
v -27.879393 -103.018036 -89.923035
v -27.169603 -106.842743 -89.093102
v -28.904968 -103.040497 -85.046776
v -28.904968 -103.040497 -85.046776
v -28.904968 -103.040497 -85.046776
v -28.000673 -106.947845 -85.487099
v -28.904968 -103.040497 -85.046776
v -28.000673 -106.947845 -85.487099
v -21.001902 -103.040497 -85.046776
v -21.001902 -103.040497 -85.046776
v -21.001902 -103.040497 -85.046776
v -21.906197 -106.947876 -85.487068
v -21.001902 -103.040497 -85.046776
v -21.906197 -106.947876 -85.487068
v -27.277908 -111.084167 -85.281174
v -26.643963 -111.410919 -82.588440
v -26.643963 -110.757385 -87.973930
v -27.277908 -111.084167 -85.281174
v -26.248720 -114.734406 -89.480263
v -26.734457 -115.350494 -87.609856
v -26.734457 -115.350494 -87.609856
v -26.248722 -115.966614 -85.739471
v -22.628960 -111.084137 -85.281174
v -23.262909 -110.757385 -87.973930
v -23.262909 -111.410919 -82.588440
v -22.628960 -111.084137 -85.281174
v -23.658146 -115.966644 -85.739471
v -23.172413 -115.350494 -87.609848
v -23.172413 -115.350494 -87.609848
v -23.658146 -114.734436 -89.480255
v -24.953436 -111.533417 -81.578674
v -24.953436 -111.533417 -81.578674
v -24.953436 -116.197662 -85.038071
v -24.953436 -116.197662 -85.038071
v -24.953436 -110.634827 -88.983688
v -24.953436 -110.634827 -88.983688
v -24.953436 -114.503357 -90.181664
v -24.953436 -114.503357 -90.181664
v -23.589851 -119.511749 -94.969849
v -23.961739 -118.635681 -96.020569
v -23.961735 -120.387787 -93.919128
v -23.589851 -119.511749 -94.969849
v -24.189123 -123.893372 -103.875084
v -23.902508 -122.912231 -104.347046
v -23.902508 -122.912231 -104.347046
v -24.189123 -121.931122 -104.819023
v -24.953436 -120.716339 -93.525124
v -25.945131 -120.387787 -93.919128
v -24.953436 -120.716339 -93.525124
v -25.717745 -123.893341 -103.875084
v -24.953436 -124.261261 -103.698120
v -24.953436 -124.261261 -103.698120
v -24.953436 -118.307159 -96.414581
v -25.945131 -118.635681 -96.020569
v -24.953436 -118.307159 -96.414581
v -24.953436 -121.563171 -104.996002
v -24.953436 -121.563171 -104.996002
v -25.717743 -121.931122 -104.819023
v -26.317019 -119.511749 -94.969849
v -26.317019 -119.511749 -94.969849
v -26.004356 -122.912231 -104.347046
v -26.004356 -122.912231 -104.347046
v -24.953432 -126.460022 -111.670341
v -24.348623 -126.138489 -111.799820
v -25.558241 -126.138489 -111.799820
v -24.953432 -126.460022 -111.670341
v -25.463507 -128.972931 -117.502220
v -24.953436 -129.222717 -117.334724
v -24.953436 -129.222717 -117.334724
v -24.443357 -128.972931 -117.502220
v -24.953436 -124.101990 -112.619789
v -25.558241 -124.423615 -112.490341
v -24.348625 -124.423615 -112.490341
v -24.953436 -124.101990 -112.619789
v -24.443361 -127.640808 -118.395584
v -24.953436 -127.391022 -118.563072
v -24.953436 -127.391022 -118.563072
v -25.463511 -127.640808 -118.395599
v -25.785046 -125.281006 -112.145058
v -25.785046 -125.281006 -112.145058
v -25.654783 -128.306885 -117.948906
v -25.654783 -128.306885 -117.948906
v -24.121822 -125.281006 -112.145073
v -24.121822 -125.281006 -112.145073
v -24.252083 -128.306854 -117.948898
v -24.252083 -128.306854 -117.948898
v -25.577204 -133.206024 -122.035866
v -25.406740 -133.684540 -121.514412
v -25.406740 -132.578156 -122.485588
v -25.577204 -133.206024 -122.035866
v -25.304514 -136.367188 -124.391708
v -25.381447 -137.548523 -124.368164
v -25.381447 -137.548523 -124.368164
v -25.304514 -137.214264 -123.617119
v -24.329668 -133.206055 -122.035866
v -24.500130 -132.578156 -122.485565
v -24.500130 -133.684570 -121.514412
v -24.329668 -133.206055 -122.035866
v -24.602354 -137.214264 -123.617119
v -24.525425 -137.548492 -124.368164
v -24.525425 -137.548492 -124.368164
v -24.602358 -136.367188 -124.391708
v -24.953436 -133.967316 -121.367676
v -24.953436 -133.967316 -121.367676
v -24.953436 -138.064880 -123.895988
v -24.953436 -138.064880 -123.895988
v -24.953432 -132.444824 -122.704041
v -24.953432 -132.444824 -122.704041
v -24.953436 -137.032166 -124.840324
v -24.953436 -137.032166 -124.840324
v -24.953432 -139.138794 -125.131508
v -24.953432 -139.138794 -125.131508
v -24.953432 -139.138794 -125.131508
v -24.953432 -139.138794 -125.131508
v -27.161461 -46.542038 16.245344
v -26.586733 -50.805420 18.314276
v -27.161461 -46.542038 16.245344
v -26.586733 -50.805420 18.314276
v -25.961344 -55.233902 23.792297
v -26.339312 -52.592041 23.926353
v -22.745405 -46.542038 16.245342
v -23.320137 -50.805420 18.314276
v -22.745405 -46.542038 16.245342
v -23.567556 -52.592041 23.926353
v -23.320137 -50.805420 18.314276
v -23.945520 -55.233871 23.792301
v -24.953430 -53.183853 17.269138
v -24.953436 -52.317123 19.119364
v -24.953430 -53.183853 17.269138
v -24.953436 -52.317123 19.119364
v -24.953436 -52.317123 19.119364
v -24.953436 -56.224579 23.742027
v -24.953436 -64.169373 29.321018
v -25.694075 -63.418488 29.688303
v -24.212788 -63.418442 29.688299
v -24.953436 -64.169373 29.321018
v -24.316053 -71.985458 37.021774
v -24.953436 -72.635773 36.647427
v -24.953436 -72.635773 36.647427
v -25.590813 -71.985458 37.021770
v -23.935047 -61.415909 30.667723
v -24.212791 -59.413422 31.647152
v -24.316057 -68.517258 39.018284
v -24.077038 -70.251404 38.020023
v -24.953436 -58.662476 32.014427
v -25.694077 -59.413452 31.647148
v -24.953436 -58.662476 32.014427
v -25.590813 -68.517258 39.018284
v -24.953436 -67.867035 39.392628
v -24.953436 -67.867035 39.392628
v -25.971825 -61.415909 30.667727
v -25.829832 -70.251404 38.020027
v -24.297993 -76.398865 47.042755
v -24.473417 -77.656494 46.168919
v -24.473417 -75.044540 47.672512
v -24.646242 -78.306747 53.524658
v -24.602304 -79.632599 54.281269
v -24.646244 -79.978287 52.562428
v -24.953436 -74.615601 48.069290
v -25.433456 -75.044571 47.672516
v -24.953436 -74.615601 48.069290
v -25.260624 -78.306747 53.524658
v -24.953436 -78.677246 54.831207
v -24.953436 -78.677246 54.831207
v -25.608875 -76.398865 47.042747
v -25.433453 -77.656494 46.168919
v -25.260624 -79.978287 52.562428
v -25.304567 -79.632568 54.281269
v -24.953432 -78.182053 46.016205
v -24.953432 -78.182053 46.016205
v -24.953432 -80.587875 53.731335
v -24.953432 -80.587875 53.731335
v -24.953436 -80.660965 56.878761
v -24.953436 -80.660965 56.878761
v 22.741371 -96.355286 -19.525599
v 28.447908 -99.640533 -20.610800
v 22.741371 -96.355286 -19.525599
v 22.641653 -99.557159 -16.304874
v 28.447908 -99.640533 -20.610800
v 27.689676 -102.360840 -17.223597
v 22.741373 -96.355286 -28.500996
v 28.447908 -99.640533 -26.623167
v 22.741373 -96.355286 -28.500996
v 28.447908 -99.640533 -26.623167
v 27.689674 -102.360870 -22.625277
v 22.641655 -99.557129 -24.410902
v 30.522125 -100.904480 -23.486206
v 30.522125 -100.904480 -23.486206
v 30.522125 -100.904480 -23.486206
v 29.582680 -103.412292 -19.761892
v 30.522125 -100.904480 -23.486206
v 29.582680 -103.412292 -19.761892
v 22.641655 -102.830048 -19.876503
v 18.638374 -100.606537 -19.539379
v 26.644939 -105.053497 -18.460432
v 25.571512 -108.200012 -15.300469
v 22.641655 -106.572723 -16.336847
v 19.711798 -104.945435 -16.090117
v 17.137144 -99.772797 -17.134953
v 18.638376 -100.606537 -14.472716
v 17.137144 -99.772797 -17.134953
v 18.613100 -104.335236 -14.330403
v 18.613100 -104.335236 -14.330403
v 19.711798 -104.945435 -12.382006
v 22.641653 -102.830048 -13.448096
v 26.644939 -105.053497 -14.176682
v 22.641659 -106.572723 -11.632125
v 25.571512 -108.200012 -12.165350
v 28.146166 -105.887329 -16.189651
v 28.146166 -105.887329 -16.189651
v 26.670218 -108.810242 -13.638572
v 26.670218 -108.810242 -13.638572
v 22.641655 -111.063446 -14.633353
v 20.243273 -109.731354 -14.431381
v 25.040041 -112.395538 -13.784978
v 24.898544 -117.688232 -12.212510
v 22.641655 -116.434723 -13.010837
v 20.384764 -115.181213 -12.820779
v 19.343878 -109.231812 -12.990876
v 20.243273 -109.731354 -11.395921
v 19.343878 -109.231812 -12.990876
v 19.538427 -114.711151 -11.465258
v 19.538427 -114.711151 -11.465258
v 20.384764 -115.181213 -9.964395
v 22.641653 -111.063446 -10.782069
v 25.040041 -112.395538 -11.218567
v 22.641655 -116.434723 -9.386755
v 24.898546 -117.688232 -9.797502
v 25.939430 -112.895111 -12.424546
v 25.939430 -112.895111 -12.424546
v 25.744886 -118.158295 -10.932336
v 25.744886 -118.158295 -10.932336
v 22.641655 -122.327332 -6.410879
v 24.770069 -123.435791 -6.845002
v 20.513241 -121.071533 -7.013191
v 20.977673 -125.089661 -4.835145
v 22.641659 -126.761078 -4.017862
v 24.305639 -126.938019 -4.657860
v 25.570471 -123.954010 -7.869593
v 24.770073 -123.435791 -9.133327
v 25.570471 -123.954010 -7.869593
v 24.670279 -127.887817 -5.028229
v 24.670279 -127.887817 -5.028229
v 24.305639 -126.938019 -6.492658
v 22.641655 -122.327332 -9.831277
v 20.513239 -121.071503 -9.696173
v 22.641655 -126.761078 -6.386975
v 20.977669 -125.089661 -6.886889
v 19.712841 -120.700653 -8.372562
v 19.712841 -120.700653 -8.372562
v 20.613033 -125.634399 -5.376608
v 20.613033 -125.634399 -5.376608
v 22.641653 -128.329315 -4.120132
v 22.641653 -128.329315 -4.120132
vn 0.6521 0.0120 0.7581
vn 0.6821 0.0224 0.7310
vn 0.9976 -0.0670 0.0188
vn 0.9961 -0.0883 -0.0033
vn 0.7040 0.0547 0.7081
vn 0.9973 -0.0305 0.0671
vn 0.9976 -0.0670 0.0187
vn 0.9973 -0.0305 0.0670
vn 0.7727 0.1244 -0.6225
vn 0.6922 -0.0223 -0.7214
vn 0.9961 -0.0883 -0.0034
vn 0.6435 -0.0687 -0.7623
vn 0.0879 0.0330 -0.9956
vn 0.0531 0.0169 -0.9984
vn 0.0600 0.2035 -0.9772
vn 0.0878 0.0330 -0.9956
vn 0.0599 0.2035 -0.9772
vn -0.5649 -0.1954 -0.8017
vn -0.2483 0.0112 -0.9686
vn 0.0531 0.0170 -0.9984
vn -0.5224 0.2101 -0.8264
vn -0.7391 -0.6736 -0.0066
vn -0.1867 -0.9767 -0.1056
vn -0.2407 -0.6683 -0.7039
vn -0.7391 -0.6736 -0.0065
vn -0.5053 -0.2818 0.8156
vn -0.2498 -0.7165 0.6513
vn -0.1867 -0.9767 -0.1055
vn -0.1866 -0.9768 -0.1055
vn -0.2497 -0.7165 0.6513
vn 0.0194 -0.7931 0.6088
vn 0.1080 -0.9860 -0.1271
vn -0.2406 -0.6684 -0.7039
vn -0.1866 -0.9767 -0.1056
vn 0.1080 -0.9860 -0.1272
vn 0.0351 -0.7339 -0.6784
vn -0.4841 0.2879 0.8263
vn -0.2381 0.0700 0.9687
vn 0.0899 0.0980 0.9911
vn 0.0547 0.1193 0.9914
vn 0.0597 0.0995 0.9932
vn 0.0900 0.0980 0.9911
vn 0.0598 0.0995 0.9932
vn 0.0548 0.1193 0.9914
vn -0.7644 0.3900 0.5133
vn -0.9897 -0.1413 0.0210
vn -0.9824 -0.1707 -0.0765
vn -0.9889 -0.0704 0.1309
vn -0.9897 -0.1413 0.0209
vn -0.7967 -0.5795 -0.1717
vn -0.7526 -0.3444 -0.5613
vn -0.9823 -0.1707 -0.0766
vn -0.7759 -0.0121 -0.6307
vn -0.9666 -0.2490 -0.0610
vn -0.9666 -0.2490 -0.0609
vn -0.6990 -0.6963 0.1630
vn -0.7804 0.1172 0.6142
vn -0.6892 0.1653 0.7055
vn -0.0000 0.3006 0.9538
vn -0.0001 0.3508 0.9365
vn -0.6688 0.1266 0.7326
vn -0.0000 0.1841 0.9829
vn 0.6688 0.1266 0.7326
vn 0.6892 0.1654 0.7054
vn -0.0000 0.3508 0.9365
vn 0.7805 0.1173 0.6141
vn -0.5023 -0.6331 -0.5890
vn -0.5985 -0.5732 -0.5596
vn -0.9754 -0.2192 0.0236
vn -0.9323 -0.3443 -0.1103
vn -0.6330 -0.4626 -0.6207
vn -0.9923 -0.1217 0.0218
vn -0.9754 -0.2192 0.0237
vn -0.9923 -0.1217 0.0219
vn -0.9324 -0.3443 -0.1103
vn 0.5021 -0.6334 -0.5888
vn 0.5985 -0.5733 -0.5596
vn -0.0000 -0.6727 -0.7399
vn -0.0000 -0.6988 -0.7154
vn 0.6330 -0.4626 -0.6207
vn 0.0001 -0.5806 -0.8142
vn -0.0000 -0.5806 -0.8142
vn 0.9754 -0.2193 0.0237
vn 0.9324 -0.3443 -0.1102
vn 0.9923 -0.1217 0.0219
vn 0.9754 -0.2192 0.0237
vn 0.9324 -0.3443 -0.1103
vn -0.6503 0.0854 0.7548
vn -0.0001 0.0879 0.9961
vn -0.6279 0.0664 0.7755
vn -0.0001 0.0584 0.9983
vn 0.0001 0.0879 0.9961
vn 0.0001 0.0584 0.9983
vn 0.6279 0.0663 0.7755
vn 0.6504 0.0854 0.7548
vn -0.6520 -0.3007 -0.6961
vn -0.9992 -0.0355 0.0165
vn -0.6391 -0.1507 -0.7542
vn -0.9999 0.0047 0.0129
vn -0.9992 -0.0355 0.0166
vn 0.6520 -0.3007 -0.6961
vn -0.0000 -0.4209 -0.9071
vn 0.6391 -0.1507 -0.7543
vn -0.0000 -0.2275 -0.9738
vn -0.0001 -0.2275 -0.9738
vn 0.9992 -0.0355 0.0166
vn 0.9999 0.0046 0.0129
vn -0.6115 0.0235 0.7909
vn -0.0001 0.0242 0.9997
vn -0.6064 -0.0799 0.7912
vn -0.0001 -0.0795 0.9968
vn -0.0000 0.0242 0.9997
vn -0.0000 -0.0796 0.9968
vn 0.6063 -0.0799 0.7912
vn 0.6115 0.0235 0.7909
vn -0.6233 -0.0462 -0.7807
vn -0.9999 -0.0004 0.0144
vn -0.6234 0.0185 -0.7817
vn -0.9987 -0.0479 0.0176
vn -0.9999 -0.0004 0.0145
vn 0.6233 -0.0462 -0.7806
vn 0.0001 -0.0660 -0.9978
vn 0.6233 0.0186 -0.7817
vn -0.0000 0.0487 -0.9988
vn -0.0000 -0.0660 -0.9978
vn -0.0001 0.0487 -0.9988
vn 0.9999 -0.0004 0.0145
vn 0.9987 -0.0480 0.0176
vn 0.9999 -0.0004 0.0144
vn -0.6000 -0.2009 0.7744
vn -0.0001 -0.2178 0.9760
vn -0.5935 -0.2693 0.7584
vn -0.0001 -0.3190 0.9477
vn 0.0001 -0.2178 0.9760
vn 0.0001 -0.3191 0.9477
vn 0.5935 -0.2693 0.7584
vn 0.6000 -0.2008 0.7744
vn -0.6246 0.0844 -0.7763
vn -0.9961 -0.0870 0.0134
vn -0.6125 0.1705 -0.7719
vn -0.9983 -0.0575 0.0080
vn -0.9983 -0.0574 0.0080
vn 0.6246 0.0842 -0.7764
vn 0.0001 0.1465 -0.9892
vn 0.6125 0.1705 -0.7719
vn -0.0000 0.2267 -0.9740
vn -0.0001 0.1465 -0.9892
vn -0.0000 0.2268 -0.9739
vn 0.9961 -0.0871 0.0134
vn 0.9983 -0.0575 0.0080
vn -0.6045 -0.2386 0.7600
vn -0.0000 -0.3082 0.9513
vn -0.6182 -0.1205 0.7767
vn 0.0017 -0.1502 0.9887
vn 0.0001 -0.3082 0.9513
vn 0.6198 -0.1295 0.7740
vn 0.6046 -0.2386 0.7600
vn -0.5978 0.1905 -0.7787
vn -0.9999 -0.0027 -0.0113
vn -0.5970 0.1004 -0.7959
vn -0.9995 -0.0063 -0.0295
vn 0.5979 0.1905 -0.7786
vn 0.0001 0.2296 -0.9733
vn 0.5999 0.0906 -0.7950
vn 0.0018 0.1286 -0.9917
vn -0.0000 0.2295 -0.9733
vn 0.0017 0.1286 -0.9917
vn 0.9999 -0.0027 -0.0113
vn 0.9993 -0.0208 -0.0301
vn 0.9993 -0.0208 -0.0302
vn 0.8048 -0.5685 -0.1709
vn 0.9924 -0.1214 0.0222
vn 0.9823 -0.1707 -0.0766
vn 0.7526 -0.3444 -0.5613
vn 0.9924 -0.1213 0.0223
vn 0.7640 0.3977 0.5081
vn 0.9889 -0.0704 0.1309
vn 0.9823 -0.1707 -0.0765
vn 0.7006 -0.6938 0.1667
vn 0.9704 -0.2338 -0.0602
vn 0.7743 0.0027 -0.6328
vn -0.0001 -0.9814 -0.1918
vn -0.0000 -0.4477 -0.8942
vn 0.0001 -0.9814 -0.1918
vn -0.0025 0.1015 -0.9948
vn 0.3530 -0.8633 0.3608
vn 0.7562 -0.6434 -0.1196
vn -0.3179 -0.9452 -0.0740
vn -0.3085 -0.8217 0.4792
vn 0.7562 -0.6434 -0.1197
vn 0.5900 0.1921 -0.7842
vn 0.3596 -0.3207 -0.8763
vn -0.3180 -0.9452 -0.0741
vn -0.3179 -0.9452 -0.0741
vn 0.3595 -0.3206 -0.8763
vn -0.2062 -0.3483 -0.9144
vn -0.7361 -0.6702 -0.0944
vn -0.3086 -0.8217 0.4791
vn -0.7361 -0.6702 -0.0943
vn -0.6731 -0.5950 0.4392
vn 0.6985 -0.4874 0.5239
vn 0.9570 -0.2368 0.1672
vn 0.7444 -0.6659 -0.0487
vn 0.8111 -0.0219 0.5844
vn 0.8077 0.1979 0.5554
vn 0.9571 -0.2368 0.1672
vn 0.8077 0.1980 0.5554
vn 0.8670 0.3574 0.3473
vn 0.9922 -0.1241 0.0089
vn 0.7444 -0.6659 -0.0488
vn 0.8047 -0.5036 -0.3144
vn -0.7345 0.2871 -0.6149
vn -0.0491 0.4872 -0.8719
vn -0.0573 0.4872 -0.8714
vn -0.6917 0.3753 -0.6170
vn -0.0490 0.4872 -0.8719
vn 0.5973 0.4987 -0.6281
vn 0.3858 0.4204 -0.8212
vn -0.0572 0.4872 -0.8714
vn 0.0173 0.5033 -0.8639
vn 0.0172 0.5033 -0.8639
vn -0.4756 0.5981 -0.6451
vn -0.8791 -0.1047 0.4650
vn -0.9972 -0.0319 -0.0674
vn -0.9961 0.0202 -0.0857
vn -0.9732 -0.1690 0.1562
vn -0.9972 -0.0319 -0.0675
vn -0.9961 0.0202 -0.0858
vn -0.9348 0.3544 -0.0247
vn -0.9348 0.3544 -0.0246
vn -0.7715 -0.4786 0.4192
vn -0.0000 -0.8784 0.4779
vn 0.6240 -0.7200 0.3038
vn -0.6208 -0.7234 0.3022
vn -0.0000 -0.8784 0.4780
vn -0.5661 -0.7021 0.4320
vn -0.0000 -0.8150 0.5795
vn 0.6240 -0.7199 0.3038
vn 0.5664 -0.7017 0.4322
vn 0.0174 0.2928 0.9560
vn 0.7281 0.1630 0.6658
vn -0.7095 0.0615 0.7020
vn 0.0173 0.2928 0.9560
vn 0.0017 0.6345 0.7729
vn 0.0018 0.6345 0.7729
vn 0.9921 -0.0760 0.0996
vn 0.9746 -0.1178 -0.1905
vn 0.9921 -0.0760 0.0997
vn -0.9667 -0.2411 0.0856
vn -0.9510 -0.2337 -0.2026
vn -0.9667 -0.2411 0.0855
vn 0.0162 0.4251 -0.9050
vn -0.5762 0.2658 -0.7729
vn 0.5966 0.3206 -0.7357
vn 0.0163 0.4251 -0.9050
vn 0.5966 0.3207 -0.7357
vn 0.5349 0.4124 -0.7374
vn 0.0017 0.5389 -0.8424
vn -0.5761 0.2658 -0.7729
vn -0.5326 0.4070 -0.7421
vn 0.9570 -0.1217 -0.2633
vn 0.9570 -0.1216 -0.2634
vn 0.9733 -0.1555 -0.1689
vn 0.9570 -0.1216 -0.2633
vn -0.9481 -0.1652 -0.2718
vn -0.9481 -0.1652 -0.2719
vn -0.9724 -0.1599 -0.1701
vn -0.9754 -0.1695 -0.1412
vn -0.5496 -0.7793 0.3012
vn -0.5737 0.5570 -0.6006
vn -0.9754 -0.1696 -0.1412
vn -0.6017 0.6998 -0.3851
vn -0.9814 -0.1384 -0.1328
vn -0.5441 -0.8267 0.1431
vn -0.0000 0.7416 -0.6708
vn 0.5737 0.5569 -0.6006
vn 0.6018 0.6995 -0.3854
vn -0.0000 0.9092 -0.4163
vn -0.0000 -0.9109 0.4126
vn 0.5496 -0.7793 0.3012
vn 0.0003 -0.9763 0.2163
vn 0.5442 -0.8266 0.1432
vn 0.9754 -0.1696 -0.1412
vn 0.9753 -0.1696 -0.1412
vn 0.9814 -0.1384 -0.1329
vn 0.0310 -0.9324 0.3601
vn 0.0988 -0.7333 0.6727
vn 0.6436 -0.5890 0.4888
vn 0.0309 -0.9324 0.3601
vn -0.0867 -0.6764 0.7314
vn 0.0987 -0.7333 0.6727
vn -0.1198 -0.7984 0.5901
vn 0.1039 -0.6882 0.7181
vn 0.1040 -0.6881 0.7181
vn 0.6471 -0.5135 0.5636
vn 0.0778 0.5494 -0.8319
vn -0.2361 0.5318 -0.8133
vn 0.6861 0.3796 -0.6206
vn 0.6563 0.4735 -0.5874
vn 0.0430 0.6105 -0.7908
vn 0.0429 0.6105 -0.7908
vn -0.5381 0.2835 -0.7938
vn 0.0327 -0.5867 0.8091
vn 0.1489 -0.8420 0.5184
vn -0.5584 0.1019 0.8233
vn 0.0327 -0.5867 0.8092
vn -0.5584 0.1020 0.8233
vn -0.3463 0.3002 0.8888
vn 0.1709 -0.5313 0.8297
vn 0.1490 -0.8420 0.5184
vn 0.3344 -0.8133 0.4762
vn 0.9927 -0.1204 -0.0053
vn 0.9927 -0.1205 -0.0052
vn 0.9995 -0.0307 0.0067
vn -0.6674 -0.7424 -0.0588
vn -0.9909 -0.1319 -0.0282
vn -0.5411 -0.6158 0.5727
vn -0.6374 0.4452 -0.6289
vn -0.9909 -0.1319 -0.0283
vn -0.6375 0.4451 -0.6289
vn -0.6615 0.3739 -0.6501
vn -0.9998 0.0017 -0.0221
vn -0.9909 -0.1320 -0.0282
vn -0.9998 0.0016 -0.0220
vn -0.6708 -0.4037 0.6221
vn 0.9999 0.0127 -0.0093
vn 0.6434 0.4780 -0.5979
vn 0.6507 -0.4876 0.5821
vn 0.9999 0.0126 -0.0093
vn 0.9999 0.0127 -0.0092
vn 0.6506 -0.4876 0.5822
vn 0.6776 -0.3908 0.6230
vn 0.9997 0.0141 -0.0204
vn 0.9997 0.0141 -0.0205
vn 0.6622 0.3773 -0.6474
vn 0.0430 -0.6612 0.7490
vn 0.0429 -0.6612 0.7490
vn 0.0430 -0.6611 0.7490
vn 0.0045 -0.5365 0.8439
vn 0.0431 -0.6612 0.7490
vn 0.0045 -0.5364 0.8439
vn 0.0083 0.6159 -0.7878
vn 0.0084 0.6160 -0.7877
vn 0.0009 0.4980 -0.8672
vn 0.9999 -0.0089 -0.0092
vn 0.6885 0.2826 -0.6679
vn 0.6920 -0.2993 0.6569
vn 0.9999 -0.0089 -0.0091
vn 0.7000 -0.2715 0.6605
vn 0.9999 -0.0145 0.0054
vn 0.9999 -0.0144 0.0053
vn 0.7085 0.3033 -0.6372
vn -0.0000 -0.4090 0.9126
vn -0.6920 -0.2993 0.6569
vn -0.0000 -0.4090 0.9125
vn -0.7000 -0.2716 0.6605
vn -0.0000 -0.3650 0.9310
vn 0.0001 -0.3650 0.9310
vn -0.0000 0.3967 -0.9180
vn -0.6885 0.2826 -0.6679
vn -0.0000 0.4548 -0.8906
vn -0.0001 0.4549 -0.8906
vn -0.7086 0.3033 -0.6371
vn -0.9999 -0.0089 -0.0092
vn -0.9999 -0.0144 0.0053
vn -0.9999 -0.0144 0.0054
vn -0.0000 -0.4053 0.9142
vn 0.7054 -0.3102 0.6373
vn -0.7054 -0.3102 0.6373
vn -0.0000 -0.4052 0.9142
vn -0.7138 -0.3895 0.5820
vn -0.0000 -0.5109 0.8596
vn 0.7138 -0.3895 0.5820
vn -0.0000 0.6870 -0.7266
vn -0.7039 0.4575 -0.5433
vn 0.7039 0.4575 -0.5433
vn -0.0000 0.6870 -0.7267
vn 0.6659 0.5952 -0.4499
vn -0.0000 0.8184 -0.5746
vn -0.6659 0.5952 -0.4498
vn -0.9997 -0.0138 0.0197
vn -0.9997 -0.0137 0.0197
vn -0.9997 0.0258 0.0038
vn 0.9997 -0.0138 0.0197
vn 0.9997 -0.0138 0.0198
vn 0.9997 0.0258 0.0038
vn 0.9997 0.0258 0.0037
vn -0.6931 -0.5743 0.4357
vn -1.0000 -0.0031 0.0029
vn -0.9999 0.0073 0.0131
vn -0.6842 -0.6100 0.3997
vn -1.0000 -0.0030 0.0029
vn -0.6782 0.6238 -0.3885
vn -0.6860 0.6576 -0.3115
vn -0.9999 0.0074 0.0130
vn -0.7566 0.6452 -0.1065
vn -0.9985 0.0184 0.0517
vn -0.9985 0.0184 0.0518
vn -0.6967 -0.5874 0.4117
vn 0.6782 0.6238 -0.3885
vn 1.0000 -0.0030 0.0029
vn 0.9999 0.0074 0.0130
vn 0.6860 0.6576 -0.3115
vn 1.0000 -0.0031 0.0029
vn 0.6931 -0.5743 0.4356
vn 0.6842 -0.6100 0.3996
vn 0.9999 0.0073 0.0130
vn 0.6968 -0.5874 0.4116
vn 0.9985 0.0184 0.0518
vn 0.7566 0.6451 -0.1065
vn -0.0000 -0.7747 0.6323
vn -0.0000 -0.8341 0.5517
vn -0.0000 -0.7747 0.6324
vn -0.0000 -0.8267 0.5627
vn 0.0001 -0.8267 0.5627
vn -0.0001 0.8555 -0.5178
vn -0.0001 0.9195 -0.3931
vn 0.0001 0.8555 -0.5179
vn -0.0000 0.9195 -0.3931
vn -0.0000 0.9946 -0.1036
vn -0.0000 0.8384 -0.5451
vn -0.6713 0.6153 -0.4132
vn 0.6713 0.6153 -0.4132
vn 0.0001 0.8384 -0.5451
vn -0.0000 -0.6484 0.7613
vn 0.7092 -0.4863 0.5105
vn -0.7092 -0.4863 0.5105
vn 0.9998 0.0190 0.0010
vn 0.9998 0.0189 0.0010
vn -0.9998 0.0190 0.0010
vn -0.0000 -0.7763 0.6304
vn 0.7194 -0.5348 0.4432
vn -0.7194 -0.5349 0.4430
vn -0.7364 -0.4880 0.4685
vn -0.0000 -0.6983 0.7158
vn 0.7364 -0.4880 0.4686
vn -0.0000 0.9960 0.0890
vn -0.6663 0.7438 0.0537
vn 0.6663 0.7438 0.0536
vn 0.0001 0.9960 0.0890
vn 0.6370 0.7693 -0.0490
vn -0.0000 0.9994 -0.0339
vn -0.6370 0.7693 -0.0490
vn -0.9927 -0.0882 0.0823
vn -0.9978 0.0454 -0.0485
vn -0.8543 -0.3954 -0.3373
vn -0.9693 -0.2412 0.0485
vn -0.9692 -0.2413 0.0485
vn 0.9927 -0.0881 0.0823
vn 0.9978 0.0454 -0.0485
vn 0.9927 -0.0882 0.0823
vn 0.9692 -0.2413 0.0485
vn 0.9693 -0.2412 0.0485
vn 0.8543 -0.3954 -0.3374
vn -0.0000 -0.5627 0.8267
vn 0.7687 -0.3990 0.4999
vn -0.7687 -0.3990 0.4999
vn -0.0000 -0.5627 0.8266
vn -0.7687 -0.3989 0.4999
vn -0.7979 -0.2649 0.5414
vn -0.0000 -0.3482 0.9374
vn 0.7687 -0.3989 0.4999
vn 0.7979 -0.2648 0.5416
vn 0.9976 0.0449 -0.0519
vn 0.7170 -0.6626 -0.2165
vn 0.6828 -0.7303 -0.0211
vn 0.9968 0.0481 -0.0636
vn -0.0000 -0.7191 -0.6949
vn 0.0001 -0.9543 -0.2987
vn -0.7170 -0.6626 -0.2165
vn -0.0001 -0.9543 -0.2988
vn -0.6828 -0.7303 -0.0211
vn -0.0000 -0.9999 0.0120
vn -0.9976 0.0449 -0.0519
vn -0.9968 0.0481 -0.0639
vn 0.9975 0.0089 -0.0696
vn 0.6478 0.7257 -0.2317
vn 0.6678 -0.7266 0.1614
vn 0.6385 -0.6920 0.3368
vn 0.9989 -0.0459 -0.0086
vn 0.7230 0.6378 -0.2655
vn 0.0001 -0.9666 0.2562
vn -0.6678 -0.7267 0.1614
vn -0.0001 -0.9666 0.2562
vn -0.6385 -0.6920 0.3368
vn -0.0001 -0.8886 0.4587
vn -0.0000 -0.8886 0.4587
vn -0.9975 0.0089 -0.0696
vn -0.6479 0.7257 -0.2317
vn -0.7230 0.6378 -0.2655
vn -0.9989 -0.0459 -0.0086
vn -0.0001 0.9629 -0.2698
vn 0.0001 0.9629 -0.2698
vn -0.0000 0.9365 -0.3507
vn -0.9924 -0.1076 0.0602
vn -0.5823 -0.6324 0.5109
vn -0.9492 0.2487 -0.1931
vn -0.8900 0.0648 -0.4514
vn -0.9950 -0.0979 0.0201
vn -0.4904 -0.5703 0.6590
vn -0.9681 0.1794 -0.1748
vn -0.8953 -0.3716 -0.2456
vn -0.6981 0.6718 -0.2478
vn -0.7790 0.6100 -0.1451
vn -0.9968 0.0324 -0.0725
vn -0.8132 -0.5819 0.0004
vn 0.9924 -0.1076 0.0602
vn 0.9492 0.2487 -0.1931
vn 0.5823 -0.6324 0.5109
vn 0.4904 -0.5703 0.6590
vn 0.9950 -0.0979 0.0201
vn 0.8900 0.0648 -0.4514
vn -0.0000 -0.7728 0.6347
vn -0.0000 -0.6562 0.7546
vn -0.9928 -0.0580 -0.1050
vn -0.4334 -0.5493 0.7145
vn -0.5219 0.3889 -0.7592
vn -0.3159 0.4181 -0.8517
vn -0.8740 -0.3085 -0.3753
vn -0.3809 -0.6251 0.6812
vn -0.0000 -0.0280 -0.9996
vn -0.0000 0.4420 -0.8970
vn -0.0000 -0.0279 -0.9996
vn 0.5219 0.3889 -0.7592
vn -0.0000 0.4419 -0.8970
vn 0.3158 0.4181 -0.8517
vn -0.0000 0.4187 -0.9081
vn 0.9928 -0.0580 -0.1050
vn 0.4334 -0.5493 0.7145
vn 0.3810 -0.6251 0.6812
vn 0.8740 -0.3085 -0.3754
vn -0.0000 -0.5910 0.8067
vn -0.0001 -0.7496 0.6619
vn 0.0001 -0.7496 0.6619
vn -0.0000 -0.7791 -0.6269
vn -0.0001 -0.7792 -0.6267
vn -0.0000 -0.9945 0.1047
vn 0.5441 -0.8368 0.0610
vn -0.5441 -0.8368 0.0610
vn -0.5425 -0.8397 0.0246
vn -0.0000 -0.9989 0.0474
vn 0.5425 -0.8397 0.0246
vn 0.9899 -0.1031 -0.0972
vn 0.6031 0.7660 -0.2224
vn 0.9947 -0.0861 -0.0561
vn 0.5986 0.7933 -0.1113
vn -0.9899 -0.1031 -0.0971
vn -0.6031 0.7660 -0.2224
vn -0.9899 -0.1031 -0.0972
vn -0.5986 0.7933 -0.1113
vn -0.9947 -0.0861 -0.0561
vn -0.0000 0.9724 -0.2333
vn -0.0000 0.9934 -0.1150
vn -0.9970 -0.0771 -0.0042
vn -0.5387 -0.8425 -0.0057
vn -0.5879 0.8089 0.0116
vn -0.5651 0.8107 0.1531
vn -0.9963 -0.0681 0.0527
vn -0.5347 -0.8435 -0.0502
vn -0.0000 0.9999 0.0114
vn 0.5879 0.8089 0.0116
vn 0.5651 0.8107 0.1531
vn -0.0000 0.9876 0.1568
vn -0.0000 -1.0000 -0.0054
vn 0.5387 -0.8425 -0.0057
vn -0.0000 -0.9971 -0.0763
vn 0.5347 -0.8435 -0.0502
vn 0.9970 -0.0771 -0.0042
vn 0.9963 -0.0681 0.0527
vn 0.9963 -0.0682 0.0527
vn -0.0000 0.9688 0.2479
vn -0.5531 0.8016 0.2270
vn 0.5530 0.8016 0.2270
vn 0.5807 0.8037 0.1295
vn -0.0000 0.9821 0.1882
vn -0.5808 0.8037 0.1295
vn -0.0000 -0.9864 -0.1643
vn 0.5322 -0.8381 -0.1198
vn -0.5322 -0.8381 -0.1198
vn -0.5226 -0.8268 -0.2079
vn -0.0000 -0.9711 -0.2388
vn 0.5226 -0.8269 -0.2078
vn 0.9965 -0.0595 0.0581
vn 0.9965 -0.0594 0.0581
vn 0.9974 -0.0523 -0.0494
vn -0.9965 -0.0594 0.0581
vn -0.9965 -0.0595 0.0581
vn -0.9974 -0.0523 -0.0494
vn -0.0000 -0.9910 -0.1335
vn 0.5367 -0.8274 -0.1657
vn -0.5369 -0.8272 -0.1656
vn -0.5720 -0.8095 0.1321
vn -0.0000 -0.9692 0.2464
vn 0.5720 -0.8095 0.1321
vn 0.9816 -0.0303 -0.1885
vn 0.5789 0.7985 -0.1652
vn 0.9569 -0.0610 -0.2839
vn 0.5250 0.6696 -0.5254
vn -0.9816 -0.0303 -0.1885
vn -0.5789 0.7985 -0.1652
vn -0.5249 0.6696 -0.5254
vn -0.9569 -0.0610 -0.2839
vn -0.0000 0.9912 -0.1326
vn -0.0000 0.8308 -0.5566
vn -0.9345 -0.1322 -0.3305
vn -0.5670 -0.7568 0.3253
vn -0.4579 0.4994 -0.7355
vn -0.9345 -0.1323 -0.3304
vn -0.3389 0.3952 -0.8538
vn -0.7190 -0.2508 -0.6482
vn -0.7190 -0.2507 -0.6483
vn -0.5045 -0.8634 0.0013
vn -0.0000 0.6105 -0.7920
vn 0.4579 0.4994 -0.7355
vn 0.3389 0.3951 -0.8538
vn -0.0000 0.4206 -0.9072
vn -0.0000 -0.8610 0.5085
vn 0.5670 -0.7568 0.3253
vn -0.0000 -0.9919 -0.1269
vn 0.5045 -0.8634 0.0014
vn 0.9345 -0.1323 -0.3304
vn 0.9345 -0.1322 -0.3305
vn 0.7190 -0.2507 -0.6483
vn 0.7190 -0.2507 -0.6482
vn -0.0000 -0.3290 -0.9443
vn -0.0000 -0.3289 -0.9444
vn -0.6691 0.7426 0.0285
vn -0.4632 0.7244 -0.5106
vn -0.6691 0.7426 0.0284
vn -0.4632 0.7245 -0.5105
vn -0.4703 0.7555 -0.4560
vn -0.5516 0.8317 0.0628
vn -0.5516 0.8317 0.0629
vn -0.3248 0.5052 -0.7996
vn -0.2913 -0.2649 -0.9192
vn -0.2912 -0.2649 -0.9193
vn 0.0087 -0.3729 -0.9278
vn -0.3394 0.4791 -0.8095
vn 0.0448 -0.9968 -0.0655
vn 0.0447 -0.9969 -0.0654
vn 0.0448 -0.9969 -0.0654
vn 0.3551 -0.9307 -0.0880
vn 0.3551 -0.9307 -0.0881
vn 0.2167 -0.5285 0.8208
vn 0.3739 -0.8027 0.4646
vn -0.2815 0.3078 0.9089
vn -0.1981 0.3245 0.9249
vn 0.1989 -0.5366 0.8200
vn 0.3230 -0.8207 0.4712
vn -0.5354 0.8418 0.0689
vn -0.4688 0.7587 -0.4523
vn -0.5354 0.8418 0.0688
vn -0.3793 0.7946 -0.4741
vn -0.4390 0.8955 0.0735
vn -0.4390 0.8955 0.0736
vn -0.3255 0.4710 -0.8199
vn 0.0951 -0.3883 -0.9166
vn 0.1192 -0.3996 -0.9089
vn -0.2473 0.4814 -0.8409
vn 0.4061 -0.9096 -0.0878
vn 0.4061 -0.9096 -0.0877
vn 0.3549 -0.9309 -0.0860
vn 0.3548 -0.9310 -0.0861
vn -0.1895 0.4977 -0.8464
vn -0.3094 0.8196 -0.4823
vn 0.1390 -0.3718 -0.9179
vn 0.2121 -0.3165 -0.9246
vn -0.2253 0.5001 -0.8361
vn -0.3737 0.8008 -0.4681
vn 0.3532 -0.9316 -0.0861
vn 0.3103 -0.8224 0.4768
vn 0.3532 -0.9316 -0.0860
vn 0.4335 -0.7745 0.4607
vn 0.5024 -0.8609 -0.0801
vn 0.5024 -0.8609 -0.0802
vn 0.1998 -0.5294 0.8245
vn -0.1424 0.3683 0.9187
vn -0.1546 0.3894 0.9080
vn 0.2920 -0.5039 0.8129
vn -0.3525 0.9327 0.0763
vn -0.3525 0.9327 0.0762
vn -0.4116 0.9083 0.0753
vn -0.4116 0.9083 0.0754
vn 0.4418 -0.4483 0.7771
vn 0.6425 -0.6363 0.4270
vn -0.2162 0.3630 0.9063
vn -0.2833 0.2981 0.9115
vn 0.5683 -0.3698 0.7350
vn 0.8033 -0.4129 0.4293
vn -0.5700 0.8184 0.0727
vn -0.5290 0.7289 -0.4347
vn -0.6898 0.6155 -0.3812
vn -0.7316 0.6786 0.0657
vn -0.7316 0.6786 0.0658
vn -0.3313 0.4734 -0.8162
vn 0.3206 -0.2296 -0.9190
vn 0.4190 -0.0380 -0.9072
vn -0.4565 0.4236 -0.7824
vn 0.7401 -0.6698 -0.0607
vn 0.7400 -0.6698 -0.0606
vn 0.9141 -0.4033 -0.0410
vn 0.9141 -0.4033 -0.0411
vn 0.5369 -0.3453 0.7698
vn 0.6052 -0.3842 0.6972
vn -0.2823 0.2348 0.9302
vn -0.3353 0.1934 0.9221
vn 0.2897 -0.4254 0.8574
vn 0.1897 -0.6439 0.7412
vn -0.8184 0.5718 0.0576
vn -0.7731 0.5359 -0.3392
vn -0.8184 0.5718 0.0575
vn -0.7333 0.5759 -0.3615
vn -0.7958 0.6028 0.0581
vn -0.7958 0.6028 0.0582
vn -0.5343 0.3979 -0.7458
vn -0.0138 0.0844 -0.9963
vn -0.3426 -0.1546 -0.9267
vn -0.5537 0.3907 -0.7353
vn 0.2637 -0.1320 -0.9555
vn -0.4121 -0.3221 -0.8523
vn 0.7659 -0.1253 -0.6307
vn 0.2637 -0.1321 -0.9555
vn 0.7659 -0.1252 -0.6306
vn 0.7583 -0.0763 -0.6474
vn 0.2032 -0.1432 -0.9686
vn -0.5836 -0.1957 -0.7881
vn -0.4813 0.4279 -0.7650
vn -0.6206 0.6690 -0.4091
vn -0.2291 -0.3488 -0.9088
vn 0.0372 -0.3694 -0.9285
vn -0.4022 0.4635 -0.7896
vn -0.5430 0.7211 -0.4304
vn -0.4232 -0.9010 -0.0948
vn 0.1930 -0.9774 -0.0867
vn -0.4233 -0.9010 -0.0949
vn 0.2561 -0.7983 0.5450
vn 0.4045 -0.7858 0.4677
vn 0.4383 -0.8953 -0.0791
vn 0.4383 -0.8953 -0.0792
vn 0.1332 -0.5004 0.8555
vn -0.4330 0.2233 0.8733
vn -0.3657 0.2888 0.8848
vn 0.2292 -0.5201 0.8228
vn -0.6985 0.7134 0.0568
vn -0.6985 0.7134 0.0567
vn -0.6128 0.7881 0.0576
vn -0.6128 0.7881 0.0577
vn 0.3361 -0.5040 0.7956
vn 0.5038 -0.7456 0.4362
vn -0.2476 0.3198 0.9146
vn -0.2086 0.3254 0.9223
vn 0.3591 -0.4984 0.7891
vn 0.5226 -0.7365 0.4295
vn -0.5747 0.8156 0.0672
vn -0.5158 0.7358 -0.4387
vn -0.5747 0.8156 0.0671
vn -0.5093 0.7390 -0.4410
vn -0.5648 0.8220 0.0724
vn -0.5648 0.8220 0.0725
vn -0.3392 0.4706 -0.8145
vn 0.2117 -0.3383 -0.9169
vn 0.2496 -0.3313 -0.9099
vn -0.3178 0.4704 -0.8232
vn 0.5588 -0.8257 -0.0778
vn 0.5587 -0.8257 -0.0778
vn 0.5777 -0.8124 -0.0794
vn 0.5777 -0.8124 -0.0795
vn -0.5567 0.8275 0.0726
vn -0.2144 0.3197 0.9230
vn -0.4990 0.7471 -0.4391
vn -0.5567 0.8275 0.0725
vn -0.4660 0.7731 -0.4302
vn -0.5271 0.8469 0.0699
vn -0.5271 0.8469 0.0700
vn -0.2345 0.3176 0.9188
vn -0.3132 0.4750 -0.8223
vn 0.2229 -0.3527 -0.9088
vn 0.1455 -0.3863 -0.9109
vn -0.3019 0.4968 -0.8137
vn 0.5290 -0.8446 -0.0823
vn 0.4839 -0.7606 0.4327
vn 0.3859 -0.8118 0.4382
vn 0.4096 -0.9082 -0.0860
vn 0.4096 -0.9082 -0.0861
vn 0.3292 -0.5126 0.7930
vn 0.2522 -0.5422 0.8015
vn -0.3192 0.5417 -0.7776
vn -0.4381 0.8040 -0.4019
vn -0.0206 -0.3852 -0.9226
vn -0.3474 -0.3515 -0.8694
vn -0.5510 0.5699 -0.6096
vn -0.4704 0.8064 -0.3583
vn 0.2298 -0.9690 -0.0910
vn 0.2435 -0.8577 0.4528
vn 0.2299 -0.9690 -0.0909
vn -0.0465 -0.8653 0.4991
vn -0.6467 -0.7120 -0.2734
vn -0.6467 -0.7121 -0.2734
vn 0.1077 -0.5522 0.8268
vn -0.3050 0.3315 0.8928
vn -0.4471 0.3365 0.8288
vn -0.4810 -0.1868 0.8566
vn -0.4991 0.8645 0.0600
vn -0.6090 0.7871 0.0982
vn -0.6090 0.7871 0.0983
vn -0.9822 0.0216 0.1864
vn -0.6060 0.0528 0.7937
vn 0.0161 0.0302 0.9994
vn 0.0162 0.0302 0.9994
vn 0.6291 -0.0293 0.7768
vn -0.5950 0.0520 -0.8021
vn -0.9985 0.0546 -0.0107
vn -0.9144 0.4034 0.0340
vn -0.9144 0.4034 0.0341
vn 0.6146 -0.0273 -0.7884
vn 0.0157 0.0291 -0.9995
vn 0.0156 0.0291 -0.9995
vn 0.9972 -0.0724 -0.0171
vn 0.9972 -0.0725 -0.0171
vn -0.3146 -0.0212 -0.9490
vn -0.5380 0.5393 -0.6479
vn -0.1702 -0.0408 -0.9846
vn -0.5379 0.5394 -0.6478
vn -0.3146 -0.0211 -0.9490
vn -0.3737 0.7106 -0.5961
vn -0.6350 0.7686 0.0773
vn -0.4828 0.5454 0.6852
vn -0.6350 0.7687 0.0773
vn -0.3997 0.9120 0.0920
vn -0.3359 0.6778 0.6540
vn -0.3057 0.0332 0.9515
vn -0.1845 0.0229 0.9826
vn -0.0707 0.0373 0.9968
vn 0.1319 -0.7811 0.6104
vn -0.2270 0.7160 0.6601
vn -0.2118 0.7220 0.6587
vn -0.0295 0.0520 0.9982
vn 0.1988 -0.7623 0.6159
vn 0.1939 -0.9729 -0.1262
vn 0.1292 -0.7242 -0.6774
vn 0.2565 -0.9585 -0.1246
vn 0.2565 -0.9585 -0.1247
vn 0.1860 -0.7098 -0.6794
vn -0.2824 0.9546 0.0950
vn -0.2477 0.7606 -0.6001
vn -0.2265 0.7685 -0.5984
vn -0.2754 0.9567 0.0941
vn -0.2754 0.9567 0.0942
vn -0.0563 -0.0215 -0.9982
vn -0.0564 -0.0215 -0.9982
vn -0.0140 -0.0041 -0.9999
vn -0.4385 0.8945 0.0871
vn -0.3426 0.6980 0.6288
vn -0.3546 0.7410 -0.5702
vn -0.4385 0.8945 0.0870
vn -0.5889 0.5975 -0.5442
vn -0.7212 0.6892 0.0691
vn -0.7212 0.6892 0.0692
vn -0.5861 0.5664 0.5793
vn 0.0091 0.0463 -0.9989
vn 0.3951 -0.6336 -0.6652
vn 0.7316 -0.4386 -0.5220
vn 0.0454 0.0680 -0.9967
vn -0.0240 0.0997 0.9947
vn 0.4285 -0.6625 0.6144
vn -0.0241 0.0998 0.9947
vn -0.0241 0.1079 0.9939
vn 0.7617 -0.4264 0.4878
vn 0.5111 -0.8519 -0.1143
vn 0.8347 -0.5460 -0.0718
vn 0.8347 -0.5459 -0.0719
vn 0.0349 0.0880 0.9955
vn 0.8622 -0.2882 0.4167
vn -0.7451 0.4147 0.5224
vn 0.0351 0.0881 0.9955
vn -0.8220 0.3378 0.4585
vn -0.0234 0.0329 0.9992
vn -0.0235 0.0330 0.9992
vn 0.8032 -0.3406 0.4887
vn 0.9369 -0.3465 -0.0463
vn 0.8572 -0.2985 -0.4197
vn 0.9369 -0.3465 -0.0462
vn 0.9267 -0.3724 -0.0505
vn 0.8144 -0.3354 -0.4736
vn -0.8896 0.4543 0.0467
vn -0.7359 0.4322 -0.5212
vn -0.8192 0.3424 -0.4600
vn -0.9288 0.3687 0.0377
vn -0.9288 0.3687 0.0378
vn 0.1053 0.0566 -0.9928
vn 0.1052 0.0567 -0.9928
vn 0.0399 -0.0007 -0.9992
vn 0.0400 -0.0008 -0.9992
vn -0.1553 -0.0299 0.9874
vn 0.7083 -0.4407 0.5515
vn -0.8444 0.3232 0.4272
vn -0.1552 -0.0300 0.9874
vn -0.8180 0.3615 0.4475
vn -0.2106 -0.0421 0.9767
vn 0.6312 -0.5227 0.5730
vn 0.8803 -0.4702 -0.0631
vn 0.7260 -0.4232 -0.5421
vn 0.8803 -0.4701 -0.0630
vn 0.8160 -0.5730 -0.0762
vn 0.8160 -0.5731 -0.0763
vn 0.6437 -0.4975 -0.5815
vn -0.9271 0.3730 0.0383
vn -0.8524 0.3181 -0.4149
vn -0.9271 0.3730 0.0382
vn -0.8336 0.3540 -0.4240
vn -0.9016 0.4303 0.0440
vn -0.9016 0.4303 0.0441
vn -0.0778 -0.0674 -0.9947
vn -0.1279 -0.0850 -0.9881
vn -0.1279 -0.0851 -0.9881
vn -0.8204 0.5689 0.0579
vn -0.7170 0.4614 0.5226
vn -0.7438 0.4586 -0.4864
vn -0.8204 0.5689 0.0578
vn -0.5546 0.6092 -0.5669
vn -0.6346 0.7689 0.0784
vn -0.5208 0.5926 0.6145
vn -0.0874 -0.0798 -0.9930
vn 0.5308 -0.5843 -0.6139
vn 0.3712 -0.6697 -0.6432
vn -0.0587 -0.0681 -0.9960
vn -0.1576 -0.0309 0.9870
vn 0.5287 -0.6202 0.5795
vn -0.1040 -0.0124 0.9945
vn -0.1039 -0.0124 0.9945
vn 0.3774 -0.7169 0.5862
vn 0.6919 -0.7159 -0.0936
vn 0.6919 -0.7159 -0.0935
vn 0.4995 -0.8593 -0.1101
vn 0.4994 -0.8593 -0.1102
vn -0.0565 0.0335 0.9978
vn 0.3152 -0.7336 0.6021
vn -0.3589 0.6745 0.6452
vn -0.3824 0.6799 0.6257
vn 0.0073 0.0970 0.9953
vn 0.0073 0.0969 0.9953
vn 0.5189 -0.6221 0.5863
vn 0.4058 -0.9063 -0.1179
vn 0.2989 -0.6866 -0.6627
vn 0.4058 -0.9064 -0.1178
vn 0.5976 -0.7947 -0.1064
vn 0.5976 -0.7947 -0.1065
vn 0.4804 -0.6026 -0.6373
vn -0.4572 0.8849 0.0889
vn -0.3837 0.7102 -0.5903
vn -0.4572 0.8849 0.0888
vn -0.3943 0.7207 -0.5702
vn -0.4966 0.8638 0.0852
vn -0.4966 0.8637 0.0853
vn -0.0275 -0.0243 -0.9993
vn -0.0276 -0.0243 -0.9993
vn 0.0501 0.0431 -0.9978
vn 0.8618 -0.5029 -0.0658
vn 0.7562 -0.4108 -0.5093
vn 0.7789 -0.3977 0.4849
vn 0.8618 -0.5029 -0.0657
vn 0.8121 -0.3207 0.4875
vn 0.9396 -0.3392 -0.0450
vn 0.9396 -0.3392 -0.0451
vn 0.8286 -0.3167 -0.4617
vn -0.7532 0.6545 0.0656
vn -0.6156 0.5384 0.5755
vn -0.6129 0.5692 -0.5480
vn -0.8225 0.3323 -0.4616
vn -0.9339 0.3557 0.0372
vn -0.9338 0.3557 0.0373
vn -0.8288 0.3242 0.4561
vn -0.0010 0.0580 -0.9983
vn -0.0503 -0.0282 -0.9983
vn -0.0502 -0.0282 -0.9983
vn -0.0625 0.0948 0.9935
vn -0.1116 0.0064 0.9937
vn -0.1117 0.0063 0.9937
vn -0.9709 0.2382 0.0256
vn -0.9195 0.2076 0.3339
vn -0.9199 0.2012 -0.3366
vn -0.9709 0.2382 0.0255
vn -0.9503 0.1345 -0.2809
vn -0.9918 0.1277 0.0086
vn -0.9499 0.1422 0.2783
vn -0.1758 -0.1386 -0.9746
vn 0.7453 -0.3736 -0.5523
vn -0.1758 -0.1385 -0.9746
vn 0.5542 -0.6129 -0.5632
vn -0.4605 -0.3323 -0.8231
vn -0.4605 -0.3324 -0.8231
vn -0.2687 -0.1023 0.9578
vn 0.6788 -0.4059 0.6120
vn -0.2687 -0.1022 0.9578
vn -0.5606 -0.3290 0.7600
vn -0.5606 -0.3289 0.7600
vn 0.4614 -0.7035 0.5405
vn 0.9322 -0.3588 -0.0474
vn 0.9322 -0.3588 -0.0473
vn 0.4225 -0.9054 -0.0427
vn -0.7098 -0.6992 -0.0858
vn -0.7097 -0.6992 -0.0858
vn -0.7098 -0.6992 -0.0859
vn 0.9910 -0.0322 0.1301
vn 0.4673 -0.8648 -0.1834
vn 0.5200 0.7316 0.4410
vn 0.9910 -0.0321 0.1301
vn 0.5199 0.7316 0.4410
vn 0.4480 0.8251 0.3441
vn 0.9970 -0.0679 0.0378
vn 0.4673 -0.8648 -0.1835
vn 0.4208 -0.8718 -0.2507
vn -0.9910 -0.0321 0.1301
vn -0.5199 0.7316 0.4410
vn -0.4673 -0.8648 -0.1834
vn -0.4674 -0.8648 -0.1835
vn -0.4206 -0.8719 -0.2507
vn -0.9970 -0.0679 0.0379
vn -0.5207 0.7319 0.4396
vn -0.9970 -0.0680 0.0378
vn -0.4480 0.8252 0.3441
vn -0.0008 -0.9712 0.2383
vn -0.0000 -0.9783 -0.2073
vn -0.0000 -0.9783 -0.2072
vn 0.0003 -0.9567 -0.2912
vn -0.0000 0.8501 0.5266
vn -0.0000 0.8502 0.5265
vn -0.0000 0.9278 0.3730
vn -0.9959 -0.0659 0.0623
vn -0.4546 0.8551 0.2493
vn -0.4334 -0.8888 -0.1492
vn -0.9959 -0.0658 0.0623
vn -0.4431 -0.8954 -0.0428
vn -0.9948 -0.0632 0.0796
vn -0.9948 -0.0633 0.0797
vn -0.4693 0.8690 0.1569
vn -0.0000 -0.9824 -0.1866
vn 0.4334 -0.8888 -0.1492
vn 0.4431 -0.8954 -0.0428
vn -0.0000 -0.9975 -0.0706
vn -0.0000 0.9671 0.2546
vn 0.4546 0.8551 0.2493
vn -0.0000 0.9890 0.1480
vn 0.4693 0.8690 0.1569
vn 0.9959 -0.0658 0.0623
vn 0.9959 -0.0659 0.0623
vn 0.9948 -0.0633 0.0796
vn 0.9948 -0.0632 0.0796
vn -0.9952 -0.0647 0.0731
vn -0.4841 0.8743 0.0362
vn -0.4473 -0.8923 0.0612
vn -0.9952 -0.0647 0.0730
vn -0.4515 -0.8810 0.1413
vn -0.9972 -0.0541 0.0510
vn -0.9972 -0.0542 0.0510
vn -0.4906 0.8675 -0.0825
vn -0.0000 -0.9987 0.0503
vn 0.4473 -0.8923 0.0612
vn 0.4514 -0.8811 0.1411
vn -0.0001 -0.9890 0.1479
vn -0.0000 0.9999 0.0152
vn 0.4841 0.8743 0.0362
vn 0.0001 0.9940 -0.1092
vn 0.4906 0.8675 -0.0824
vn 0.9952 -0.0647 0.0730
vn 0.9972 -0.0542 0.0510
vn 0.9972 -0.0542 0.0509
vn -0.0001 0.9920 -0.1260
vn 0.4857 0.8683 -0.1009
vn -0.4857 0.8683 -0.1009
vn -0.4678 0.8789 0.0938
vn -0.0000 0.9968 0.0797
vn 0.4678 0.8788 0.0938
vn 0.9986 -0.0255 0.0459
vn 0.4568 -0.8758 0.1560
vn 0.9986 -0.0256 0.0459
vn 0.9920 0.0281 0.1229
vn 0.9920 0.0282 0.1230
vn 0.4668 -0.8838 0.0321
vn -0.9986 -0.0256 0.0459
vn -0.4567 -0.8758 0.1561
vn -0.9986 -0.0255 0.0458
vn -0.4668 -0.8838 0.0322
vn -0.9920 0.0282 0.1229
vn -0.9920 0.0281 0.1229
vn -0.0002 -0.9859 0.1671
vn 0.0001 -1.0000 0.0048
vn -0.9697 -0.0036 0.2444
vn -0.4286 0.7799 0.4562
vn -0.4617 -0.8321 -0.3074
vn -0.9697 -0.0035 0.2444
vn -0.4300 -0.6983 -0.5723
vn -0.9784 -0.1211 0.1675
vn -0.9784 -0.1211 0.1674
vn -0.4135 0.5930 0.6910
vn -0.0000 -0.9116 -0.4110
vn 0.4617 -0.8321 -0.3074
vn 0.4300 -0.6982 -0.5723
vn -0.0000 -0.7315 -0.6818
vn -0.0000 0.8853 0.4650
vn 0.4286 0.7799 0.4561
vn -0.0000 0.6930 0.7210
vn 0.4135 0.5930 0.6910
vn 0.9697 -0.0036 0.2444
vn 0.9784 -0.1212 0.1675
vn 0.9784 -0.1211 0.1675
vn -0.0000 -0.7113 -0.7029
vn -0.4591 -0.6772 -0.5750
vn 0.4591 -0.6772 -0.5750
vn 0.4381 -0.7759 -0.4539
vn -0.0000 -0.9065 -0.4222
vn -0.4381 -0.7759 -0.4539
vn -0.0000 0.5886 0.8084
vn 0.4402 0.4797 0.7590
vn -0.4401 0.4798 0.7590
vn -0.4149 0.3628 0.8344
vn -0.0000 0.3535 0.9354
vn 0.4149 0.3628 0.8344
vn 0.9704 -0.1799 0.1613
vn 0.9704 -0.1800 0.1612
vn 0.7583 -0.4550 0.4668
vn -0.9704 -0.1800 0.1612
vn -0.9704 -0.1799 0.1612
vn -0.7583 -0.4550 0.4668
vn -0.7584 -0.4550 0.4667
vn -0.0000 -0.7217 0.6922
vn -0.9913 -0.1258 -0.0397
vn -0.7415 -0.4614 0.4871
vn -0.7584 0.1979 -0.6210
vn -0.9913 -0.1257 -0.0397
vn -0.0178 0.3946 -0.9187
vn 0.7249 0.2970 -0.6215
vn -0.0177 0.3945 -0.9187
vn -0.0095 -0.6425 0.7663
vn 0.7440 -0.4099 0.5277
vn -0.0096 -0.6425 0.7662
vn -0.0240 -0.0544 0.9982
vn 0.9997 -0.0108 -0.0231
vn 0.9997 -0.0108 -0.0230
vn 0.9525 0.3046 -0.0003
vn 0.9525 0.3045 -0.0003
vn -0.0031 -0.9857 -0.1685
vn -0.7838 -0.6188 -0.0526
vn -0.0030 -0.9857 -0.1686
vn -0.0000 -0.8206 -0.5715
vn -0.8067 -0.5003 -0.3144
vn -0.0175 0.5298 0.8479
vn -0.8390 0.2248 0.4955
vn -0.0175 0.5299 0.8479
vn -0.8390 0.2248 0.4954
vn -0.8678 0.3589 0.3436
vn -0.0031 0.7403 0.6722
vn -0.0031 0.7404 0.6722
vn -0.9779 -0.1684 0.1240
vn -0.9931 -0.1171 0.0073
vn 0.9936 -0.0892 -0.0687
vn 0.8024 -0.4107 -0.4330
vn 0.9892 0.0815 0.1220
vn 0.9711 0.0004 0.2387
vn 0.9948 -0.0716 -0.0728
vn 0.7950 -0.3770 -0.4753
vn -0.9936 -0.0892 -0.0688
vn -0.9892 0.0815 0.1220
vn -0.8023 -0.4107 -0.4331
vn -0.7950 -0.3770 -0.4753
vn -0.9948 -0.0716 -0.0728
vn -0.9711 0.0004 0.2387
vn -0.0000 -0.6776 -0.7354
vn -0.0000 -0.6233 -0.7820
vn -0.0000 -0.6232 -0.7820
vn -0.0000 0.8108 0.5854
vn 0.7972 0.4629 0.3876
vn -0.7972 0.4629 0.3876
vn -0.0000 0.8108 0.5853
vn -0.7972 0.4629 0.3877
vn -0.8115 0.3901 0.4351
vn -0.0000 0.7284 0.6851
vn -0.0000 0.8107 0.5854
vn -0.0000 0.7284 0.6852
vn 0.8114 0.3901 0.4351
vn -0.9711 0.0005 0.2388
vn -0.9948 -0.0716 -0.0729
vn -0.9982 -0.0324 -0.0499
vn -0.8138 0.2952 0.5006
vn -0.7971 -0.3386 -0.4999
vn -0.7952 -0.2800 -0.5378
vn -0.9991 -0.0182 -0.0388
vn -0.7898 0.2739 0.5489
vn -0.0001 -0.5678 -0.8232
vn 0.7971 -0.3386 -0.4999
vn 0.7952 -0.2799 -0.5378
vn -0.0000 -0.4665 -0.8845
vn 0.9711 0.0005 0.2387
vn -0.0000 -0.1149 0.9934
vn -0.0000 0.5025 0.8646
vn 0.8138 0.2952 0.5005
vn 0.0001 -0.1149 0.9934
vn -0.0000 0.4424 0.8968
vn 0.7896 0.2740 0.5490
vn 0.9948 -0.0716 -0.0729
vn 0.9982 -0.0324 -0.0499
vn 0.9991 -0.0182 -0.0389
vn -0.0000 0.3886 0.9214
vn 0.7959 0.2344 0.5582
vn -0.7959 0.2345 0.5582
vn -0.0000 0.3885 0.9214
vn -0.8198 0.3102 0.4814
vn -0.0000 0.5411 0.8410
vn -0.0000 0.5411 0.8409
vn 0.8198 0.3102 0.4814
vn 0.9984 -0.0323 -0.0468
vn 0.7800 -0.2786 -0.5603
vn 0.9971 -0.0561 -0.0508
vn 0.7746 -0.3873 -0.5000
vn -0.9984 -0.0324 -0.0469
vn -0.7800 -0.2786 -0.5603
vn -0.7746 -0.3872 -0.5001
vn -0.9971 -0.0561 -0.0508
vn -0.0000 -0.4454 -0.8953
vn -0.0000 -0.6168 -0.7871
vn -0.9977 -0.0626 -0.0266
vn -0.8187 0.4280 0.3829
vn -0.7868 -0.4909 -0.3743
vn -0.7978 -0.5021 -0.3338
vn -0.9987 -0.0417 -0.0287
vn -0.8054 0.4905 0.3328
vn -0.0000 -0.7915 -0.6112
vn 0.7868 -0.4908 -0.3743
vn -0.0000 -0.7914 -0.6113
vn 0.7978 -0.5021 -0.3338
vn -0.0000 -0.8338 -0.5521
vn -0.0000 -0.8337 -0.5522
vn -0.0000 0.7530 0.6580
vn 0.8186 0.4280 0.3830
vn -0.0000 0.8264 0.5631
vn -0.0000 0.8264 0.5630
vn 0.8054 0.4905 0.3327
vn 0.9977 -0.0625 -0.0266
vn 0.9987 -0.0417 -0.0289
vn -0.0000 -0.8455 -0.5340
vn -0.7864 -0.5178 -0.3367
vn 0.7864 -0.5178 -0.3368
vn 0.7767 -0.5901 -0.2201
vn -0.0000 -0.9412 -0.3378
vn -0.0000 -0.9413 -0.3377
vn -0.7767 -0.5901 -0.2201
vn -0.0000 0.8445 0.5356
vn 0.8054 0.5055 0.3095
vn -0.8055 0.5055 0.3094
vn -0.0000 0.8444 0.5356
vn -0.8152 0.5262 0.2419
vn -0.0000 0.9031 0.4295
vn -0.0000 0.9031 0.4294
vn 0.8152 0.5262 0.2420
vn 0.9981 -0.0423 -0.0443
vn 0.9975 -0.0669 -0.0225
vn -0.9981 -0.0422 -0.0443
vn -0.9975 -0.0668 -0.0224
vn -0.0000 0.9902 0.1393
vn 0.8294 0.5516 0.0884
vn -0.8294 0.5516 0.0884
vn -0.0000 0.9902 0.1394
vn -0.8162 0.5712 -0.0867
vn -0.0000 0.9840 -0.1784
vn -0.0000 0.9839 -0.1784
vn 0.8162 0.5712 -0.0868
vn 0.9963 -0.0796 0.0324
vn 0.7760 -0.6306 0.0105
vn 0.9969 -0.0598 0.0514
vn 0.7806 -0.5986 0.1801
vn -0.9963 -0.0796 0.0324
vn -0.7761 -0.6306 0.0105
vn -0.7806 -0.5985 0.1801
vn -0.9969 -0.0598 0.0515
vn -0.0000 -1.0000 0.0047
vn -0.0000 -0.9630 0.2695
vn -0.9988 -0.0358 0.0333
vn -0.7928 0.5986 -0.1144
vn -0.7986 -0.5750 0.1779
vn -0.8117 -0.5824 0.0437
vn -0.9991 -0.0284 0.0318
vn -0.7838 0.6194 0.0440
vn -0.0000 -0.9570 0.2901
vn 0.7986 -0.5750 0.1778
vn -0.0000 -0.9570 0.2902
vn 0.8118 -0.5823 0.0438
vn -0.0000 -0.9978 0.0659
vn -0.0000 -0.9978 0.0658
vn -0.0000 0.9802 -0.1980
vn 0.7928 0.5986 -0.1145
vn -0.0000 0.9985 0.0544
vn 0.7838 0.6194 0.0440
vn 0.9988 -0.0360 0.0331
vn 0.9991 -0.0284 0.0318
vn -0.0000 0.9574 0.2888
vn 0.7918 0.5807 0.1894
vn -0.7918 0.5807 0.1894
vn -0.8020 0.5583 0.2122
vn -0.0000 0.9400 0.3412
vn 0.8020 0.5583 0.2122
vn 0.9985 -0.0474 0.0259
vn 0.8008 -0.5909 -0.0977
vn 0.9983 -0.0572 0.0058
vn 0.7917 -0.5892 -0.1613
vn -0.9985 -0.0475 0.0258
vn -0.8008 -0.5909 -0.0977
vn -0.7918 -0.5891 -0.1613
vn -0.9983 -0.0572 0.0057
vn -0.0000 -0.9839 -0.1787
vn -0.0000 -0.9839 -0.1786
vn -0.0000 -0.9618 -0.2738
vn 0.9981 -0.0606 -0.0054
vn 0.7870 -0.5985 -0.1498
vn 0.8088 0.5640 0.1668
vn 0.8109 0.5761 0.1027
vn 0.9981 -0.0623 0.0006
vn 0.7860 -0.6125 -0.0836
vn -0.9982 -0.0605 -0.0054
vn -0.8087 0.5640 0.1668
vn -0.7870 -0.5985 -0.1498
vn -0.7861 -0.6125 -0.0836
vn -0.9981 -0.0624 0.0006
vn -0.8108 0.5762 0.1027
vn -0.0000 -0.9688 -0.2480
vn -0.0000 -0.9902 -0.1400
vn -0.0000 -0.9902 -0.1399
vn -0.0000 0.9611 0.2763
vn -0.0000 0.9857 0.1686
vn -0.0000 0.9857 0.1685
vn -0.9984 -0.0551 0.0083
vn -0.8018 0.5930 0.0741
vn -0.7902 -0.6115 -0.0396
vn -0.7965 -0.5982 -0.0880
vn -0.9990 -0.0440 0.0006
vn -0.7910 0.6005 0.1175
vn -0.0000 -0.9975 -0.0701
vn 0.7903 -0.6115 -0.0396
vn 0.7965 -0.5982 -0.0880
vn -0.0000 -0.9900 -0.1412
vn -0.0000 -0.9900 -0.1413
vn -0.0000 0.9932 0.1160
vn 0.8018 0.5930 0.0741
vn -0.0000 0.9811 0.1933
vn 0.7910 0.6005 0.1175
vn 0.9985 -0.0550 0.0084
vn 0.9990 -0.0439 0.0005
vn -0.0000 0.9395 0.3426
vn 0.7900 0.5776 0.2056
vn -0.7900 0.5776 0.2056
vn -0.7958 0.5340 0.2857
vn -0.0000 0.8798 0.4754
vn 0.7958 0.5339 0.2856
vn 0.9992 -0.0369 -0.0119
vn 0.8004 -0.5684 -0.1906
vn 0.9991 -0.0383 -0.0184
vn 0.8013 -0.5316 -0.2745
vn -0.9992 -0.0375 -0.0120
vn -0.8004 -0.5684 -0.1906
vn -0.8013 -0.5316 -0.2745
vn -0.9991 -0.0383 -0.0183
vn -0.0000 -0.9510 -0.3092
vn -0.0000 -0.8908 -0.4544
vn -0.0000 -0.8908 -0.4545
vn -0.9986 -0.0532 -0.0030
vn -0.7991 0.4861 0.3537
vn -0.7955 -0.5245 -0.3033
vn -0.7904 -0.5518 -0.2660
vn -0.9630 -0.1917 0.1895
vn -0.7982 0.4213 0.4306
vn -0.0000 -0.8604 -0.5096
vn 0.7955 -0.5245 -0.3033
vn 0.7904 -0.5518 -0.2660
vn -0.0000 -0.9699 -0.2435
vn -0.0000 0.8114 0.5846
vn 0.7992 0.4861 0.3537
vn -0.0000 0.4990 0.8666
vn -0.0001 0.4990 0.8666
vn 0.7982 0.4214 0.4306
vn 0.9986 -0.0532 -0.0029
vn 0.9630 -0.1917 0.1895
vn -0.0000 -0.6104 0.7921
vn -0.0001 -0.6103 0.7921
vn -0.0285 -0.6106 0.7914
vn 0.7261 0.0291 0.6870
vn -0.0286 -0.6106 0.7914
vn -0.4303 -0.4594 0.7770
vn 0.7260 0.0291 0.6870
vn 0.4244 0.1263 0.8966
vn 0.5603 0.3196 -0.7641
vn 0.7218 0.5143 -0.4631
vn 0.7219 0.5143 -0.4631
vn 0.7320 0.5155 -0.4454
vn 0.5040 0.2772 -0.8180
vn 0.8569 0.5148 0.0258
vn 0.8569 0.5148 0.0259
vn 0.8210 0.5685 0.0521
vn 0.8210 0.5685 0.0520
vn -0.4679 -0.4162 0.7797
vn 0.3352 0.1853 0.9238
vn -0.6860 -0.5714 0.4505
vn -0.6904 -0.5605 0.4574
vn -0.4748 -0.3995 0.7842
vn 0.3118 0.2073 0.9273
vn 0.4341 0.2899 -0.8529
vn -0.2816 -0.2966 -0.9125
vn 0.7086 0.5299 -0.4659
vn 0.6958 0.5367 -0.4773
vn 0.4084 0.2969 -0.8632
vn -0.2992 -0.2748 -0.9138
vn -0.7592 -0.6431 -0.1006
vn -0.7592 -0.6431 -0.1007
vn -0.7702 -0.6294 -0.1030
vn -0.7702 -0.6294 -0.1029
vn 0.8002 0.5963 0.0632
vn 0.8002 0.5963 0.0633
vn 0.7906 0.6086 0.0672
vn 0.7906 0.6086 0.0671
vn 0.4116 0.2914 -0.8635
vn -0.3223 -0.2322 -0.9177
vn 0.7120 0.5136 -0.4789
vn 0.7651 0.4439 -0.4665
vn 0.4368 0.2700 -0.8581
vn -0.3723 -0.1580 -0.9146
vn -0.8142 -0.5716 -0.1015
vn -0.7250 -0.5131 0.4595
vn -0.8885 -0.4487 -0.0957
vn -0.8886 -0.4487 -0.0956
vn -0.7947 -0.4113 0.4464
vn 0.8078 0.5857 0.0667
vn 0.3161 0.2220 0.9224
vn 0.8078 0.5857 0.0668
vn 0.3277 0.2233 0.9180
vn 0.8608 0.5049 0.0645
vn 0.8608 0.5048 0.0644
vn -0.5033 -0.3602 0.7854
vn -0.5734 -0.2799 0.7700
vn 0.8847 0.4613 0.0674
vn 0.7882 0.4123 -0.4568
vn 0.2764 0.2164 0.9363
vn 0.8847 0.4613 0.0675
vn 0.2383 0.2157 0.9469
vn 0.8192 0.5690 0.0720
vn 0.8191 0.5691 0.0719
vn 0.7186 0.5093 -0.4736
vn -0.6037 -0.2379 0.7609
vn -0.8261 -0.3223 0.4623
vn -0.7209 -0.1869 0.6674
vn -0.4793 -0.2924 0.8275
vn 0.4289 0.2592 -0.8654
vn -0.4201 -0.1195 -0.8996
vn 0.3675 0.2822 -0.8862
vn -0.4073 -0.1780 -0.8958
vn -0.9320 -0.3500 -0.0937
vn -0.9526 -0.2896 -0.0930
vn -0.9526 -0.2896 -0.0929
vn 0.3364 0.3236 -0.8844
vn -0.0508 -0.2135 -0.9756
vn 0.6008 0.6319 -0.4896
vn 0.5118 0.7043 -0.4919
vn 0.2894 0.3558 -0.8886
vn -0.0347 -0.4025 -0.9148
vn -0.9737 -0.2280 0.0035
vn -0.4749 0.3691 0.7989
vn -0.6012 -0.5022 -0.6216
vn -0.6012 -0.5022 -0.6215
vn -0.6385 -0.6290 -0.4435
vn -0.9834 -0.1052 0.1476
vn -0.4749 0.3692 0.7989
vn -0.9737 -0.2280 0.0034
vn -0.9834 -0.1053 0.1476
vn -0.3796 0.5465 0.7465
vn 0.6960 0.7147 0.0698
vn 0.2943 0.2359 0.9261
vn 0.6960 0.7146 0.0699
vn 0.2817 0.2712 0.9204
vn 0.5973 0.7992 0.0667
vn 0.5973 0.7992 0.0666
vn -0.2647 -0.3732 0.8892
vn -0.1099 -0.1065 0.9882
vn 0.1651 -0.4901 0.8559
vn -0.1823 -0.4531 0.8726
vn 0.1746 0.4059 -0.8971
vn -0.2002 -0.3504 -0.9150
vn 0.3595 0.7838 -0.5064
vn 0.0912 0.8496 -0.5194
vn 0.0310 0.4581 -0.8883
vn -0.2737 -0.0550 -0.9602
vn -0.1108 -0.9887 -0.1010
vn -0.4424 -0.8916 -0.0965
vn -0.3092 -0.7649 0.5650
vn -0.4424 -0.8916 -0.0966
vn -0.8249 -0.5565 -0.0994
vn -0.8249 -0.5565 -0.0995
vn -0.3066 -0.5917 0.7456
vn 0.4251 0.9024 0.0702
vn 0.1579 0.2864 0.9450
vn 0.0333 0.3059 0.9515
vn 0.1082 0.9913 0.0750
vn 0.1081 0.9913 0.0749
vn -0.1893 -0.5220 0.8317
vn -0.0838 -0.5331 0.8419
vn -0.0150 0.9973 0.0716
vn -0.0166 0.8680 -0.4962
vn 0.0042 0.3969 0.9178
vn -0.0150 0.9973 0.0717
vn 0.1028 0.4153 0.9038
vn 0.1775 0.9817 0.0689
vn 0.1775 0.9817 0.0688
vn 0.1523 0.8638 -0.4803
vn 0.0328 -0.5222 0.8522
vn 0.0599 -0.5910 0.8045
vn 0.0759 -0.8063 0.5866
vn -0.0449 -0.5509 0.8334
vn -0.0115 0.5076 -0.8615
vn 0.0163 0.0700 -0.9974
vn 0.0999 0.5067 -0.8563
vn 0.1615 -0.2843 -0.9450
vn 0.0428 -0.3875 0.9209
vn 0.3647 -0.6670 0.6497
vn -0.5296 -0.1378 0.8370
vn -0.6072 0.0599 0.7923
vn -0.0203 -0.1564 0.9875
vn 0.3648 -0.6670 0.6497
vn 0.4833 -0.4178 0.7693
vn 0.2271 0.4667 -0.8548
vn -0.0567 -0.3717 -0.9266
vn 0.3642 0.8054 -0.4677
vn 0.5416 0.6956 -0.4720
vn 0.3331 0.3910 -0.8580
vn -0.1608 -0.3421 -0.9258
vn 0.0871 -0.9930 -0.0795
vn -0.2822 -0.9548 -0.0937
vn -0.2723 -0.8344 0.4793
vn 0.0871 -0.9930 -0.0796
vn -0.2821 -0.9548 -0.0938
vn -0.5327 -0.8398 -0.1048
vn -0.5328 -0.8397 -0.1048
vn -0.4885 -0.7409 0.4609
vn 0.4156 0.9071 0.0669
vn 0.2039 0.3576 0.9113
vn 0.4156 0.9071 0.0670
vn 0.2931 0.2957 0.9092
vn 0.6177 0.7834 0.0688
vn 0.6177 0.7834 0.0687
vn -0.1948 -0.5675 0.8000
vn -0.3231 -0.5226 0.7890
vn -0.6576 -0.7461 -0.1047
vn -0.5997 -0.6478 0.4698
vn -0.1877 -0.3596 -0.9141
vn -0.6576 -0.7461 -0.1048
vn -0.1123 -0.4650 -0.8781
vn -0.3408 -0.9097 -0.2374
vn -0.3407 -0.9097 -0.2375
vn -0.5712 -0.6702 0.4738
vn 0.8011 0.5946 0.0686
vn 0.6925 0.5340 -0.4850
vn 0.3972 0.1677 0.9023
vn 0.8011 0.5946 0.0687
vn 0.4917 -0.0396 0.8699
vn 0.9744 0.0518 0.2188
vn 0.8053 0.3436 -0.4831
vn -0.3811 -0.4695 0.7965
vn -0.0348 -0.6102 0.7915
vn 0.4278 0.2655 -0.8640
vn 0.5607 -0.1611 -0.8122
vn 0.5716 -0.8205 0.0004
vn 0.5717 -0.8205 0.0005
vn 0.5210 -0.8523 -0.0456
vn 0.3593 -0.4915 -0.7933
vn 0.5210 -0.8523 -0.0455
vn 0.7858 -0.6184 -0.0056
vn 0.3594 -0.4916 -0.7932
vn 0.7859 -0.6184 -0.0056
vn 0.4793 -0.3930 -0.7848
vn 0.0298 -0.1592 -0.9868
vn -0.4796 0.0170 -0.8773
vn 0.0298 -0.1593 -0.9868
vn -0.0197 -0.1262 -0.9918
vn -0.5991 0.0736 -0.7973
vn -0.9893 0.1412 -0.0362
vn -0.9893 0.1412 -0.0361
vn -0.9878 0.1555 -0.0042
vn -0.9893 0.1411 -0.0362
vn -0.0577 -0.1009 0.9932
vn 0.4330 0.0780 0.8980
vn -0.5758 -0.2897 0.7646
vn -0.3594 -0.5486 0.7549
vn -0.0013 -0.0352 0.9994
vn 0.3160 0.5243 0.7907
vn -0.9273 -0.3744 -0.0000
vn -0.5758 -0.2897 -0.7645
vn -0.9273 -0.3743 -0.0000
vn -0.3594 -0.5486 -0.7549
vn -0.5825 -0.8128 -0.0000
vn -0.0577 -0.1009 -0.9932
vn 0.4330 0.0780 -0.8980
vn 0.3161 0.5243 -0.7907
vn -0.0013 -0.0352 -0.9994
vn 0.9619 0.2736 -0.0000
vn 0.9618 0.2736 -0.0000
vn 0.4772 0.8788 -0.0000
vn 0.4771 0.8788 -0.0000
vn 0.0327 -0.0153 -0.9993
vn -0.2064 -0.6072 -0.7673
vn 0.2570 0.5745 -0.7771
vn 0.3330 0.5336 -0.7774
vn 0.3257 -0.0425 -0.9445
vn -0.0630 -0.6229 -0.7797
vn 0.3887 0.9214 -0.0000
vn 0.2570 0.5745 0.7771
vn 0.3330 0.5336 0.7774
vn 0.6657 0.7462 -0.0001
vn 0.6657 0.7462 -0.0000
vn 0.0327 -0.0152 0.9993
vn -0.2064 -0.6072 0.7673
vn -0.0631 -0.6229 0.7797
vn 0.3257 -0.0425 0.9445
vn -0.3325 -0.9431 -0.0000
vn 0.1902 -0.9817 -0.0000
vn 0.9676 -0.2526 -0.0000
vn 0.9676 -0.2527 0.0001
vn -0.9014 -0.4309 -0.0429
vn -0.3848 -0.4749 0.7915
vn -0.9013 -0.4310 -0.0429
vn -0.9826 -0.1852 -0.0117
vn -0.3848 -0.4748 0.7915
vn -0.9013 -0.4310 -0.0428
vn -0.9826 -0.1851 -0.0116
vn -0.6358 -0.2000 0.7455
vn 0.9848 -0.1725 -0.0192
vn 0.8357 -0.2155 0.5052
vn 0.9848 -0.1725 -0.0191
vn 0.8357 -0.2155 0.5051
vn 0.7359 -0.0980 0.6700
vn 0.9987 -0.0517 0.0032
vn 0.9848 -0.1725 -0.0193
vn 0.9987 -0.0517 0.0031
vn 0.4046 -0.2985 0.8644
vn 0.1148 -0.1706 0.9786
vn 0.0861 -0.0485 -0.9951
vn -0.6024 -0.1191 -0.7892
vn 0.6587 0.0264 -0.7519
vn 0.6167 0.1209 -0.7778
vn 0.0637 0.0044 -0.9980
vn -0.5807 -0.1285 -0.8039
vn -0.9892 -0.1462 -0.0084
vn -0.6451 -0.1185 0.7549
vn -0.9785 -0.2059 -0.0095
vn -0.9785 -0.2058 -0.0095
vn -0.6207 -0.1359 0.7722
vn -0.0055 -0.0577 0.9983
vn 0.6163 0.0180 0.7873
vn -0.0193 -0.0127 0.9997
vn 0.5749 0.1114 0.8106
vn 0.9975 0.0706 0.0101
vn 0.9798 0.1998 0.0114
vn 0.9798 0.1999 0.0113
vn -0.0028 -0.0024 1.0000
vn 0.5897 0.1060 0.8006
vn -0.6028 -0.1164 0.7894
vn -0.5886 0.0206 0.8082
vn 0.0144 -0.0148 0.9998
vn 0.6102 -0.0547 0.7903
vn 0.9849 0.1727 0.0112
vn 0.6292 0.1131 -0.7690
vn 0.9849 0.1728 0.0112
vn 0.9969 -0.0777 0.0109
vn 0.9969 -0.0778 0.0110
vn 0.6476 -0.0562 -0.7599
vn 0.0788 0.0128 -0.9968
vn -0.5603 -0.1083 -0.8212
vn 0.0956 -0.0198 -0.9952
vn -0.5424 0.0168 -0.8400
vn -0.9812 -0.1926 -0.0101
vn -0.9990 0.0441 -0.0107
vn 0.9429 -0.3328 0.0107
vn 0.6164 -0.2288 -0.7534
vn 0.5781 -0.2181 0.7863
vn 0.9429 -0.3328 0.0108
vn 0.5715 -0.1760 0.8015
vn 0.9521 -0.3055 0.0110
vn 0.6152 -0.1883 -0.7656
vn 0.0807 -0.0508 -0.9954
vn -0.5566 0.1499 -0.8172
vn 0.0567 -0.0254 -0.9981
vn -0.6059 0.1340 -0.7841
vn -0.9597 0.2809 -0.0099
vn -0.5987 0.1653 0.7838
vn -0.9784 0.2064 -0.0091
vn -0.6449 0.1434 0.7507
vn -0.0014 -0.0241 0.9997
vn -0.0304 -0.0023 0.9995
vn 0.0501 0.0021 -0.9987
vn -0.6239 -0.0279 -0.7810
vn 0.6306 0.0047 -0.7761
vn 0.6075 0.1724 -0.7754
vn 0.0552 0.0190 -0.9983
vn -0.5857 -0.1653 -0.7935
vn -0.9981 -0.0613 -0.0091
vn -0.6629 -0.0305 0.7481
vn -0.9596 -0.2813 -0.0094
vn -0.6240 -0.1770 0.7611
vn -0.0393 -0.0001 0.9992
vn 0.5837 0.0049 0.8119
vn -0.0291 -0.0048 0.9996
vn 0.5645 0.1609 0.8096
vn 0.9999 -0.0119 0.0114
vn 0.9644 0.2643 0.0114
vn -0.0155 -0.0054 0.9999
vn 0.5455 0.2241 0.8076
vn -0.5843 -0.2357 0.7766
vn -0.5723 -0.2356 0.7855
vn -0.0092 -0.0057 0.9999
vn 0.5471 0.2221 0.8070
vn 0.9252 0.3794 0.0114
vn 0.5845 0.2399 -0.7751
vn 0.9252 0.3794 0.0113
vn 0.9259 0.3775 0.0114
vn 0.9260 0.3775 0.0114
vn 0.5850 0.2377 -0.7754
vn 0.0626 0.0263 -0.9977
vn -0.5459 -0.2200 -0.8085
vn 0.0676 0.0257 -0.9974
vn -0.5335 -0.2200 -0.8167
vn -0.9271 -0.3747 -0.0098
vn -0.9252 -0.3794 -0.0101
vn -0.9252 -0.3794 -0.0100
vn 0.0690 0.0055 -0.9976
vn -0.5342 -0.2248 -0.8149
vn 0.5978 0.2047 -0.7751
vn 0.6133 0.1579 -0.7739
vn 0.0985 -0.1775 -0.9792
vn -0.5234 -0.2603 -0.8113
vn -0.9256 -0.3783 -0.0097
vn -0.5732 -0.2385 0.7840
vn -0.7966 -0.6039 -0.0274
vn -0.7966 -0.6039 -0.0275
vn -0.5624 -0.2722 0.7808
vn -0.0077 -0.0232 0.9997
vn 0.5602 0.1897 0.8063
vn 0.0410 -0.1980 0.9793
vn 0.5764 0.1423 0.8047
vn 0.9462 0.3234 0.0108
vn 0.9462 0.3235 0.0108
vn 0.9986 0.0443 0.0279
vn 0.3374 -0.9414 0.0001
vn 0.3374 -0.9413 -0.0000
vn -0.0000 0.9510 -0.3091
vn 0.6981 0.6718 -0.2478
vn 0.7790 0.6100 -0.1451
vn -0.0000 0.9789 -0.2044
vn 0.9681 0.1794 -0.1748
vn 0.8953 -0.3716 -0.2456
vn 0.8132 -0.5820 0.0004
vn 0.9968 0.0324 -0.0725
vn -0.0000 -0.9582 -0.2859
vn -0.0000 -0.9583 -0.2859
vn -0.0000 -0.9993 0.0383
vn -0.9996 0.0032 -0.0264
vn -0.8325 -0.5540 0.0047
vn -0.8292 0.5554 -0.0620
vn -0.8377 0.5423 -0.0642
vn -1.0000 0.0059 -0.0060
vn -0.8488 -0.5264 0.0490
vn -0.0000 0.9956 -0.0938
vn 0.8293 0.5554 -0.0620
vn 0.8377 0.5423 -0.0642
vn -0.0000 0.9929 -0.1189
vn 0.9996 0.0032 -0.0264
vn 0.8325 -0.5540 0.0047
vn 0.8489 -0.5263 0.0491
vn 1.0000 0.0059 -0.0059
vn -0.0000 -0.9996 0.0271
vn -0.0000 -0.9959 0.0907
vn 0.9999 0.0110 0.0034
vn 0.8426 0.5257 -0.1168
vn 0.8592 -0.4958 0.1263
vn 0.8624 -0.4628 0.2054
vn 0.9998 0.0142 0.0128
vn 0.8484 0.5017 -0.1692
vn -0.0000 -0.9718 0.2357
vn -0.8592 -0.4958 0.1263
vn -0.0000 -0.9718 0.2356
vn -0.8625 -0.4625 0.2053
vn -0.0000 -0.9195 0.3930
vn -0.0000 -0.9195 0.3931
vn -0.9999 0.0108 0.0034
vn -0.8426 0.5256 -0.1169
vn -0.8484 0.5016 -0.1693
vn -0.9998 0.0142 0.0129
vn -0.0000 0.9738 -0.2274
vn -0.0001 0.9432 -0.3324
vn -0.0000 0.9431 -0.3324
vn -0.9998 0.0139 0.0155
vn -0.8597 -0.4387 0.2615
vn -0.8504 0.4787 -0.2184
vn -0.8486 0.4456 -0.2853
vn -1.0000 0.0042 -0.0019
vn -0.8569 -0.4328 0.2799
vn -0.0000 0.9045 -0.4264
vn 0.8504 0.4787 -0.2184
vn -0.0001 0.9045 -0.4264
vn 0.8487 0.4455 -0.2852
vn -0.0000 0.8441 -0.5361
vn -0.0000 0.8441 -0.5362
vn 0.9998 0.0139 0.0155
vn 0.8597 -0.4387 0.2615
vn 0.8569 -0.4327 0.2800
vn 1.0000 0.0042 -0.0020
vn -0.0000 -0.8651 0.5017
vn -0.0000 -0.8394 0.5435
vn -0.0000 -0.8394 0.5436
vn -0.9981 -0.0265 -0.0563
vn -0.8514 -0.4662 0.2403
vn -0.8336 0.3897 -0.3914
vn -0.8109 0.2630 -0.5228
vn -0.9139 -0.1810 -0.3635
vn -0.8374 -0.5427 0.0642
vn -0.0000 0.7334 -0.6798
vn 0.8336 0.3897 -0.3914
vn 0.8109 0.2629 -0.5228
vn -0.0000 0.3168 -0.9485
vn 0.9981 -0.0265 -0.0564
vn 0.8514 -0.4662 0.2403
vn 0.8374 -0.5427 0.0642
vn 0.9139 -0.1809 -0.3635
vn -0.0000 -0.8736 0.4866
vn -0.0000 -0.8736 0.4867
vn -0.0000 -0.9974 -0.0724
vn -0.0000 -0.5317 -0.8469
vn -0.0000 -0.3684 -0.9297
vn -0.7968 -0.2877 -0.5313
vn 0.7968 -0.2877 -0.5313
vn 0.7968 -0.2877 -0.5314
vn 0.7766 -0.2668 -0.5707
vn -0.0000 -0.3329 -0.9430
vn -0.7968 -0.2877 -0.5314
vn -0.7766 -0.2668 -0.5707
vn -0.9697 -0.2441 0.0018
vn -0.9698 -0.2441 0.0017
vn -0.9697 -0.2441 0.0017
vn -0.9789 -0.2036 -0.0156
vn -0.9789 -0.2036 -0.0155
vn 0.9697 -0.2441 0.0017
vn 0.9697 -0.2441 0.0018
vn 0.9789 -0.2035 -0.0155
vn 0.9789 -0.2036 -0.0156
vn -0.9874 -0.1568 0.0197
vn -0.7628 -0.3112 0.5668
vn -0.8382 -0.0767 -0.5400
vn -0.9874 -0.1568 0.0196
vn -0.8359 0.3096 -0.4532
vn -0.9910 -0.1341 -0.0034
vn -0.9910 -0.1341 -0.0033
vn -0.7291 -0.5402 0.4203
vn 0.9874 -0.1568 0.0196
vn 0.8382 -0.0766 -0.5399
vn 0.7628 -0.3112 0.5668
vn 0.9874 -0.1568 0.0197
vn 0.7291 -0.5402 0.4203
vn 0.9910 -0.1341 -0.0033
vn 0.9910 -0.1341 -0.0034
vn 0.8360 0.3096 -0.4532
vn -0.0000 -0.4051 0.9143
vn -0.0000 -0.7366 0.6763
vn -0.0000 -0.7367 0.6763
vn -0.0000 -0.0436 -0.9991
vn -0.0000 0.6478 -0.7618
vn -0.0000 0.6479 -0.7617
vn 0.9986 -0.0469 -0.0260
vn 0.7749 0.5580 -0.2970
vn 0.7367 -0.6262 0.2550
vn 0.9986 -0.0470 -0.0259
vn 0.7699 -0.6128 0.1784
vn 0.9996 -0.0177 -0.0232
vn 0.9996 -0.0176 -0.0232
vn 0.7817 0.5829 -0.2219
vn -0.0000 -0.9133 0.4072
vn -0.7367 -0.6263 0.2551
vn -0.0000 -0.9133 0.4073
vn -0.7699 -0.6128 0.1784
vn -0.0000 -0.9549 0.2968
vn -0.0000 0.9009 -0.4340
vn -0.7749 0.5580 -0.2970
vn -0.0000 0.9413 -0.3377
vn -0.0000 0.9413 -0.3376
vn -0.7817 0.5828 -0.2219
vn -0.9986 -0.0470 -0.0259
vn -0.9986 -0.0469 -0.0259
vn -0.9996 -0.0176 -0.0232
vn -0.9996 -0.0177 -0.0232
vn -0.0000 -0.9362 0.3514
vn 0.8061 -0.5572 0.1996
vn -0.8061 -0.5572 0.1996
vn -0.0000 -0.9363 0.3513
vn -0.8313 -0.4448 0.3333
vn -0.0000 -0.7893 0.6140
vn 0.8313 -0.4448 0.3333
vn -0.0000 0.9158 -0.4016
vn -0.7847 0.5644 -0.2564
vn 0.7847 0.5644 -0.2564
vn -0.0000 0.9158 -0.4015
vn 0.7794 0.4771 -0.4061
vn -0.0000 0.7719 -0.6358
vn -0.0000 0.7718 -0.6358
vn -0.7794 0.4771 -0.4061
vn -0.9997 0.0035 -0.0259
vn -0.9997 0.0036 -0.0260
vn -0.9994 0.0120 -0.0322
vn -0.9994 0.0119 -0.0322
vn 0.9997 0.0036 -0.0259
vn 0.9997 0.0035 -0.0259
vn 0.9994 0.0119 -0.0322
vn 0.9994 0.0120 -0.0322
vn -0.9995 -0.0156 -0.0276
vn -0.8200 -0.3495 0.4533
vn -0.7745 0.3359 -0.5361
vn -0.9995 -0.0156 -0.0277
vn -0.7732 0.2365 -0.5884
vn -0.9744 -0.1583 -0.1600
vn -0.9743 -0.1583 -0.1600
vn -0.8109 -0.3402 0.4761
vn 0.9995 -0.0155 -0.0277
vn 0.7745 0.3359 -0.5360
vn 0.8200 -0.3495 0.4533
vn 0.9995 -0.0156 -0.0276
vn 0.8109 -0.3402 0.4761
vn 0.9743 -0.1583 -0.1600
vn 0.7732 0.2365 -0.5884
vn -0.0000 -0.5790 0.8153
vn -0.0000 -0.7345 0.6786
vn -0.0000 0.5334 -0.8459
vn -0.0000 0.5334 -0.8458
vn -0.0000 0.1752 -0.9845
vn 0.0001 0.1751 -0.9846
vn -0.0000 -0.8740 -0.4859
vn -0.9785 0.0979 0.1816
vn -0.9381 -0.3405 0.0641
vn -0.9785 0.0979 0.1817
vn -0.9381 -0.3404 0.0640
vn -0.8555 -0.3906 -0.3400
vn -0.9959 0.0066 0.0899
vn 0.9785 0.0979 0.1817
vn 0.9381 -0.3405 0.0642
vn 0.9959 0.0066 0.0899
vn 0.9381 -0.3404 0.0640
vn 0.8555 -0.3906 -0.3400
vn -0.0001 -0.1149 0.9934
vn -0.0000 -0.9578 -0.2874
vn -0.0000 -0.1150 0.9934
vn -0.0000 -0.6675 -0.7446
vn -0.0000 -0.6277 -0.7784
vn -0.8777 -0.3018 -0.3722
vn 0.8777 -0.3018 -0.3722
vn -0.0001 -0.6277 -0.7785
vn 0.9003 -0.3338 -0.2793
vn -0.0000 -0.7750 -0.6320
vn -0.9003 -0.3339 -0.2793
vn 0.9998 -0.0115 0.0153
vn 0.8811 0.2858 0.3769
vn 0.9192 0.2772 0.2797
vn 0.9999 -0.0146 0.0048
vn -0.0001 0.6225 0.7826
vn -0.8811 0.2858 0.3769
vn -0.0000 0.6225 0.7826
vn -0.9192 0.2772 0.2797
vn -0.0000 0.6986 0.7155
vn -0.0000 0.6987 0.7154
vn -0.9998 -0.0115 0.0152
vn -0.9999 -0.0147 0.0046
vn 0.9996 -0.0182 0.0229
vn 0.9000 -0.3997 -0.1737
vn 0.9218 0.3128 0.2288
vn 0.9178 0.3283 0.2233
vn 0.9920 -0.0650 0.1080
vn 0.8961 -0.4294 -0.1123
vn -0.0000 0.8272 0.5619
vn -0.9219 0.3128 0.2287
vn 0.0001 0.8272 0.5620
vn -0.9178 0.3282 0.2233
vn -0.0001 0.7145 0.6996
vn -0.0000 0.7145 0.6996
vn -0.9996 -0.0186 0.0228
vn -0.9000 -0.3997 -0.1737
vn -0.8961 -0.4294 -0.1123
vn -0.9920 -0.0650 0.1081
vn 0.0001 -0.9164 -0.4002
vn -0.0000 -0.9164 -0.4002
vn 0.0001 -0.9995 -0.0304
vn -0.0000 -0.9995 -0.0304
vn -0.0000 -0.3976 0.9176
vn -0.0000 -0.3976 0.9175
vn 0.2641 0.4898 0.8309
vn 0.6358 0.3118 0.7061
vn 0.2641 0.4899 0.8308
vn 0.3240 0.6427 0.6942
vn 0.6358 0.3119 0.7060
vn 0.6649 0.4611 0.5876
vn -0.2954 -0.6301 -0.7181
vn -0.0780 -0.7775 -0.6241
vn -0.2955 -0.6302 -0.7180
vn 0.0208 -0.8330 -0.5529
vn -0.3423 -0.7506 -0.5652
vn 0.6996 -0.7141 0.0263
vn 0.6996 -0.7140 0.0262
vn 0.6996 -0.7140 0.0263
vn 0.9078 -0.4194 -0.0039
vn 0.9078 -0.4193 -0.0039
vn -0.3170 -0.7188 -0.6187
vn -0.6397 -0.6212 -0.4527
vn 0.0764 -0.7949 -0.6020
vn 0.3111 -0.5688 -0.7614
vn -0.1899 -0.5309 -0.8259
vn -0.6459 -0.4758 -0.5971
vn -0.9723 -0.1823 0.1465
vn -0.4347 0.4141 0.7998
vn -0.9723 -0.1822 0.1465
vn -0.9785 -0.1822 0.0963
vn -0.4938 0.2313 0.8382
vn 0.2449 0.5248 0.8152
vn 0.6356 0.3465 0.6899
vn 0.1236 0.3047 0.9444
vn 0.5708 0.1894 0.7990
vn 0.9255 -0.3769 0.0384
vn 0.9254 -0.3770 0.0384
vn 0.9722 -0.2257 0.0624
vn -0.0509 -0.3230 -0.9450
vn -0.5998 -0.2860 -0.7473
vn 0.4814 -0.3092 -0.8202
vn 0.4530 -0.3566 -0.8171
vn -0.0785 -0.3776 -0.9226
vn -0.5959 -0.3006 -0.7447
vn -0.9950 -0.0982 0.0201
vn -0.5462 0.1568 0.8229
vn -0.9990 -0.0446 0.0022
vn -0.9990 -0.0447 0.0022
vn -0.5054 0.2889 0.8131
vn 0.0830 0.2191 0.9722
vn 0.5790 0.1564 0.8002
vn 0.1596 0.3526 0.9221
vn 0.6260 0.2786 0.7284
vn 0.9951 -0.0982 -0.0115
vn 0.9951 -0.0983 -0.0116
vn 0.9935 -0.0834 -0.0769
vn 0.9935 -0.0834 -0.0768
vn 0.2109 0.4554 0.8650
vn 0.6440 0.3351 0.6877
vn -0.4772 0.3666 0.7987
vn -0.4649 0.2452 0.8507
vn -0.0417 0.1074 0.9933
vn 0.5861 0.1687 0.7925
vn 0.9814 -0.1822 -0.0597
vn 0.3670 -0.5184 -0.7724
vn 0.9814 -0.1822 -0.0598
vn 0.6709 -0.7181 0.1852
vn 0.6709 -0.7181 0.1851
vn 0.2538 -0.6936 -0.6741
vn -0.1741 -0.5303 -0.8298
vn -0.6320 -0.4245 -0.6483
vn -0.3157 -0.7127 -0.6265
vn -0.6358 -0.5368 -0.5547
vn -0.9962 -0.0602 0.0624
vn -0.9105 -0.3724 0.1795
vn -0.2359 -0.8552 0.4616
vn -0.2360 -0.8551 0.4616
vt 0.655106 0.112472
vt 0.661471 0.110409
vt 0.658452 0.105527
vt 0.652361 0.107615
vt 0.667149 0.108682
vt 0.663952 0.103627
vt 0.143985 0.338027
vt 0.147951 0.336326
vt 0.145912 0.331604
vt 0.141567 0.334424
vt 0.139794 0.340283
vt 0.137467 0.336885
vt 0.138935 0.330241
vt 0.134981 0.332422
vt 0.142467 0.328027
vt 0.142610 0.376002
vt 0.146234 0.378019
vt 0.150065 0.373591
vt 0.145416 0.371352
vt 0.138549 0.373986
vt 0.141583 0.368512
vt 0.154821 0.370531
vt 0.153580 0.368207
vt 0.150394 0.369045
vt 0.710961 0.336939
vt 0.707342 0.340165
vt 0.711836 0.340785
vt 0.713313 0.338204
vt 0.795163 0.504258
vt 0.805346 0.511779
vt 0.811896 0.497658
vt 0.803287 0.492321
vt 0.033093 0.293445
vt 0.036344 0.292223
vt 0.035134 0.288926
vt 0.032538 0.289740
vt 0.710286 0.349575
vt 0.708268 0.344520
vt 0.702994 0.346042
vt 0.704107 0.350946
vt 0.701898 0.341871
vt 0.664362 0.116200
vt 0.669674 0.114184
vt 0.658185 0.118691
vt 0.701514 0.333586
vt 0.706782 0.332671
vt 0.705642 0.330562
vt 0.700937 0.330920
vt 0.160183 0.373193
vt 0.157872 0.378005
vt 0.160764 0.377985
vt 0.162460 0.373736
vt 0.163011 0.378549
vt 0.164272 0.374549
vt 0.705403 0.328502
vt 0.700299 0.328495
vt 0.715723 0.412394
vt 0.714027 0.408992
vt 0.706886 0.409890
vt 0.707790 0.413433
vt 0.712671 0.405337
vt 0.706107 0.406117
vt 0.587638 0.151794
vt 0.592523 0.150388
vt 0.589406 0.142245
vt 0.584306 0.142904
vt 0.582947 0.152913
vt 0.579292 0.143011
vt 0.079264 0.350424
vt 0.083963 0.350656
vt 0.088108 0.344686
vt 0.083973 0.343970
vt 0.088851 0.350941
vt 0.092242 0.345428
vt 0.721179 0.408921
vt 0.718985 0.405208
vt 0.723720 0.412322
vt 0.080649 0.365908
vt 0.085232 0.364845
vt 0.082772 0.357914
vt 0.077999 0.358341
vt 0.089992 0.363697
vt 0.087572 0.357312
vt 0.087603 0.357654
vt 0.580000 0.134508
vt 0.574469 0.133628
vt 0.585682 0.134791
vt 0.090371 0.369985
vt 0.094308 0.368521
vt 0.086428 0.371423
vt 0.711833 0.401082
vt 0.705487 0.401794
vt 0.711233 0.395862
vt 0.704857 0.396529
vt 0.597952 0.148460
vt 0.604487 0.145964
vt 0.601352 0.138110
vt 0.594890 0.140612
vt 0.094042 0.351395
vt 0.096628 0.346368
vt 0.099763 0.352326
vt 0.101751 0.347661
vt 0.717372 0.400870
vt 0.716224 0.395586
vt 0.095020 0.362329
vt 0.092496 0.356276
vt 0.100485 0.360398
vt 0.097730 0.354532
vt 0.092632 0.357800
vt 0.098093 0.358588
vt 0.591738 0.134013
vt 0.598613 0.132112
vt 0.098457 0.366818
vt 0.103269 0.364636
vt 0.710582 0.389641
vt 0.704158 0.390189
vt 0.709972 0.383260
vt 0.703707 0.383581
vt 0.612320 0.142890
vt 0.620313 0.139362
vt 0.616843 0.131850
vt 0.609017 0.135052
vt 0.106111 0.353989
vt 0.107805 0.349401
vt 0.112421 0.356168
vt 0.113934 0.351615
vt 0.715367 0.389275
vt 0.714721 0.382700
vt 0.106437 0.357634
vt 0.103433 0.351927
vt 0.112260 0.354371
vt 0.109120 0.348807
vt 0.104167 0.360139
vt 0.110318 0.362200
vt 0.606508 0.129240
vt 0.614583 0.125960
vt 0.108918 0.361849
vt 0.114557 0.358583
vt 0.709721 0.377371
vt 0.703723 0.377473
vt 0.709864 0.371966
vt 0.704112 0.371930
vt 0.627435 0.135596
vt 0.633669 0.131739
vt 0.630096 0.125048
vt 0.623874 0.128529
vt 0.117983 0.358708
vt 0.119312 0.354258
vt 0.122806 0.361220
vt 0.123932 0.356967
vt 0.714260 0.376611
vt 0.714214 0.371154
vt 0.117282 0.350885
vt 0.114194 0.345693
vt 0.121580 0.347560
vt 0.118574 0.342719
vt 0.115864 0.364365
vt 0.120701 0.366516
vt 0.621977 0.122762
vt 0.628380 0.119469
vt 0.119380 0.355026
vt 0.123443 0.351541
vt 0.710432 0.366946
vt 0.704629 0.366891
vt 0.710764 0.361825
vt 0.704936 0.361942
vt 0.639233 0.128041
vt 0.644816 0.124633
vt 0.641333 0.117809
vt 0.635603 0.121313
vt 0.127061 0.363385
vt 0.128081 0.359375
vt 0.131212 0.365303
vt 0.132334 0.361438
vt 0.714691 0.366275
vt 0.715059 0.361446
vt 0.125374 0.344687
vt 0.122443 0.339951
vt 0.129078 0.342098
vt 0.126316 0.337367
vt 0.124993 0.368562
vt 0.129241 0.370449
vt 0.633794 0.115928
vt 0.639233 0.112583
vt 0.127091 0.348432
vt 0.130884 0.345635
vt 0.154284 0.329747
vt 0.155034 0.335237
vt 0.157466 0.335432
vt 0.157150 0.330660
vt 0.673208 0.101003
vt 0.677909 0.106458
vt 0.680827 0.104270
vt 0.676250 0.099775
vt 0.683648 0.102343
vt 0.678311 0.097837
vt 0.159527 0.335213
vt 0.159582 0.330801
vt 0.159135 0.382098
vt 0.160518 0.381766
vt 0.156773 0.326058
vt 0.158052 0.326810
vt 0.159945 0.327151
vt 0.162357 0.381977
vt 0.683229 0.079383
vt 0.679945 0.075282
vt 0.679604 0.076733
vt 0.681216 0.080058
vt 0.175233 0.328234
vt 0.173790 0.326283
vt 0.173760 0.328468
vt 0.175165 0.329420
vt 0.208192 0.507071
vt 0.209859 0.509439
vt 0.211715 0.505774
vt 0.209870 0.503904
vt 0.576371 0.496528
vt 0.573641 0.496298
vt 0.573474 0.498284
vt 0.575813 0.498596
vt 0.684005 0.086169
vt 0.687741 0.086670
vt 0.687650 0.083234
vt 0.683939 0.092307
vt 0.688600 0.089993
vt 0.828507 0.792510
vt 0.828914 0.801464
vt 0.846249 0.801052
vt 0.842118 0.792663
vt 0.828202 0.783521
vt 0.841769 0.785719
vt 0.167855 0.381564
vt 0.167010 0.384245
vt 0.170162 0.386116
vt 0.171014 0.383735
vt 0.165285 0.326216
vt 0.166082 0.329598
vt 0.170089 0.327519
vt 0.168964 0.325030
vt 0.172850 0.323714
vt 0.173390 0.388259
vt 0.174910 0.385993
vt 0.704644 0.322888
vt 0.708496 0.324292
vt 0.711363 0.322011
vt 0.708483 0.320491
vt 0.168257 0.378293
vt 0.171218 0.380820
vt 0.174149 0.382839
vt 0.714363 0.320335
vt 0.712529 0.317948
vt 0.155774 0.324604
vt 0.153253 0.326567
vt 0.156049 0.380648
vt 0.157812 0.383152
vt 0.612706 0.613083
vt 0.602755 0.611912
vt 0.604376 0.618921
vt 0.612442 0.619628
vt 0.622719 0.612716
vt 0.620539 0.619572
vt 0.674225 0.112743
vt 0.672377 0.107346
vt 0.704284 0.336846
vt 0.700295 0.338832
vt 0.698354 0.336599
vt 0.678237 0.112296
vt 0.151783 0.335438
vt 0.150435 0.330973
vt 0.668999 0.102196
vt 0.708664 0.335047
vt 0.154591 0.375738
vt 0.157362 0.372074
vt 0.149012 0.380484
vt 0.151732 0.378318
vt 0.148225 0.327738
vt 0.145405 0.325558
vt 0.576356 0.613878
vt 0.567765 0.621292
vt 0.574001 0.629338
vt 0.582172 0.622832
vt 0.586635 0.608841
vt 0.591406 0.617917
vt 0.150805 0.327566
vt 0.630902 0.611150
vt 0.627043 0.618800
vt 0.565197 0.628991
vt 0.571102 0.635203
vt 0.154071 0.379058
vt 0.594679 0.609695
vt 0.597955 0.617628
vt 0.600160 0.624178
vt 0.605525 0.624719
vt 0.595192 0.625275
vt 0.600732 0.623948
vt 0.598522 0.632758
vt 0.603135 0.630786
vt 0.601322 0.631147
vt 0.606070 0.631023
vt 0.586873 0.630006
vt 0.579212 0.635740
vt 0.584735 0.641784
vt 0.591420 0.636951
vt 0.612217 0.625218
vt 0.618927 0.625260
vt 0.611973 0.631268
vt 0.617877 0.631499
vt 0.575777 0.640282
vt 0.624318 0.625150
vt 0.622600 0.632004
vt 0.581082 0.645221
vt 0.686259 0.077729
vt 0.684982 0.073540
vt 0.682166 0.073501
vt 0.711876 0.315191
vt 0.716024 0.315777
vt 0.714783 0.313743
vt 0.719346 0.313867
vt 0.717709 0.312060
vt 0.684094 0.069063
vt 0.681483 0.068907
vt 0.176223 0.390516
vt 0.177914 0.388728
vt 0.176881 0.324097
vt 0.176189 0.321984
vt 0.179873 0.322135
vt 0.179143 0.320144
vt 0.178764 0.392760
vt 0.180528 0.390754
vt 0.717569 0.317216
vt 0.719864 0.315939
vt 0.715996 0.318250
vt 0.215977 0.383892
vt 0.217717 0.384823
vt 0.217608 0.382499
vt 0.216085 0.381693
vt 0.213525 0.382842
vt 0.213857 0.380804
vt 0.177024 0.326248
vt 0.679742 0.071951
vt 0.679257 0.067665
vt 0.179802 0.324189
vt 0.722047 0.313355
vt 0.723720 0.311537
vt 0.721833 0.311381
vt 0.182187 0.389676
vt 0.181996 0.393885
vt 0.182768 0.392218
vt 0.837231 0.102846
vt 0.838509 0.105060
vt 0.843291 0.105238
vt 0.842015 0.103097
vt 0.053638 0.904944
vt 0.058781 0.900651
vt 0.057983 0.888438
vt 0.052705 0.892283
vt 0.182661 0.322079
vt 0.182768 0.320082
vt 0.680689 0.064530
vt 0.678506 0.063319
vt 0.078095 0.805590
vt 0.072958 0.801634
vt 0.072113 0.814337
vt 0.077386 0.818159
vt 0.838463 0.110242
vt 0.837098 0.112423
vt 0.842029 0.112254
vt 0.843304 0.110117
vt 0.683203 0.064678
vt 0.720413 0.310167
vt 0.047170 0.906757
vt 0.046431 0.894154
vt 0.066612 0.799841
vt 0.065864 0.812433
vt 0.180750 0.395370
vt 0.182026 0.318200
vt 0.838974 0.107675
vt 0.843865 0.107677
vt 0.847543 0.112772
vt 0.848734 0.110603
vt 0.069470 0.828612
vt 0.074705 0.832128
vt 0.066638 0.840395
vt 0.071853 0.843903
vt 0.852305 0.113423
vt 0.853575 0.111208
vt 0.063558 0.826558
vt 0.050074 0.877974
vt 0.044162 0.880017
vt 0.047260 0.866190
vt 0.041578 0.868243
vt 0.060956 0.838334
vt 0.849357 0.107100
vt 0.848728 0.104737
vt 0.849357 0.108238
vt 0.854141 0.108818
vt 0.854138 0.106508
vt 0.853566 0.104120
vt 0.055314 0.874465
vt 0.847533 0.102572
vt 0.852291 0.101909
vt 0.052478 0.862691
vt 0.059619 0.844384
vt 0.065276 0.846377
vt 0.045907 0.860209
vt 0.040250 0.862194
vt 0.045496 0.857151
vt 0.039734 0.859171
vt 0.059099 0.847408
vt 0.064861 0.849435
vt 0.856873 0.106518
vt 0.856437 0.103995
vt 0.856448 0.111326
vt 0.856877 0.108800
vt 0.858297 0.110992
vt 0.858723 0.108442
vt 0.858719 0.106872
vt 0.858287 0.104324
vt 0.051274 0.856293
vt 0.854855 0.101655
vt 0.856332 0.101785
vt 0.051407 0.852563
vt 0.854871 0.113671
vt 0.070641 0.850301
vt 0.070768 0.854034
vt 0.856348 0.113537
vt 0.045990 0.847513
vt 0.052987 0.841139
vt 0.054945 0.831880
vt 0.047725 0.838658
vt 0.860938 0.102599
vt 0.863487 0.105565
vt 0.867412 0.106633
vt 0.864624 0.103536
vt 0.872667 0.108414
vt 0.868687 0.104469
vt 0.057358 0.821855
vt 0.049766 0.828664
vt 0.863499 0.109737
vt 0.860955 0.112712
vt 0.864642 0.111765
vt 0.867425 0.108658
vt 0.072334 0.865465
vt 0.065342 0.859080
vt 0.067066 0.867941
vt 0.074281 0.874731
vt 0.069095 0.877941
vt 0.076682 0.884765
vt 0.868707 0.110821
vt 0.872682 0.106862
vt 0.059076 0.857124
vt 0.060565 0.866132
vt 0.039725 0.849459
vt 0.041225 0.840457
vt 0.043222 0.830445
vt 0.062551 0.876151
vt 0.864014 0.108231
vt 0.867762 0.109419
vt 0.864020 0.107066
vt 0.867768 0.105868
vt 0.871723 0.103980
vt 0.871716 0.111295
vt 0.860997 0.107432
vt 0.860505 0.104838
vt 0.860516 0.110472
vt 0.861002 0.107875
vt 0.058781 0.851095
vt 0.064739 0.853160
vt 0.045379 0.853428
vt 0.039421 0.855486
vt 0.858221 0.113258
vt 0.071292 0.858657
vt 0.051936 0.847943
vt 0.858204 0.102060
vt 0.064009 0.885012
vt 0.070448 0.886887
vt 0.051130 0.819724
vt 0.044691 0.821591
vt 0.051485 0.811867
vt 0.045513 0.813735
vt 0.064821 0.892872
vt 0.070793 0.894748
vt 0.875343 0.114117
vt 0.877142 0.112263
vt 0.877152 0.102997
vt 0.875346 0.101145
vt 0.880356 0.099928
vt 0.878767 0.098169
vt 0.878766 0.117081
vt 0.880349 0.115320
vt 0.058781 0.813237
vt 0.876177 0.107947
vt 0.872269 0.104656
vt 0.879524 0.106980
vt 0.875302 0.104019
vt 0.058662 0.805903
vt 0.872292 0.110625
vt 0.876197 0.107321
vt 0.078095 0.893388
vt 0.077965 0.900725
vt 0.875331 0.111256
vt 0.879550 0.108281
vt 0.065040 0.900296
vt 0.069997 0.901917
vt 0.050699 0.804701
vt 0.045742 0.806315
vt 0.138570 0.906757
vt 0.143151 0.904337
vt 0.140381 0.898188
vt 0.136815 0.900070
vt 0.158811 0.814894
vt 0.154229 0.812473
vt 0.152475 0.819161
vt 0.156040 0.821042
vt 0.879269 0.104047
vt 0.881507 0.104990
vt 0.883819 0.102357
vt 0.882025 0.101177
vt 0.882795 0.108387
vt 0.883840 0.106237
vt 0.882764 0.106866
vt 0.881486 0.110262
vt 0.883813 0.109011
vt 0.883801 0.112886
vt 0.885693 0.111297
vt 0.885717 0.103943
vt 0.879254 0.111209
vt 0.882013 0.114069
vt 0.885609 0.098550
vt 0.884147 0.097270
vt 0.887217 0.099707
vt 0.891604 0.097202
vt 0.890210 0.096063
vt 0.889840 0.094056
vt 0.888732 0.101336
vt 0.887201 0.115524
vt 0.888710 0.113894
vt 0.891588 0.118015
vt 0.892760 0.116382
vt 0.892781 0.098835
vt 0.885598 0.116683
vt 0.884142 0.117965
vt 0.889834 0.121160
vt 0.890199 0.119155
vt 0.882799 0.119720
vt 0.882798 0.095516
vt 0.887975 0.092691
vt 0.887976 0.122528
vt 0.895543 0.121080
vt 0.896823 0.119926
vt 0.895404 0.122872
vt 0.901100 0.123793
vt 0.901951 0.121978
vt 0.903119 0.120839
vt 0.898089 0.126127
vt 0.900938 0.126857
vt 0.895313 0.125627
vt 0.900491 0.131114
vt 0.902079 0.131041
vt 0.903607 0.131045
vt 0.895558 0.094123
vt 0.895414 0.092328
vt 0.896842 0.095276
vt 0.903145 0.094346
vt 0.901974 0.093208
vt 0.901117 0.091393
vt 0.897720 0.097007
vt 0.897696 0.118195
vt 0.903634 0.119053
vt 0.903665 0.096134
vt 0.908444 0.121332
vt 0.909260 0.120514
vt 0.907673 0.122277
vt 0.911648 0.121368
vt 0.912628 0.120685
vt 0.912531 0.120364
vt 0.903256 0.125218
vt 0.908004 0.123869
vt 0.903273 0.089960
vt 0.907704 0.092895
vt 0.908031 0.091300
vt 0.911686 0.093796
vt 0.912912 0.092935
vt 0.912873 0.122226
vt 0.908478 0.093840
vt 0.909297 0.094657
vt 0.912573 0.094799
vt 0.912670 0.094478
vt 0.909777 0.096248
vt 0.909735 0.118924
vt 0.913745 0.119593
vt 0.913791 0.095569
vt 0.914694 0.120158
vt 0.914740 0.095001
vt 0.611647 0.639366
vt 0.617008 0.639787
vt 0.606270 0.639355
vt 0.606382 0.648467
vt 0.611284 0.648380
vt 0.616164 0.648861
vt 0.587734 0.651524
vt 0.591219 0.649202
vt 0.621046 0.640624
vt 0.619758 0.649820
vt 0.594138 0.658806
vt 0.597491 0.657199
vt 0.602178 0.639864
vt 0.602727 0.641669
vt 0.606250 0.639404
vt 0.607547 0.650617
vt 0.610361 0.648187
vt 0.602722 0.649135
vt 0.596957 0.645411
vt 0.602621 0.654064
vt 0.602786 0.657453
vt 0.606266 0.656667
vt 0.612282 0.658340
vt 0.614671 0.655700
vt 0.616735 0.664988
vt 0.618887 0.662041
vt 0.602266 0.664777
vt 0.605835 0.663796
vt 0.607642 0.661735
vt 0.602674 0.664629
vt 0.606985 0.671369
vt 0.612052 0.668472
vt 0.610957 0.656506
vt 0.615619 0.657043
vt 0.610673 0.663550
vt 0.615477 0.664184
vt 0.599299 0.665762
vt 0.619025 0.658107
vt 0.618955 0.665449
vt 0.603424 0.672163
vt 0.615896 0.674345
vt 0.620653 0.670853
vt 0.610793 0.677307
vt 0.614201 0.681685
vt 0.618862 0.678876
vt 0.623301 0.675728
vt 0.610422 0.669800
vt 0.615688 0.670546
vt 0.605112 0.670120
vt 0.604451 0.675727
vt 0.610194 0.675450
vt 0.615897 0.676188
vt 0.607016 0.678008
vt 0.619424 0.672103
vt 0.619806 0.677870
vt 0.610544 0.682723
vt 0.601263 0.671372
vt 0.622807 0.667673
vt 0.625715 0.672792
vt 0.600419 0.677089
vt 0.609982 0.680723
vt 0.615636 0.681289
vt 0.604301 0.680833
vt 0.604860 0.685810
vt 0.609779 0.685749
vt 0.614678 0.686206
vt 0.614148 0.685961
vt 0.617048 0.684319
vt 0.619536 0.682616
vt 0.618006 0.686753
vt 0.617589 0.688890
vt 0.619466 0.686711
vt 0.600306 0.681842
vt 0.624576 0.679392
vt 0.627242 0.677391
vt 0.625801 0.682565
vt 0.628548 0.681718
vt 0.601499 0.686089
vt 0.620883 0.681964
vt 0.622563 0.684531
vt 0.603871 0.690655
vt 0.606222 0.690949
vt 0.627912 0.686452
vt 0.630265 0.686746
vt 0.629250 0.690063
vt 0.630902 0.691457
vt 0.606667 0.694050
vt 0.607599 0.693668
vt 0.624894 0.688091
vt 0.622183 0.690201
vt 0.624956 0.692873
vt 0.627388 0.691903
vt 0.609563 0.691137
vt 0.612908 0.691218
vt 0.609438 0.694220
vt 0.611316 0.693818
vt 0.621511 0.692477
vt 0.615274 0.691115
vt 0.612214 0.694274
vt 0.625573 0.694945
vt 0.629117 0.694544
vt 0.609400 0.695176
vt 0.716529 0.319661
vt 0.177586 0.385418
vt 0.176484 0.383256
vt 0.196120 0.327776
vt 0.193735 0.327875
vt 0.193561 0.330107
vt 0.195669 0.329975
vt 0.219293 0.384780
vt 0.218998 0.382526
vt 0.179534 0.387210
vt 0.181138 0.388287
vt 0.191249 0.328586
vt 0.189535 0.329387
vt 0.189872 0.331470
vt 0.191386 0.330748
vt 0.182509 0.388031
vt 0.721873 0.314995
vt 0.211355 0.382266
vt 0.211865 0.380353
vt 0.188307 0.330033
vt 0.188678 0.331979
vt 0.215995 0.379170
vt 0.213997 0.378402
vt 0.217365 0.379877
vt 0.217261 0.377014
vt 0.215979 0.376408
vt 0.214147 0.375760
vt 0.218613 0.379969
vt 0.193371 0.332644
vt 0.195288 0.332502
vt 0.193278 0.335453
vt 0.195031 0.335252
vt 0.218397 0.377184
vt 0.191376 0.333248
vt 0.190028 0.333920
vt 0.190187 0.336606
vt 0.191441 0.336022
vt 0.188936 0.334313
vt 0.212204 0.378033
vt 0.212515 0.375444
vt 0.189181 0.336917
vt 0.191707 0.338945
vt 0.193442 0.338376
vt 0.190491 0.339495
vt 0.190675 0.342569
vt 0.191897 0.341941
vt 0.193640 0.341310
vt 0.189503 0.339741
vt 0.214402 0.372896
vt 0.212805 0.372631
vt 0.214535 0.369814
vt 0.212847 0.369637
vt 0.189632 0.342741
vt 0.216213 0.373480
vt 0.217468 0.374034
vt 0.217718 0.371018
vt 0.216441 0.370406
vt 0.218537 0.374278
vt 0.195101 0.338116
vt 0.195340 0.341036
vt 0.218806 0.371319
vt 0.216359 0.367207
vt 0.214239 0.366491
vt 0.217708 0.367985
vt 0.217346 0.364935
vt 0.215901 0.363899
vt 0.213106 0.362311
vt 0.218898 0.368323
vt 0.193609 0.344246
vt 0.195485 0.344003
vt 0.193272 0.347249
vt 0.195394 0.347062
vt 0.218678 0.365264
vt 0.191718 0.345020
vt 0.190392 0.345891
vt 0.189123 0.350070
vt 0.191125 0.348252
vt 0.189207 0.345910
vt 0.212376 0.366479
vt 0.211260 0.363042
vt 0.187915 0.349279
vt 0.215215 0.360660
vt 0.212736 0.358916
vt 0.216655 0.361870
vt 0.216000 0.358899
vt 0.214643 0.357695
vt 0.211877 0.355867
vt 0.218107 0.362122
vt 0.192662 0.350396
vt 0.195005 0.350253
vt 0.192095 0.353577
vt 0.194382 0.353406
vt 0.217419 0.359030
vt 0.190259 0.351527
vt 0.188162 0.353324
vt 0.187475 0.356243
vt 0.189724 0.354647
vt 0.186042 0.355208
vt 0.185627 0.356652
vt 0.186260 0.353658
vt 0.125616 0.902474
vt 0.129360 0.906186
vt 0.127861 0.893915
vt 0.125484 0.892829
vt 0.122644 0.898320
vt 0.123315 0.891514
vt 0.190067 0.357533
vt 0.191900 0.356690
vt 0.188824 0.358509
vt 0.190052 0.361545
vt 0.190825 0.360868
vt 0.192062 0.360197
vt 0.186789 0.358024
vt 0.188086 0.359412
vt 0.210167 0.354105
vt 0.213000 0.353683
vt 0.211503 0.352775
vt 0.213977 0.350777
vt 0.212854 0.350284
vt 0.189412 0.362017
vt 0.214697 0.354920
vt 0.215789 0.355875
vt 0.215970 0.352279
vt 0.215183 0.351590
vt 0.216940 0.355979
vt 0.193686 0.356452
vt 0.193306 0.359913
vt 0.216777 0.352466
vt 0.215802 0.347395
vt 0.214753 0.346747
vt 0.216472 0.347981
vt 0.217143 0.343522
vt 0.216454 0.342925
vt 0.215361 0.342271
vt 0.217139 0.348239
vt 0.192599 0.364407
vt 0.193659 0.364075
vt 0.193339 0.368821
vt 0.194433 0.368446
vt 0.217823 0.343819
vt 0.191587 0.365048
vt 0.190961 0.365636
vt 0.191662 0.370108
vt 0.192309 0.369500
vt 0.190358 0.365937
vt 0.213750 0.346404
vt 0.214307 0.341933
vt 0.191024 0.370393
vt 0.218466 0.339673
vt 0.217768 0.339382
vt 0.194056 0.372956
vt 0.195172 0.372570
vt 0.194711 0.376551
vt 0.195755 0.376172
vt 0.218970 0.336074
vt 0.218313 0.335816
vt 0.193007 0.373647
vt 0.192344 0.374265
vt 0.193161 0.377852
vt 0.193749 0.377237
vt 0.191705 0.374580
vt 0.215975 0.338092
vt 0.214911 0.337711
vt 0.216739 0.334489
vt 0.215790 0.334033
vt 0.192603 0.378220
vt 0.217073 0.338775
vt 0.217701 0.335205
vt 0.194543 0.380000
vt 0.195266 0.379331
vt 0.194136 0.380567
vt 0.194763 0.381717
vt 0.195114 0.381590
vt 0.195505 0.380895
vt 0.193794 0.381028
vt 0.217697 0.331769
vt 0.217040 0.331200
vt 0.218411 0.330568
vt 0.218291 0.329915
vt 0.194873 0.382265
vt 0.218341 0.332485
vt 0.218735 0.333092
vt 0.218903 0.331614
vt 0.218756 0.330913
vt 0.219293 0.333254
vt 0.196120 0.379029
vt 0.196078 0.381054
vt 0.219264 0.331329
vt 0.218881 0.330135
vt 0.195533 0.382334
vt 0.710491 0.356091
vt 0.704722 0.356505
vt 0.651288 0.121487
vt 0.648076 0.114863
vt 0.135921 0.367138
vt 0.137173 0.363170
vt 0.141845 0.364018
vt 0.714793 0.356205
vt 0.714815 0.351418
vt 0.133165 0.339478
vt 0.130614 0.334859
vt 0.133864 0.372236
vt 0.645662 0.109887
vt 0.135261 0.342910
vt 0.147864 0.367972
vt 0.145974 0.366398
vt 0.030357 0.294174
vt 0.030430 0.290285
vt 0.019876 0.294849
vt 0.022167 0.293956
vt 0.020920 0.290346
vt 0.019140 0.290965
vt 0.716056 0.347966
vt 0.713450 0.345972
vt 0.145394 0.363544
vt 0.016937 0.294953
vt 0.016788 0.291222
vt 0.826537 0.520114
vt 0.840455 0.520772
vt 0.839086 0.504906
vt 0.828220 0.503893
vt 0.712246 0.343246
vt 0.814588 0.516703
vt 0.819004 0.501482
vt 0.826181 0.484490
vt 0.820255 0.480848
vt 0.830318 0.485057
vt 0.822241 0.483216
vt 0.832036 0.468538
vt 0.824354 0.466713
vt 0.833648 0.469671
vt 0.828027 0.465801
vt 0.034015 0.284651
vt 0.031739 0.285292
vt 0.812570 0.476589
vt 0.820393 0.462061
vt 0.033172 0.280747
vt 0.030949 0.281292
vt 0.839622 0.486254
vt 0.018291 0.286462
vt 0.016243 0.286772
vt 0.017577 0.282506
vt 0.015643 0.282796
vt 0.840865 0.469710
vt 0.019875 0.285994
vt 0.029929 0.285828
vt 0.029202 0.281873
vt 0.019093 0.282049
vt 0.841309 0.459862
vt 0.832608 0.459040
vt 0.017258 0.280241
vt 0.015361 0.280439
vt 0.017372 0.278915
vt 0.015368 0.278982
vt 0.840656 0.453867
vt 0.831513 0.453512
vt 0.018679 0.279681
vt 0.030517 0.278784
vt 0.028773 0.279507
vt 0.030557 0.277103
vt 0.028801 0.278041
vt 0.018777 0.278160
vt 0.838232 0.460815
vt 0.832856 0.456147
vt 0.825306 0.456802
vt 0.824084 0.450554
vt 0.839981 0.454927
vt 0.835169 0.449163
vt 0.032873 0.278388
vt 0.824312 0.453059
vt 0.825822 0.446712
vt 0.033060 0.276845
vt 0.841081 0.447051
vt 0.836931 0.440186
vt 0.828445 0.447527
vt 0.820214 0.443612
vt 0.824274 0.439453
vt 0.815533 0.434958
vt 0.842434 0.437207
vt 0.838253 0.430024
vt 0.033636 0.274865
vt 0.030942 0.275053
vt 0.826857 0.437992
vt 0.827962 0.427555
vt 0.034349 0.272495
vt 0.031553 0.272720
vt 0.838771 0.447218
vt 0.017898 0.277430
vt 0.015613 0.277316
vt 0.018599 0.275372
vt 0.016118 0.275132
vt 0.835457 0.438693
vt 0.019413 0.276412
vt 0.029159 0.276256
vt 0.029726 0.274006
vt 0.020192 0.274198
vt 0.843190 0.426367
vt 0.838947 0.419877
vt 0.820180 0.429010
vt 0.811874 0.424714
vt 0.816277 0.416688
vt 0.809040 0.413112
vt 0.843596 0.414613
vt 0.839652 0.409299
vt 0.034946 0.270062
vt 0.032330 0.270354
vt 0.829490 0.417126
vt 0.831700 0.406504
vt 0.035398 0.267506
vt 0.033162 0.267841
vt 0.830844 0.428173
vt 0.019200 0.272673
vt 0.016832 0.272409
vt 0.019694 0.269475
vt 0.017644 0.269267
vt 0.825504 0.416048
vt 0.020717 0.271543
vt 0.030583 0.271504
vt 0.031627 0.268766
vt 0.021023 0.268526
vt 0.820219 0.402744
vt 0.812627 0.402984
vt 0.020089 0.265942
vt 0.018405 0.265851
vt 0.020149 0.262181
vt 0.018824 0.262230
vt 0.816340 0.388227
vt 0.810318 0.387997
vt 0.021217 0.265227
vt 0.033887 0.265086
vt 0.032621 0.265773
vt 0.034165 0.261976
vt 0.033122 0.262468
vt 0.021094 0.261702
vt 0.844478 0.402051
vt 0.841072 0.398038
vt 0.806558 0.400328
vt 0.805334 0.386231
vt 0.847495 0.389044
vt 0.844524 0.386069
vt 0.035669 0.264717
vt 0.834919 0.395328
vt 0.839893 0.383550
vt 0.035557 0.261601
vt 0.853600 0.375355
vt 0.850944 0.372842
vt 0.810112 0.371796
vt 0.805916 0.370568
vt 0.810030 0.358008
vt 0.805903 0.356750
vt 0.860296 0.363122
vt 0.857778 0.360204
vt 0.034956 0.258034
vt 0.033784 0.258371
vt 0.847057 0.370625
vt 0.853373 0.358272
vt 0.034511 0.254702
vt 0.033261 0.254973
vt 0.815016 0.372272
vt 0.019743 0.258260
vt 0.018679 0.258386
vt 0.019397 0.254982
vt 0.018349 0.255108
vt 0.814889 0.358465
vt 0.020548 0.257931
vt 0.032878 0.258774
vt 0.032349 0.255448
vt 0.020185 0.254652
vt 0.034793 0.252259
vt 0.033214 0.252448
vt 0.861964 0.350009
vt 0.856128 0.348319
vt 0.863866 0.339332
vt 0.857475 0.337747
vt 0.035472 0.249844
vt 0.033747 0.249992
vt 0.813940 0.349744
vt 0.808042 0.349649
vt 0.019601 0.252998
vt 0.018323 0.253019
vt 0.020289 0.251031
vt 0.018785 0.250844
vt 0.810789 0.341136
vt 0.803960 0.341755
vt 0.020467 0.252507
vt 0.032160 0.253143
vt 0.032642 0.250805
vt 0.021251 0.250357
vt 0.864494 0.354038
vt 0.803334 0.347718
vt 0.798682 0.339123
vt 0.866332 0.343823
vt 0.804417 0.328824
vt 0.798710 0.329810
vt 0.021144 0.247931
vt 0.019876 0.247632
vt 0.021634 0.245419
vt 0.020997 0.244679
vt 0.797999 0.317603
vt 0.795325 0.320274
vt 0.021970 0.247263
vt 0.034743 0.247325
vt 0.033857 0.247935
vt 0.035534 0.245747
vt 0.035212 0.245741
vt 0.022167 0.244481
vt 0.866332 0.331154
vt 0.864309 0.327913
vt 0.794155 0.327233
vt 0.792222 0.316726
vt 0.864842 0.321857
vt 0.863757 0.321677
vt 0.036189 0.247096
vt 0.859186 0.325879
vt 0.862231 0.318842
vt 0.036344 0.245210
vt 0.863009 0.317823
vt 0.794251 0.311735
vt 0.021622 0.243095
vt 0.036187 0.244888
vt 0.684427 0.106824
vt 0.686621 0.105748
vt 0.682586 0.108234
vt 0.702528 0.893640
vt 0.707481 0.892343
vt 0.702529 0.886364
vt 0.697737 0.887733
vt 0.697078 0.894794
vt 0.692650 0.888985
vt 0.697703 0.330576
vt 0.698030 0.332246
vt 0.697018 0.328916
vt 0.678158 0.909320
vt 0.681466 0.904838
vt 0.678015 0.898401
vt 0.674768 0.902512
vt 0.722724 0.879423
vt 0.724816 0.874750
vt 0.719773 0.869055
vt 0.717638 0.873559
vt 0.697942 0.325460
vt 0.695936 0.326075
vt 0.688804 0.101404
vt 0.690285 0.103839
vt 0.688847 0.899155
vt 0.685011 0.893193
vt 0.681629 0.112661
vt 0.696344 0.335108
vt 0.715431 0.886270
vt 0.710503 0.880456
vt 0.713832 0.862870
vt 0.711532 0.867016
vt 0.674112 0.891243
vt 0.670855 0.894953
vt 0.670062 0.883861
vt 0.666801 0.887086
vt 0.707478 0.856557
vt 0.705043 0.860254
vt 0.680651 0.886416
vt 0.687754 0.882466
vt 0.682714 0.875720
vt 0.676174 0.879459
vt 0.704665 0.873568
vt 0.697076 0.879269
vt 0.698516 0.866314
vt 0.691469 0.871759
vt 0.692479 0.881039
vt 0.692609 0.880858
vt 0.687423 0.873555
vt 0.687000 0.874090
vt 0.701489 0.850667
vt 0.698926 0.853932
vt 0.666191 0.876971
vt 0.662937 0.879763
vt 0.661761 0.869730
vt 0.658486 0.872249
vt 0.695130 0.844451
vt 0.692519 0.847370
vt 0.671963 0.872914
vt 0.678047 0.869343
vt 0.673294 0.862309
vt 0.667416 0.865847
vt 0.692765 0.859529
vt 0.686235 0.864689
vt 0.686864 0.852566
vt 0.680812 0.857292
vt 0.681937 0.867538
vt 0.682594 0.866682
vt 0.677504 0.859390
vt 0.676943 0.860373
vt 0.680446 0.844993
vt 0.674959 0.849235
vt 0.685529 0.840276
vt 0.679505 0.834665
vt 0.675131 0.838722
vt 0.670411 0.842373
vt 0.671612 0.851922
vt 0.668005 0.853869
vt 0.671821 0.851149
vt 0.667457 0.843771
vt 0.666795 0.844499
vt 0.663266 0.846222
vt 0.687931 0.837494
vt 0.656271 0.861419
vt 0.653005 0.863895
vt 0.651275 0.853937
vt 0.648245 0.856434
vt 0.681369 0.831979
vt 0.662026 0.857469
vt 0.657130 0.849861
vt 0.676820 0.828672
vt 0.675393 0.831023
vt 0.648694 0.848877
vt 0.646090 0.851117
vt 0.647032 0.843549
vt 0.644933 0.845347
vt 0.672464 0.825011
vt 0.671249 0.827052
vt 0.654170 0.845259
vt 0.659731 0.841775
vt 0.655571 0.838055
vt 0.651259 0.840736
vt 0.671539 0.834485
vt 0.667492 0.837720
vt 0.667866 0.830152
vt 0.664254 0.832980
vt 0.662849 0.840334
vt 0.664940 0.838742
vt 0.662042 0.833845
vt 0.658077 0.836890
vt 0.647397 0.834734
vt 0.644427 0.836836
vt 0.650541 0.832902
vt 0.646911 0.829724
vt 0.644426 0.830117
vt 0.643039 0.832215
vt 0.663162 0.824601
vt 0.660295 0.826870
vt 0.665871 0.822144
vt 0.661751 0.819158
vt 0.659285 0.820027
vt 0.658024 0.822318
vt 0.652329 0.831853
vt 0.658427 0.827405
vt 0.656486 0.821530
vt 0.647080 0.828404
vt 0.666705 0.820389
vt 0.642732 0.838028
vt 0.641768 0.831821
vt 0.661227 0.817512
vt 0.643306 0.828375
vt 0.657487 0.817905
vt 0.706469 0.326476
vt 0.702640 0.325977
vt 0.165266 0.379788
vt 0.165973 0.376159
vt 0.164450 0.382800
vt 0.162304 0.330304
vt 0.162268 0.326944
vt 0.687883 0.098365
vt 0.683468 0.097652
vt 0.699932 0.324228
vt 0.701445 0.322261
vt 0.688119 0.095040
vt 0.161697 0.334263
vt 0.678939 0.094896
vt 0.678771 0.091497
vt 0.164323 0.333581
vt 0.708568 0.315206
vt 0.708043 0.316795
vt 0.688908 0.081341
vt 0.829112 0.777654
vt 0.842087 0.781366
vt 0.831327 0.772165
vt 0.844111 0.777501
vt 0.690365 0.091874
vt 0.703720 0.319229
vt 0.701817 0.319383
vt 0.845662 0.751968
vt 0.841388 0.757336
vt 0.855982 0.766852
vt 0.857256 0.761225
vt 0.829677 0.808350
vt 0.844397 0.806522
vt 0.706026 0.318214
vt 0.836099 0.764672
vt 0.848071 0.771797
vt 0.858478 0.791004
vt 0.857884 0.785198
vt 0.862663 0.797604
vt 0.876880 0.795142
vt 0.874048 0.788791
vt 0.873270 0.783394
vt 0.861090 0.781805
vt 0.868120 0.778389
vt 0.857530 0.786431
vt 0.869671 0.796060
vt 0.873174 0.791877
vt 0.878926 0.787960
vt 0.855513 0.789535
vt 0.857803 0.781496
vt 0.872915 0.779821
vt 0.867489 0.798913
vt 0.864213 0.808111
vt 0.866575 0.805373
vt 0.875532 0.773829
vt 0.874957 0.770257
vt 0.743583 0.718923
vt 0.742351 0.716962
vt 0.730039 0.716383
vt 0.730475 0.717702
vt 0.742350 0.704406
vt 0.743583 0.702445
vt 0.730475 0.703665
vt 0.730039 0.704985
vt 0.602579 0.483409
vt 0.603034 0.486117
vt 0.607868 0.484008
vt 0.607372 0.481940
vt 0.603901 0.488080
vt 0.608453 0.486055
vt 0.612964 0.484536
vt 0.612509 0.482444
vt 0.612074 0.480435
vt 0.604498 0.489356
vt 0.608907 0.487431
vt 0.605028 0.490661
vt 0.609607 0.488699
vt 0.613789 0.486424
vt 0.612983 0.485192
vt 0.613320 0.485964
vt 0.607554 0.494806
vt 0.609812 0.495493
vt 0.612874 0.493647
vt 0.611890 0.492290
vt 0.603610 0.481286
vt 0.607046 0.480296
vt 0.611692 0.478830
vt 0.617107 0.491237
vt 0.616191 0.489865
vt 0.605877 0.492631
vt 0.610710 0.490520
vt 0.615013 0.488181
vt 0.620841 0.488528
vt 0.620001 0.487093
vt 0.616697 0.479526
vt 0.616217 0.477935
vt 0.620929 0.478519
vt 0.620223 0.477047
vt 0.624215 0.486193
vt 0.623616 0.484675
vt 0.619162 0.485272
vt 0.618296 0.483401
vt 0.623139 0.482713
vt 0.622667 0.480750
vt 0.617463 0.481379
vt 0.618246 0.483286
vt 0.623162 0.481883
vt 0.622043 0.480203
vt 0.618721 0.484661
vt 0.617611 0.482118
vt 0.622237 0.479427
vt 0.623839 0.483098
vt 0.625629 0.478290
vt 0.624456 0.476710
vt 0.626825 0.479874
vt 0.630205 0.477288
vt 0.628960 0.475799
vt 0.627748 0.474353
vt 0.627591 0.480940
vt 0.626631 0.479430
vt 0.626370 0.478143
vt 0.630826 0.478709
vt 0.630630 0.477436
vt 0.631006 0.478298
vt 0.627713 0.484789
vt 0.627340 0.483319
vt 0.623631 0.475437
vt 0.626860 0.473206
vt 0.631545 0.483938
vt 0.631307 0.482507
vt 0.626979 0.481384
vt 0.631071 0.480635
vt 0.634898 0.475525
vt 0.633987 0.474545
vt 0.635408 0.477801
vt 0.635310 0.476467
vt 0.639550 0.477236
vt 0.639659 0.475882
vt 0.638284 0.472733
vt 0.637217 0.471892
vt 0.635491 0.483212
vt 0.635379 0.481698
vt 0.631110 0.471918
vt 0.630076 0.470806
vt 0.633977 0.469655
vt 0.632776 0.468619
vt 0.638930 0.482718
vt 0.638988 0.481134
vt 0.635402 0.479770
vt 0.639273 0.479183
vt 0.632539 0.473211
vt 0.635601 0.470772
vt 0.641415 0.482693
vt 0.641707 0.481212
vt 0.635768 0.467607
vt 0.634484 0.466815
vt 0.636865 0.465328
vt 0.635569 0.464764
vt 0.643657 0.483291
vt 0.644124 0.481957
vt 0.642225 0.479363
vt 0.642742 0.477555
vt 0.644757 0.480303
vt 0.645409 0.478655
vt 0.637476 0.468485
vt 0.639154 0.469335
vt 0.640160 0.466632
vt 0.638509 0.465990
vt 0.640283 0.469910
vt 0.643089 0.476336
vt 0.645898 0.477550
vt 0.641303 0.467024
vt 0.639261 0.463089
vt 0.637774 0.462389
vt 0.640828 0.463781
vt 0.641884 0.460834
vt 0.640496 0.460011
vt 0.639187 0.459203
vt 0.641928 0.464182
vt 0.647953 0.480103
vt 0.648407 0.479024
vt 0.650832 0.481333
vt 0.651123 0.480273
vt 0.642859 0.461342
vt 0.646478 0.484535
vt 0.646898 0.483290
vt 0.636576 0.461850
vt 0.638172 0.458554
vt 0.649981 0.485605
vt 0.650194 0.484420
vt 0.647396 0.481723
vt 0.650492 0.482911
vt 0.654378 0.485813
vt 0.654400 0.484727
vt 0.641821 0.455910
vt 0.641009 0.455188
vt 0.645357 0.452251
vt 0.644700 0.451581
vt 0.659532 0.485560
vt 0.659488 0.484622
vt 0.654470 0.483378
vt 0.654564 0.481988
vt 0.659419 0.483441
vt 0.659364 0.482224
vt 0.642858 0.456776
vt 0.643941 0.457652
vt 0.647031 0.453972
vt 0.646176 0.453105
vt 0.644708 0.458221
vt 0.654668 0.481039
vt 0.659367 0.481401
vt 0.647637 0.454529
vt 0.665155 0.483518
vt 0.665186 0.482401
vt 0.665130 0.484606
vt 0.671355 0.485074
vt 0.671490 0.484042
vt 0.671632 0.482985
vt 0.650019 0.448846
vt 0.649205 0.448124
vt 0.650860 0.449583
vt 0.654815 0.444459
vt 0.653943 0.443845
vt 0.653094 0.443242
vt 0.651442 0.450074
vt 0.665222 0.481640
vt 0.671735 0.482265
vt 0.655412 0.444873
vt 0.665111 0.485474
vt 0.648556 0.447549
vt 0.652426 0.442754
vt 0.671258 0.485895
vt 0.657670 0.438086
vt 0.656940 0.437492
vt 0.658423 0.438688
vt 0.661910 0.433089
vt 0.661340 0.432442
vt 0.660791 0.431806
vt 0.658962 0.439070
vt 0.678318 0.484262
vt 0.678404 0.483608
vt 0.684795 0.485513
vt 0.684800 0.484924
vt 0.662345 0.433485
vt 0.678109 0.486908
vt 0.678186 0.486163
vt 0.656341 0.437043
vt 0.660303 0.431349
vt 0.684977 0.487874
vt 0.684974 0.487206
vt 0.678247 0.485224
vt 0.684882 0.486370
vt 0.691198 0.488150
vt 0.691115 0.487524
vt 0.664733 0.427087
vt 0.664329 0.426600
vt 0.668968 0.423120
vt 0.668618 0.422603
vt 0.697046 0.487723
vt 0.696904 0.487115
vt 0.690908 0.486744
vt 0.690702 0.485946
vt 0.696634 0.486356
vt 0.696362 0.485580
vt 0.665164 0.427768
vt 0.665608 0.428463
vt 0.669726 0.424561
vt 0.669341 0.423834
vt 0.665961 0.428892
vt 0.690627 0.485395
vt 0.696236 0.485047
vt 0.670031 0.425016
vt 0.673696 0.420422
vt 0.673308 0.419768
vt 0.673998 0.421152
vt 0.676531 0.419072
vt 0.676789 0.418195
vt 0.676020 0.418066
vt 0.674335 0.421550
vt 0.701767 0.484764
vt 0.701704 0.484247
vt 0.705015 0.484321
vt 0.705627 0.483880
vt 0.677271 0.418923
vt 0.702558 0.486758
vt 0.702313 0.486212
vt 0.673074 0.419216
vt 0.676440 0.417376
vt 0.706197 0.485541
vt 0.705405 0.485380
vt 0.702097 0.485482
vt 0.705833 0.484728
vt 0.707315 0.484414
vt 0.678027 0.417323
vt 0.681899 0.084689
vt 0.681303 0.087812
vt 0.579825 0.496080
vt 0.578856 0.498531
vt 0.582153 0.495273
vt 0.581002 0.498251
vt 0.171546 0.329275
vt 0.168978 0.331147
vt 0.212111 0.512798
vt 0.216157 0.516599
vt 0.217944 0.511425
vt 0.214123 0.508438
vt 0.167159 0.333892
vt 0.678550 0.087953
vt 0.584221 0.496038
vt 0.582753 0.498874
vt 0.221376 0.519061
vt 0.222439 0.513524
vt 0.577607 0.501944
vt 0.579533 0.501862
vt 0.574862 0.501808
vt 0.573635 0.505701
vt 0.576193 0.505977
vt 0.577980 0.506011
vt 0.216644 0.502447
vt 0.214386 0.500164
vt 0.220196 0.505109
vt 0.223023 0.497804
vt 0.219660 0.495425
vt 0.217430 0.493443
vt 0.572743 0.501430
vt 0.212544 0.498690
vt 0.215614 0.492205
vt 0.571652 0.505258
vt 0.224282 0.507054
vt 0.581125 0.502312
vt 0.579486 0.506391
vt 0.226844 0.499661
vt 0.222822 0.487859
vt 0.220500 0.486188
vt 0.226182 0.489911
vt 0.228953 0.482271
vt 0.225514 0.480168
vt 0.223136 0.478452
vt 0.570311 0.509289
vt 0.572202 0.509857
vt 0.218629 0.485183
vt 0.221101 0.477584
vt 0.568497 0.513340
vt 0.570413 0.514052
vt 0.229891 0.491610
vt 0.576362 0.510553
vt 0.577815 0.510937
vt 0.574682 0.514897
vt 0.576187 0.515258
vt 0.232806 0.483949
vt 0.574653 0.510350
vt 0.572928 0.514666
vt 0.235222 0.477416
vt 0.230944 0.475389
vt 0.572970 0.518570
vt 0.574651 0.518839
vt 0.571552 0.522080
vt 0.573371 0.522242
vt 0.237582 0.471318
vt 0.233135 0.468829
vt 0.571034 0.518606
vt 0.568222 0.518193
vt 0.565889 0.522842
vt 0.569418 0.522457
vt 0.227334 0.472611
vt 0.224931 0.470303
vt 0.229395 0.465435
vt 0.226394 0.461771
vt 0.566135 0.517311
vt 0.222591 0.469442
vt 0.222937 0.462145
vt 0.564123 0.520900
vt 0.232989 0.458918
vt 0.230396 0.455700
vt 0.236462 0.462167
vt 0.240363 0.455874
vt 0.237310 0.452771
vt 0.234910 0.449532
vt 0.563198 0.523514
vt 0.564045 0.525315
vt 0.224848 0.456490
vt 0.221645 0.457356
vt 0.102323 0.773708
vt 0.096258 0.772223
vt 0.097422 0.780574
vt 0.102918 0.781883
vt 0.101798 0.901088
vt 0.105976 0.906757
vt 0.105484 0.898255
vt 0.101833 0.893397
vt 0.240460 0.464793
vt 0.570835 0.526137
vt 0.572587 0.526154
vt 0.570856 0.530322
vt 0.572419 0.530107
vt 0.243772 0.458535
vt 0.568835 0.526720
vt 0.566246 0.527561
vt 0.566392 0.532344
vt 0.569095 0.531064
vt 0.241570 0.447490
vt 0.239707 0.444855
vt 0.244214 0.450773
vt 0.248382 0.447115
vt 0.246024 0.443511
vt 0.243355 0.439869
vt 0.565428 0.534556
vt 0.566131 0.536846
vt 0.567818 0.535971
vt 0.234421 0.445851
vt 0.238093 0.443172
vt 0.240500 0.439384
vt 0.566729 0.539136
vt 0.568743 0.539130
vt 0.247118 0.453742
vt 0.571475 0.533807
vt 0.572854 0.533289
vt 0.572748 0.536494
vt 0.573928 0.535728
vt 0.250724 0.450416
vt 0.569970 0.534695
vt 0.571309 0.537506
vt 0.255565 0.447617
vt 0.253542 0.444256
vt 0.574778 0.538872
vt 0.575864 0.538027
vt 0.577265 0.541920
vt 0.578348 0.541193
vt 0.261937 0.443673
vt 0.259882 0.440604
vt 0.573460 0.539816
vt 0.571161 0.540983
vt 0.573542 0.543888
vt 0.576021 0.542797
vt 0.251416 0.440920
vt 0.248618 0.438033
vt 0.257822 0.437620
vt 0.254906 0.435229
vt 0.568710 0.541417
vt 0.569793 0.542615
vt 0.567359 0.540634
vt 0.693558 0.721095
vt 0.689940 0.721226
vt 0.687858 0.724092
vt 0.690267 0.724538
vt 0.697242 0.721202
vt 0.692733 0.725077
vt 0.265482 0.432101
vt 0.263941 0.430387
vt 0.267628 0.434484
vt 0.275185 0.427004
vt 0.272924 0.425329
vt 0.271324 0.424144
vt 0.572794 0.545587
vt 0.575771 0.549031
vt 0.577098 0.548129
vt 0.255393 0.432686
vt 0.263004 0.428853
vt 0.270227 0.423036
vt 0.578333 0.553193
vt 0.579579 0.552639
vt 0.269963 0.437094
vt 0.579929 0.546547
vt 0.581016 0.546044
vt 0.582252 0.551718
vt 0.583268 0.551472
vt 0.277577 0.428885
vt 0.578817 0.547152
vt 0.581151 0.552046
vt 0.580255 0.557054
vt 0.581243 0.556604
vt 0.276850 0.418149
vt 0.276018 0.417171
vt 0.279788 0.415019
vt 0.280079 0.413691
vt 0.581840 0.559473
vt 0.582207 0.558719
vt 0.282390 0.421218
vt 0.280207 0.420171
vt 0.583385 0.556005
vt 0.584221 0.556050
vt 0.583521 0.558176
vt 0.583917 0.558821
vt 0.283783 0.415664
vt 0.282084 0.416174
vt 0.582488 0.556249
vt 0.583092 0.558812
vt 0.278301 0.418993
vt 0.281164 0.414813
vt 0.282771 0.413025
vt 0.583118 0.560058
vt 0.248643 0.433332
vt 0.247707 0.434922
vt 0.569759 0.543646
vt 0.699262 0.722448
vt 0.694235 0.725867
vt 0.842890 0.702320
vt 0.844696 0.705459
vt 0.850110 0.697514
vt 0.848877 0.695136
vt 0.244895 0.435975
vt 0.242039 0.436618
vt 0.842749 0.696494
vt 0.848030 0.691275
vt 0.842829 0.690780
vt 0.847290 0.687522
vt 0.566362 0.540404
vt 0.240184 0.436889
vt 0.842265 0.687146
vt 0.846742 0.685023
vt 0.687548 0.720927
vt 0.686261 0.723787
vt 0.688988 0.727304
vt 0.691053 0.727867
vt 0.687095 0.726915
vt 0.688745 0.731123
vt 0.690491 0.731093
vt 0.692219 0.731131
vt 0.685802 0.726865
vt 0.851697 0.686249
vt 0.851588 0.684210
vt 0.858375 0.688779
vt 0.858868 0.686796
vt 0.687495 0.731449
vt 0.852348 0.689227
vt 0.853265 0.692479
vt 0.858441 0.694277
vt 0.858356 0.691543
vt 0.853747 0.694728
vt 0.692477 0.728164
vt 0.693493 0.730853
vt 0.858021 0.696298
vt 0.867569 0.697471
vt 0.868594 0.695241
vt 0.866360 0.699513
vt 0.872539 0.703265
vt 0.875145 0.702888
vt 0.875143 0.700661
vt 0.865582 0.701246
vt 0.695576 0.736099
vt 0.696666 0.735597
vt 0.697986 0.739978
vt 0.699183 0.740433
vt 0.873280 0.705153
vt 0.694295 0.736876
vt 0.692893 0.737538
vt 0.696358 0.741639
vt 0.697764 0.741626
vt 0.691978 0.738326
vt 0.869826 0.693781
vt 0.877550 0.701136
vt 0.696673 0.743156
vt 0.878406 0.705226
vt 0.699262 0.743671
vt 0.208947 0.354613
vt 0.209655 0.355593
vt 0.185457 0.357796
vt 0.119587 0.895864
vt 0.121308 0.890662
vt 0.109262 0.790517
vt 0.105976 0.793102
vt 0.107743 0.798293
vt 0.109848 0.797417
vt 0.185713 0.352741
vt 0.210307 0.358500
vt 0.209556 0.359287
vt 0.119587 0.782170
vt 0.115890 0.782593
vt 0.114393 0.794945
vt 0.116378 0.794796
vt 0.133032 0.906757
vt 0.129923 0.894095
vt 0.210265 0.356965
vt 0.112245 0.786260
vt 0.112093 0.796051
vt 0.125512 0.883856
vt 0.123707 0.883804
vt 0.127396 0.883850
vt 0.128073 0.874293
vt 0.126294 0.874475
vt 0.124582 0.874653
vt 0.108789 0.805273
vt 0.110251 0.805133
vt 0.122296 0.883665
vt 0.123276 0.874630
vt 0.109775 0.814292
vt 0.111129 0.814263
vt 0.112089 0.805071
vt 0.113925 0.805073
vt 0.112870 0.814436
vt 0.114607 0.814622
vt 0.128762 0.883819
vt 0.115238 0.805107
vt 0.115835 0.814634
vt 0.129351 0.874285
vt 0.114514 0.825461
vt 0.116228 0.825634
vt 0.112796 0.825292
vt 0.113446 0.836369
vt 0.115104 0.836426
vt 0.116746 0.836494
vt 0.130955 0.863264
vt 0.129688 0.863273
vt 0.117446 0.825648
vt 0.117882 0.836578
vt 0.131381 0.852331
vt 0.130201 0.852417
vt 0.127934 0.863444
vt 0.126247 0.863617
vt 0.128524 0.852490
vt 0.126896 0.852547
vt 0.111446 0.825304
vt 0.124946 0.863609
vt 0.125671 0.852599
vt 0.112174 0.836313
vt 0.129017 0.842936
vt 0.127969 0.843077
vt 0.114510 0.845839
vt 0.115520 0.845972
vt 0.111608 0.853999
vt 0.112479 0.854062
vt 0.125976 0.834838
vt 0.125070 0.834909
vt 0.126508 0.843042
vt 0.125096 0.842978
vt 0.123846 0.834777
vt 0.122674 0.834631
vt 0.110513 0.845838
vt 0.111645 0.845944
vt 0.124004 0.843073
vt 0.121739 0.834664
vt 0.108255 0.854240
vt 0.109223 0.854280
vt 0.113084 0.845885
vt 0.110418 0.854139
vt 0.122893 0.827521
vt 0.121871 0.827210
vt 0.123956 0.827834
vt 0.124586 0.820913
vt 0.123561 0.820454
vt 0.122569 0.820003
vt 0.107543 0.861798
vt 0.108422 0.861682
vt 0.121024 0.827093
vt 0.121760 0.819764
vt 0.108283 0.869116
vt 0.109122 0.868872
vt 0.109465 0.861372
vt 0.110495 0.861058
vt 0.110133 0.868417
vt 0.111130 0.867963
vt 0.124778 0.827932
vt 0.111282 0.860959
vt 0.111875 0.867734
vt 0.125364 0.821146
vt 0.111877 0.876066
vt 0.112917 0.875662
vt 0.110825 0.876473
vt 0.113135 0.885501
vt 0.114233 0.885219
vt 0.115325 0.884939
vt 0.127144 0.813445
vt 0.126366 0.813200
vt 0.113663 0.875424
vt 0.116091 0.884749
vt 0.129563 0.804108
vt 0.128766 0.803911
vt 0.125299 0.812790
vt 0.124267 0.812389
vt 0.127649 0.803627
vt 0.126569 0.803350
vt 0.109989 0.876731
vt 0.123460 0.812139
vt 0.125746 0.803142
vt 0.112283 0.885717
vt 0.130061 0.793121
vt 0.128982 0.793038
vt 0.131120 0.793469
vt 0.132270 0.786719
vt 0.131741 0.785208
vt 0.130675 0.786417
vt 0.114773 0.896135
vt 0.115556 0.895804
vt 0.128226 0.792714
vt 0.130517 0.784882
vt 0.117079 0.903962
vt 0.117256 0.902424
vt 0.116651 0.895715
vt 0.117686 0.895370
vt 0.118339 0.903620
vt 0.118844 0.902108
vt 0.131918 0.793479
vt 0.118456 0.895367
vt 0.119587 0.903448
vt 0.133032 0.785381
vt 0.118988 0.906757
vt 0.132416 0.782072
vt 0.893831 0.126205
vt 0.895316 0.089570
vt 0.893831 0.088994
vt 0.900489 0.084061
vt 0.899558 0.083706
vt 0.899562 0.131471
vt 0.898095 0.089062
vt 0.900948 0.088323
vt 0.903610 0.084122
vt 0.902080 0.084131
vt 0.902662 0.088041
vt 0.902650 0.127136
vt 0.904552 0.130861
vt 0.904558 0.084305
vt 0.905729 0.136686
vt 0.906704 0.136177
vt 0.904758 0.137207
vt 0.908512 0.142957
vt 0.909226 0.142202
vt 0.909943 0.141448
vt 0.904157 0.137576
vt 0.904750 0.077947
vt 0.904146 0.077579
vt 0.908497 0.072177
vt 0.908017 0.071743
vt 0.908033 0.143391
vt 0.905723 0.078467
vt 0.906702 0.078975
vt 0.909934 0.073686
vt 0.909215 0.072932
vt 0.907325 0.079308
vt 0.907326 0.135843
vt 0.910427 0.141020
vt 0.910421 0.074114
vt 0.912665 0.068370
vt 0.912008 0.067527
vt 0.913320 0.069215
vt 0.917024 0.065487
vt 0.916308 0.064576
vt 0.915587 0.063669
vt 0.913752 0.069695
vt 0.913332 0.145902
vt 0.913762 0.145422
vt 0.917036 0.149614
vt 0.917470 0.149076
vt 0.917460 0.066025
vt 0.912680 0.146747
vt 0.912026 0.147590
vt 0.915606 0.151431
vt 0.916323 0.150524
vt 0.911591 0.148064
vt 0.911571 0.067052
vt 0.915128 0.063147
vt 0.915149 0.151952
vt 0.920285 0.153884
vt 0.921130 0.152846
vt 0.919434 0.154917
vt 0.923316 0.157861
vt 0.924255 0.156749
vt 0.925198 0.155646
vt 0.918920 0.155528
vt 0.919416 0.060165
vt 0.918899 0.059554
vt 0.923301 0.057206
vt 0.922764 0.056512
vt 0.922782 0.158555
vt 0.920272 0.061199
vt 0.921121 0.062237
vt 0.925193 0.059422
vt 0.924244 0.058318
vt 0.921614 0.062875
vt 0.921621 0.152209
vt 0.925746 0.154956
vt 0.925743 0.060112
vt 0.927692 0.158904
vt 0.928541 0.157921
vt 0.926820 0.159894
vt 0.928914 0.160656
vt 0.929860 0.160157
vt 0.930105 0.159285
vt 0.926433 0.160609
vt 0.926809 0.055159
vt 0.926419 0.054444
vt 0.928907 0.054391
vt 0.929178 0.053801
vt 0.929186 0.161244
vt 0.927686 0.056150
vt 0.928538 0.057134
vt 0.930104 0.055763
vt 0.929856 0.054889
vt 0.929133 0.057696
vt 0.929133 0.157359
vt 0.930807 0.159299
vt 0.930807 0.055747
vt 0.930770 0.160681
vt 0.930766 0.054362
vt 0.882616 0.104505
vt 0.880383 0.104155
vt 0.880417 0.111107
vt 0.882652 0.110752
vt 0.813990 0.628134
vt 0.808853 0.628983
vt 0.810137 0.634880
vt 0.814032 0.634112
vt 0.819140 0.628913
vt 0.817937 0.634827
vt 0.056486 0.799870
vt 0.877530 0.102554
vt 0.826104 0.631614
vt 0.823115 0.636887
vt 0.148691 0.899376
vt 0.144851 0.894528
vt 0.877565 0.112717
vt 0.075781 0.906757
vt 0.164350 0.819854
vt 0.160510 0.824703
vt 0.801926 0.631781
vt 0.804988 0.637012
vt 0.140276 0.889973
vt 0.136813 0.892393
vt 0.817031 0.641279
vt 0.821171 0.642940
vt 0.813259 0.647370
vt 0.816176 0.648655
vt 0.137870 0.882901
vt 0.135255 0.884414
vt 0.807015 0.643037
vt 0.811131 0.641320
vt 0.152472 0.826838
vt 0.155935 0.829258
vt 0.150915 0.834816
vt 0.153530 0.836331
vt 0.812087 0.648683
vt 0.814987 0.647358
vt 0.149776 0.825612
vt 0.134117 0.893619
vt 0.133032 0.884910
vt 0.148691 0.834320
vt 0.814086 0.640374
vt 0.814064 0.640374
vt 0.817035 0.645985
vt 0.811192 0.646025
vt 0.824165 0.654812
vt 0.825836 0.653399
vt 0.153023 0.848684
vt 0.155146 0.849173
vt 0.157291 0.864453
vt 0.159016 0.864182
vt 0.838679 0.660504
vt 0.839490 0.658970
vt 0.151282 0.848730
vt 0.137364 0.870547
vt 0.135622 0.870500
vt 0.141632 0.854777
vt 0.140310 0.854455
vt 0.155970 0.864775
vt 0.801381 0.652189
vt 0.802493 0.653560
vt 0.826929 0.652014
vt 0.840074 0.657748
vt 0.788316 0.658104
vt 0.788916 0.659318
vt 0.139487 0.870057
vt 0.804184 0.654950
vt 0.789749 0.660841
vt 0.143356 0.855049
vt 0.160181 0.877075
vt 0.161257 0.876799
vt 0.145597 0.842431
vt 0.144521 0.842155
vt 0.147382 0.832341
vt 0.146442 0.832271
vt 0.162101 0.886959
vt 0.163041 0.886890
vt 0.776883 0.662860
vt 0.777340 0.663821
vt 0.851126 0.663312
vt 0.851571 0.662345
vt 0.860045 0.668157
vt 0.860554 0.667408
vt 0.767969 0.668047
vt 0.768488 0.668788
vt 0.147044 0.842780
vt 0.777942 0.665162
vt 0.769150 0.669848
vt 0.148691 0.832476
vt 0.850543 0.664661
vt 0.162703 0.876450
vt 0.164350 0.886755
vt 0.859398 0.669225
vt 0.147310 0.822395
vt 0.146175 0.822475
vt 0.761707 0.675660
vt 0.762300 0.676715
vt 0.758016 0.680795
vt 0.757702 0.682620
vt 0.144988 0.815136
vt 0.144559 0.816360
vt 0.866342 0.675996
vt 0.866920 0.674934
vt 0.161835 0.896755
vt 0.162969 0.896836
vt 0.160218 0.902871
vt 0.160647 0.904094
vt 0.871020 0.681837
vt 0.870681 0.680018
vt 0.160959 0.896832
vt 0.145300 0.822398
vt 0.143643 0.815158
vt 0.159302 0.904072
vt 0.761074 0.675157
vt 0.867545 0.674422
vt 0.871832 0.680731
vt 0.756874 0.681525
vt 0.159315 0.906757
vt 0.143655 0.812473
vt 0.755662 0.684873
vt 0.873091 0.684061
vt 0.879754 0.779923
vt 0.884243 0.785636
vt 0.738204 0.714491
vt 0.734084 0.712339
vt 0.727035 0.712004
vt 0.728589 0.714199
vt 0.873364 0.802409
vt 0.880180 0.799910
vt 0.738204 0.706877
vt 0.728589 0.707169
vt 0.734084 0.709029
vt 0.727035 0.709364
vt 0.884428 0.790303
vt 0.886745 0.788228
vt 0.882787 0.796039
vt 0.883667 0.799019
vt 0.732517 0.710684
vt 0.726489 0.710684
vt 0.717199 0.708352
vt 0.717334 0.709449
vt 0.717334 0.711919
vt 0.717199 0.713016
vt 0.706481 0.713967
vt 0.706386 0.714931
vt 0.706386 0.706437
vt 0.706481 0.707401
vt 0.717828 0.709786
vt 0.718311 0.707623
vt 0.707013 0.710063
vt 0.706749 0.712017
vt 0.718418 0.706517
vt 0.718311 0.713745
vt 0.718418 0.714851
vt 0.707013 0.711304
vt 0.707080 0.712271
vt 0.707080 0.709096
vt 0.717828 0.711582
vt 0.706749 0.709350
vt 0.696079 0.711554
vt 0.696035 0.713072
vt 0.696356 0.710109
vt 0.689905 0.709429
vt 0.688556 0.710050
vt 0.689745 0.711278
vt 0.696287 0.709375
vt 0.696356 0.711258
vt 0.696287 0.711993
vt 0.689905 0.711938
vt 0.688645 0.712473
vt 0.688645 0.708895
vt 0.696079 0.709813
vt 0.696035 0.708296
vt 0.689745 0.710090
vt 0.688556 0.711318
vt 0.695809 0.707620
vt 0.695809 0.713748
vt 0.688420 0.711216
vt 0.688420 0.710152
vt 0.685802 0.709395
vt 0.685802 0.711973
vt 0.564414 0.528404
vt 0.564665 0.531452
vt 0.093459 0.894605
vt 0.095029 0.887831
vt 0.084098 0.889713
vt 0.087308 0.883625
vt 0.228510 0.452608
vt 0.231475 0.447895
vt 0.087594 0.777176
vt 0.080174 0.784413
vt 0.082975 0.791348
vt 0.089657 0.784844
vt 0.231590 0.444679
vt 0.564668 0.533101
vt 0.078095 0.889720
vt 0.082108 0.883604
vt 0.078095 0.790049
vt 0.080881 0.796432
vt 0.091907 0.793439
vt 0.098370 0.789828
vt 0.086128 0.798774
vt 0.089003 0.805994
vt 0.093569 0.801993
vt 0.098536 0.799129
vt 0.104407 0.889476
vt 0.101311 0.886055
vt 0.102886 0.790678
vt 0.102072 0.799346
vt 0.103777 0.881242
vt 0.101122 0.879052
vt 0.096387 0.881653
vt 0.090619 0.878262
vt 0.097425 0.875778
vt 0.093208 0.873130
vt 0.084025 0.802785
vt 0.086597 0.877899
vt 0.090279 0.872508
vt 0.086909 0.808716
vt 0.094668 0.809965
vt 0.098385 0.807565
vt 0.091327 0.813015
vt 0.093208 0.820921
vt 0.096002 0.818309
vt 0.099103 0.816220
vt 0.104336 0.873434
vt 0.101877 0.871684
vt 0.101139 0.807359
vt 0.101578 0.816016
vt 0.105340 0.864349
vt 0.103060 0.862439
vt 0.098390 0.868848
vt 0.094534 0.866491
vt 0.099490 0.859645
vt 0.095646 0.857448
vt 0.089466 0.814887
vt 0.092056 0.865903
vt 0.093215 0.857064
vt 0.091633 0.822620
vt 0.100870 0.848877
vt 0.097508 0.847073
vt 0.104019 0.851475
vt 0.103915 0.844602
vt 0.102005 0.841759
vt 0.099582 0.841346
vt 0.093712 0.831830
vt 0.094982 0.829930
vt 0.095326 0.846636
vt 0.098733 0.839911
vt 0.096454 0.838425
vt 0.096711 0.835795
vt 0.097634 0.827603
vt 0.100587 0.825681
vt 0.099036 0.835369
vt 0.101116 0.832663
vt 0.105976 0.853124
vt 0.102918 0.825914
vt 0.102719 0.834554
vt 0.105160 0.844094
vt 0.099908 0.839377
vt 0.102338 0.839377
s 1
usemtl Scene_-_Root
f 1/1/1 2/2/2 3/3/3
f 1/1/1 3/3/3 4/4/4
f 2/2/2 5/5/5 6/6/6
f 2/2/2 6/6/6 3/3/3
f 7/7/7 8/8/8 9/9/9
f 7/7/7 9/9/9 10/10/10
f 11/11/11 7/7/7 10/10/10
f 11/11/11 10/10/10 12/12/12
f 12/12/12 10/10/10 13/13/13
f 12/12/12 13/13/13 14/14/14
f 10/10/10 9/9/9 15/15/15
f 10/10/10 15/15/15 13/13/13
f 16/16/16 17/17/17 18/18/18
f 16/16/16 18/18/18 19/19/19
f 20/20/20 16/16/16 19/19/19
f 20/20/20 19/19/19 21/21/21
f 18/18/18 22/22/22 23/23/23
f 18/18/18 23/23/23 24/24/24
f 25/25/25 26/26/26 27/27/27
f 25/25/25 27/27/27 28/28/28
f 29/29/29 30/30/30 31/31/31
f 29/29/29 31/31/31 32/32/32
f 33/33/33 34/34/34 35/35/35
f 33/33/33 35/35/35 36/36/36
f 37/37/37 38/38/38 39/39/39
f 37/37/37 39/39/39 40/40/40
f 38/38/38 26/26/26 41/41/41
f 38/38/38 41/41/41 39/39/39
f 42/42/42 43/43/43 5/5/5
f 42/42/42 5/5/5 2/2/2
f 44/44/44 42/42/42 2/2/2
f 44/44/44 2/2/2 1/1/1
f 45/45/45 46/46/46 47/47/47
f 45/45/45 47/47/47 48/48/48
f 49/49/49 50/50/50 51/51/51
f 49/49/49 51/51/51 52/52/52
f 52/52/52 51/51/51 53/53/53
f 52/52/52 53/53/53 54/54/54
f 48/48/48 47/47/47 55/55/55
f 48/48/48 55/55/55 56/56/56
f 57/57/57 58/58/58 59/59/59
f 57/57/57 59/59/59 60/60/60
f 58/58/58 61/61/61 62/62/62
f 58/58/58 62/62/62 59/59/59
f 63/63/59 64/64/62 65/65/63
f 63/63/59 65/65/63 66/66/64
f 67/67/65 63/63/59 66/66/64
f 67/67/65 66/66/64 68/68/66
f 69/69/67 70/70/68 71/71/69
f 69/69/67 71/71/69 72/72/70
f 70/70/68 73/73/71 74/74/72
f 70/70/68 74/74/72 71/71/69
f 75/75/73 76/76/74 61/61/61
f 75/75/73 61/61/61 58/58/58
f 77/77/75 75/75/73 58/58/58
f 77/77/75 58/58/58 57/57/57
f 78/78/76 79/79/77 80/80/78
f 78/78/76 80/80/78 81/81/79
f 79/79/77 82/82/80 83/83/81
f 79/79/77 83/83/81 80/80/78
f 80/80/78 84/84/82 73/73/71
f 80/80/78 73/73/71 70/70/68
f 81/81/79 80/80/78 70/70/68
f 81/81/79 70/70/68 69/69/67
f 68/68/66 66/66/64 85/85/83
f 68/68/66 85/85/83 86/86/84
f 66/66/64 65/65/63 87/87/85
f 66/66/64 87/87/85 85/85/83
f 88/88/86 89/89/85 82/82/80
f 88/88/86 82/82/80 79/79/77
f 90/90/87 88/88/86 79/79/77
f 90/90/87 79/79/77 78/78/76
f 61/61/61 91/91/88 92/92/89
f 61/61/61 92/92/89 62/62/62
f 91/91/88 93/93/90 94/94/91
f 91/91/88 94/94/91 92/92/89
f 95/95/92 96/96/93 97/97/94
f 95/95/92 97/97/94 98/98/95
f 64/64/62 95/95/92 98/98/95
f 64/64/62 98/98/95 65/65/63
f 73/73/71 99/99/96 100/100/97
f 73/73/71 100/100/97 74/74/72
f 99/99/96 101/101/98 102/102/99
f 99/99/96 102/102/99 100/100/97
f 103/103/100 104/104/99 93/93/90
f 103/103/100 93/93/90 91/91/88
f 76/76/74 103/103/100 91/91/88
f 76/76/74 91/91/88 61/61/61
f 82/82/80 105/105/101 106/106/102
f 82/82/80 106/106/102 83/83/81
f 105/105/101 107/107/103 108/108/104
f 105/105/101 108/108/104 106/106/102
f 109/109/102 110/110/105 101/101/98
f 109/109/102 101/101/98 99/99/96
f 84/84/82 109/109/102 99/99/96
f 84/84/82 99/99/96 73/73/71
f 65/65/63 98/98/95 111/111/106
f 65/65/63 111/111/106 87/87/85
f 98/98/95 97/97/94 112/112/107
f 98/98/95 112/112/107 111/111/106
f 113/113/106 114/114/107 107/107/103
f 113/113/106 107/107/103 105/105/101
f 89/89/85 113/113/106 105/105/101
f 89/89/85 105/105/101 82/82/80
f 93/93/90 115/115/108 116/116/109
f 93/93/90 116/116/109 94/94/91
f 115/115/108 117/117/110 118/118/111
f 115/115/108 118/118/111 116/116/109
f 119/119/112 120/120/113 121/121/114
f 119/119/112 121/121/114 122/122/115
f 96/96/93 119/119/112 122/122/115
f 96/96/93 122/122/115 97/97/94
f 101/101/98 123/123/116 124/124/117
f 101/101/98 124/124/117 102/102/99
f 123/123/116 125/125/118 126/126/119
f 123/123/116 126/126/119 124/124/117
f 127/127/120 128/128/119 117/117/110
f 127/127/120 117/117/110 115/115/108
f 104/104/99 127/127/120 115/115/108
f 104/104/99 115/115/108 93/93/90
f 107/107/103 129/129/121 130/130/122
f 107/107/103 130/130/122 108/108/104
f 129/129/121 131/131/123 132/132/124
f 129/129/121 132/132/124 130/130/122
f 133/133/125 134/134/126 125/125/118
f 133/133/125 125/125/118 123/123/116
f 110/110/105 133/133/125 123/123/116
f 110/110/105 123/123/116 101/101/98
f 97/97/94 122/122/115 135/135/127
f 97/97/94 135/135/127 112/112/107
f 122/122/115 121/121/114 136/136/128
f 122/122/115 136/136/128 135/135/127
f 137/137/129 138/138/128 131/131/123
f 137/137/129 131/131/123 129/129/121
f 114/114/107 137/137/129 129/129/121
f 114/114/107 129/129/121 107/107/103
f 117/117/110 139/139/130 140/140/131
f 117/117/110 140/140/131 118/118/111
f 139/139/130 141/141/132 142/142/133
f 139/139/130 142/142/133 140/140/131
f 143/143/134 144/144/135 145/145/136
f 143/143/134 145/145/136 146/146/137
f 120/120/113 143/143/134 146/146/137
f 120/120/113 146/146/137 121/121/114
f 125/125/118 147/147/138 148/148/139
f 125/125/118 148/148/139 126/126/119
f 147/147/138 149/149/140 150/150/141
f 147/147/138 150/150/141 148/148/139
f 151/151/139 152/152/142 141/141/132
f 151/151/139 141/141/132 139/139/130
f 128/128/119 151/151/139 139/139/130
f 128/128/119 139/139/130 117/117/110
f 131/131/123 153/153/143 154/154/144
f 131/131/123 154/154/144 132/132/124
f 153/153/143 155/155/145 156/156/146
f 153/153/143 156/156/146 154/154/144
f 157/157/147 158/158/148 149/149/140
f 157/157/147 149/149/140 147/147/138
f 134/134/126 157/157/147 147/147/138
f 134/134/126 147/147/138 125/125/118
f 121/121/114 146/146/137 159/159/149
f 121/121/114 159/159/149 136/136/128
f 146/146/137 145/145/136 160/160/150
f 146/146/137 160/160/150 159/159/149
f 161/161/149 162/162/150 155/155/145
f 161/161/149 155/155/145 153/153/143
f 138/138/128 161/161/149 153/153/143
f 138/138/128 153/153/143 131/131/123
f 141/141/132 163/163/151 164/164/152
f 141/141/132 164/164/152 142/142/133
f 163/163/151 165/165/153 166/166/154
f 163/163/151 166/166/154 164/164/152
f 167/167/155 168/168/154 169/169/156
f 167/167/155 169/169/156 170/170/157
f 144/144/135 167/167/155 170/170/157
f 144/144/135 170/170/157 145/145/136
f 149/149/140 171/171/158 172/172/159
f 149/149/140 172/172/159 150/150/141
f 171/171/158 173/173/160 174/174/161
f 171/171/158 174/174/161 172/172/159
f 175/175/159 176/176/161 165/165/153
f 175/175/159 165/165/153 163/163/151
f 152/152/142 175/175/159 163/163/151
f 152/152/142 163/163/151 141/141/132
f 155/155/145 177/177/162 178/178/163
f 155/155/145 178/178/163 156/156/146
f 177/177/162 179/179/164 180/180/165
f 177/177/162 180/180/165 178/178/163
f 181/181/166 182/182/167 173/173/160
f 181/181/166 173/173/160 171/171/158
f 158/158/148 181/181/166 171/171/158
f 158/158/148 171/171/158 149/149/140
f 145/145/136 170/170/157 183/183/168
f 145/145/136 183/183/168 160/160/150
f 170/170/157 169/169/156 184/184/169
f 170/170/157 184/184/169 183/183/168
f 185/185/168 186/186/170 179/179/164
f 185/185/168 179/179/164 177/177/162
f 162/162/150 185/185/168 177/177/162
f 162/162/150 177/177/162 155/155/145
f 187/187/171 188/188/172 189/189/173
f 187/187/171 189/189/173 190/190/174
f 191/191/175 192/192/176 193/193/177
f 191/191/175 193/193/177 194/194/178
f 194/194/178 193/193/177 195/195/179
f 194/194/178 195/195/179 196/196/180
f 190/190/174 189/189/173 197/197/180
f 190/190/174 197/197/180 198/198/181
f 50/50/50 199/199/182 200/200/183
f 50/50/50 200/200/183 51/51/51
f 201/201/184 187/187/171 190/190/174
f 201/201/184 190/190/174 202/202/183
f 202/202/183 190/190/174 198/198/181
f 202/202/183 198/198/181 203/203/185
f 51/51/51 200/200/183 204/204/185
f 51/51/51 204/204/185 53/53/53
f 205/205/186 206/206/187 207/207/188
f 205/205/186 207/207/188 208/208/189
f 209/209/190 210/210/191 211/211/192
f 209/209/190 211/211/192 212/212/193
f 213/213/194 214/214/195 215/215/196
f 213/213/194 215/215/196 216/216/197
f 217/217/198 218/218/194 219/219/199
f 217/217/198 219/219/199 220/220/200
f 205/205/186 221/221/201 222/222/202
f 205/205/186 222/222/202 223/223/203
f 221/221/201 224/224/204 225/225/205
f 221/221/201 225/225/205 222/222/202
f 226/226/206 227/227/207 228/228/208
f 226/226/206 228/228/208 229/229/209
f 230/230/210 226/226/206 229/229/209
f 230/230/210 229/229/209 231/231/211
f 232/232/212 233/233/213 234/234/214
f 232/232/212 234/234/214 235/235/215
f 236/236/216 237/237/217 238/238/218
f 236/236/216 238/238/218 239/239/219
f 239/239/219 238/238/218 210/210/191
f 239/239/219 210/210/191 240/240/220
f 235/235/215 234/234/214 241/241/221
f 235/235/215 241/241/221 242/242/222
f 243/243/223 244/244/224 245/245/225
f 243/243/223 245/245/225 246/246/226
f 247/247/227 232/232/212 235/235/215
f 247/247/227 235/235/215 248/248/228
f 248/248/228 235/235/215 242/242/222
f 248/248/228 242/242/222 249/249/229
f 246/246/226 245/245/225 250/250/230
f 246/246/226 250/250/230 251/251/231
f 187/187/171 201/201/184 252/252/232
f 187/187/171 252/252/232 253/253/233
f 199/199/182 50/50/50 254/254/234
f 199/199/182 254/254/234 255/255/235
f 256/256/235 257/257/234 258/258/236
f 256/256/235 258/258/236 259/259/237
f 260/260/238 256/256/235 259/259/237
f 260/260/238 259/259/237 261/261/239
f 5/5/5 43/43/43 262/262/240
f 5/5/5 262/262/240 263/263/241
f 41/41/41 26/26/26 264/264/242
f 41/41/41 264/264/242 265/265/243
f 265/265/243 264/264/242 45/45/45
f 265/265/243 45/45/45 266/266/244
f 263/263/241 262/262/240 267/267/245
f 263/263/241 267/267/245 192/192/176
f 9/9/9 8/8/8 268/268/246
f 9/9/9 268/268/246 269/269/247
f 6/6/6 5/5/5 263/263/241
f 6/6/6 263/263/241 270/270/248
f 270/270/248 263/263/241 192/192/176
f 270/270/248 192/192/176 191/191/175
f 269/269/247 268/268/246 188/188/172
f 269/269/247 188/188/172 187/187/171
f 26/26/26 25/25/25 271/271/249
f 26/26/26 271/271/249 264/264/242
f 22/22/22 18/18/18 272/272/250
f 22/22/22 272/272/250 273/273/251
f 273/273/251 272/272/250 50/50/50
f 273/273/251 50/50/50 49/49/49
f 264/264/242 271/271/249 46/46/46
f 264/264/242 46/46/46 45/45/45
f 18/18/18 17/17/17 274/274/252
f 18/18/18 274/274/252 275/275/253
f 15/15/15 9/9/9 276/276/254
f 15/15/15 276/276/254 277/277/255
f 278/278/252 279/279/256 280/280/257
f 278/278/252 280/280/257 281/281/258
f 282/282/259 278/278/252 281/281/258
f 282/282/259 281/281/258 283/283/260
f 9/9/9 269/269/247 284/284/261
f 9/9/9 284/284/261 276/276/254
f 269/269/247 187/187/171 253/253/233
f 269/269/247 253/253/233 284/284/261
f 285/285/262 260/260/238 261/261/239
f 285/285/262 261/261/239 286/286/263
f 279/279/256 287/287/264 288/288/263
f 279/279/256 288/288/263 280/280/257
f 50/50/50 272/272/250 289/289/265
f 50/50/50 289/289/265 254/254/234
f 272/272/250 18/18/18 275/275/253
f 272/272/250 275/275/253 289/289/265
f 290/290/266 282/282/259 283/283/260
f 290/290/266 283/283/260 291/291/267
f 257/257/234 290/290/266 291/291/267
f 257/257/234 291/291/267 258/258/236
f 258/258/236 291/291/267 292/292/268
f 258/258/236 292/292/268 293/293/269
f 291/291/267 283/283/260 294/294/270
f 291/291/267 294/294/270 295/295/271
f 295/295/271 294/294/270 296/296/272
f 295/295/271 296/296/272 297/297/273
f 293/293/269 292/292/268 298/298/273
f 293/293/269 298/298/273 299/299/274
f 283/283/260 281/281/258 300/300/275
f 283/283/260 300/300/275 294/294/270
f 281/281/258 280/280/257 301/301/276
f 281/281/258 301/301/276 300/300/275
f 300/300/275 301/301/276 302/302/277
f 300/300/275 302/302/277 303/303/278
f 294/294/270 300/300/275 303/303/278
f 294/294/270 303/303/278 296/296/272
f 261/261/239 259/259/237 304/304/279
f 261/261/239 304/304/279 305/305/280
f 259/259/237 258/258/236 293/293/269
f 259/259/237 293/293/269 304/304/279
f 304/304/279 293/293/269 299/299/274
f 304/304/279 299/299/274 306/306/281
f 305/305/280 304/304/279 306/306/281
f 305/305/280 306/306/281 307/307/282
f 280/280/257 288/288/263 308/308/283
f 280/280/257 308/308/283 301/301/276
f 286/286/263 261/261/239 305/305/280
f 286/286/263 305/305/280 309/309/284
f 309/309/284 305/305/280 307/307/282
f 309/309/284 307/307/282 310/310/285
f 301/301/276 308/308/283 311/311/285
f 301/301/276 311/311/285 302/302/277
f 205/205/186 312/312/286 313/313/287
f 205/205/186 313/313/287 314/314/288
f 315/315/289 251/251/231 316/316/290
f 315/315/289 316/316/290 317/317/291
f 317/317/291 316/316/290 318/318/292
f 317/317/291 318/318/292 319/319/293
f 314/314/288 313/313/287 320/320/294
f 314/314/288 320/320/294 321/321/295
f 242/242/222 241/241/221 322/322/296
f 242/242/222 322/322/296 323/323/297
f 240/240/220 210/210/191 324/324/298
f 240/240/220 324/324/298 325/325/296
f 325/325/296 324/324/298 326/326/299
f 325/325/296 326/326/299 327/327/300
f 323/323/297 322/322/296 328/328/301
f 323/323/297 328/328/301 329/329/302
f 318/318/292 316/316/290 330/330/303
f 318/318/292 330/330/303 331/331/304
f 316/316/290 251/251/231 332/332/305
f 316/316/290 332/332/305 330/330/303
f 333/333/306 334/334/307 335/335/308
f 333/333/306 335/335/308 336/336/309
f 337/337/310 333/333/306 336/336/309
f 337/337/310 336/336/309 338/338/311
f 210/210/191 209/209/190 339/339/312
f 210/210/191 339/339/312 324/324/298
f 206/206/187 205/205/186 314/314/288
f 206/206/187 314/314/288 340/340/313
f 340/340/313 314/314/288 321/321/295
f 340/340/313 321/321/295 341/341/314
f 324/324/298 339/339/312 342/342/314
f 324/324/298 342/342/314 326/326/299
f 318/318/292 343/343/315 344/344/316
f 318/318/292 344/344/316 345/345/317
f 346/346/315 329/329/302 347/347/318
f 346/346/315 347/347/318 348/348/319
f 349/349/319 350/350/320 351/351/321
f 349/349/319 351/351/321 352/352/322
f 353/353/317 354/354/323 355/355/324
f 353/353/317 355/355/324 356/356/325
f 326/326/299 342/342/314 357/357/326
f 326/326/299 357/357/326 358/358/327
f 341/341/314 321/321/295 359/359/328
f 341/341/314 359/359/328 360/360/329
f 361/361/330 362/362/331 363/363/332
f 361/361/330 363/363/332 364/364/333
f 365/365/327 366/366/326 367/367/334
f 365/365/327 367/367/334 368/368/335
f 321/321/295 320/320/294 369/369/336
f 321/321/295 369/369/336 359/359/328
f 319/319/293 318/318/292 345/345/317
f 319/319/293 345/345/317 370/370/337
f 371/371/338 353/353/317 356/356/325
f 371/371/338 356/356/325 372/372/339
f 362/362/331 373/373/340 374/374/341
f 362/362/331 374/374/341 363/363/332
f 329/329/302 328/328/301 375/375/342
f 329/329/302 375/375/342 347/347/318
f 327/327/300 326/326/299 358/358/327
f 327/327/300 358/358/327 376/376/343
f 377/377/342 365/365/327 368/368/335
f 377/377/342 368/368/335 378/378/344
f 350/350/320 377/377/342 378/378/344
f 350/350/320 378/378/344 351/351/321
f 368/368/335 367/367/334 379/379/345
f 368/368/335 379/379/345 380/380/346
f 364/364/333 363/363/332 381/381/347
f 364/364/333 381/381/347 382/382/348
f 382/382/348 381/381/347 383/383/349
f 382/382/348 383/383/349 384/384/350
f 380/380/346 379/379/345 385/385/351
f 380/380/346 385/385/351 386/386/352
f 363/363/332 374/374/341 387/387/353
f 363/363/332 387/387/353 381/381/347
f 372/372/339 356/356/325 388/388/354
f 372/372/339 388/388/354 389/389/355
f 389/389/355 388/388/354 390/390/356
f 389/389/355 390/390/356 391/391/357
f 381/381/347 387/387/353 392/392/358
f 381/381/347 392/392/358 383/383/349
f 351/351/321 378/378/344 393/393/359
f 351/351/321 393/393/359 394/394/360
f 378/378/344 368/368/335 380/380/346
f 378/378/344 380/380/346 395/395/359
f 395/395/359 380/380/346 386/386/352
f 395/395/359 386/386/352 396/396/361
f 394/394/360 393/393/359 397/397/362
f 394/394/360 397/397/362 398/398/363
f 356/356/325 355/355/324 399/399/364
f 356/356/325 399/399/364 388/388/354
f 352/352/322 351/351/321 394/394/360
f 352/352/322 394/394/360 400/400/364
f 400/400/364 394/394/360 398/398/363
f 400/400/364 398/398/363 401/401/365
f 388/388/354 399/399/364 402/402/366
f 388/388/354 402/402/366 390/390/356
f 383/383/349 392/392/358 403/403/367
f 383/383/349 403/403/367 404/404/368
f 391/391/357 390/390/356 405/405/369
f 391/391/357 405/405/369 406/406/370
f 406/406/370 405/405/369 407/407/371
f 406/406/370 407/407/371 408/408/372
f 404/404/368 403/403/367 409/409/372
f 404/404/368 409/409/372 410/410/373
f 398/398/363 397/397/362 411/411/374
f 398/398/363 411/411/374 412/412/375
f 396/396/361 386/386/352 413/413/376
f 396/396/361 413/413/376 414/414/377
f 414/414/377 413/413/376 415/415/378
f 414/414/377 415/415/378 416/416/379
f 412/412/375 411/411/374 417/417/379
f 412/412/375 417/417/379 418/418/380
f 390/390/356 402/402/366 419/419/381
f 390/390/356 419/419/381 405/405/369
f 401/401/365 398/398/363 412/412/375
f 401/401/365 412/412/375 420/420/382
f 420/420/382 412/412/375 418/418/380
f 420/420/382 418/418/380 421/421/383
f 405/405/369 419/419/381 422/422/383
f 405/405/369 422/422/383 407/407/371
f 386/386/352 385/385/351 423/423/384
f 386/386/352 423/423/384 413/413/376
f 384/384/350 383/383/349 404/404/368
f 384/384/350 404/404/368 424/424/385
f 424/424/385 404/404/368 410/410/373
f 424/424/385 410/410/373 425/425/386
f 413/413/376 423/423/384 426/426/387
f 413/413/376 426/426/387 415/415/378
f 427/427/388 428/428/389 429/429/390
f 427/427/388 429/429/390 430/430/391
f 431/431/392 432/432/393 433/433/394
f 431/431/392 433/433/394 434/434/395
f 434/434/395 433/433/394 435/435/396
f 434/434/395 435/435/396 436/436/397
f 430/430/391 429/429/390 437/437/398
f 430/430/391 437/437/398 438/438/399
f 439/439/400 440/440/401 441/441/402
f 439/439/400 441/441/402 442/442/403
f 443/443/404 444/444/405 445/445/406
f 443/443/404 445/445/406 446/446/407
f 446/446/407 445/445/406 447/447/408
f 446/446/407 447/447/408 448/448/409
f 442/442/403 441/441/402 449/449/409
f 442/442/403 449/449/409 450/450/410
f 444/444/405 451/451/411 452/452/412
f 444/444/405 452/452/412 445/445/406
f 453/453/413 427/427/388 430/430/391
f 453/453/413 430/430/391 454/454/412
f 454/454/412 430/430/391 438/438/399
f 454/454/412 438/438/399 455/455/414
f 445/445/406 452/452/412 456/456/415
f 445/445/406 456/456/415 447/447/408
f 432/432/393 457/457/416 458/458/417
f 432/432/393 458/458/417 433/433/394
f 459/459/418 439/439/400 442/442/403
f 459/459/418 442/442/403 460/460/419
f 460/460/419 442/442/403 450/450/410
f 460/460/419 450/450/410 461/461/420
f 433/433/394 458/458/417 462/462/420
f 433/433/394 462/462/420 435/435/396
f 418/418/380 417/417/379 463/463/421
f 418/418/380 463/463/421 464/464/422
f 416/416/379 415/415/378 465/465/423
f 416/416/379 465/465/423 466/466/424
f 466/466/424 465/465/423 439/439/400
f 466/466/424 439/439/400 459/459/418
f 464/464/422 463/463/421 457/457/416
f 464/464/422 457/457/416 432/432/393
f 410/410/373 409/409/372 467/467/425
f 410/410/373 467/467/425 468/468/426
f 408/408/372 407/407/371 469/469/427
f 408/408/372 469/469/427 470/470/425
f 470/470/425 469/469/427 427/427/388
f 470/470/425 427/427/388 453/453/413
f 468/468/426 467/467/425 451/451/411
f 468/468/426 451/451/411 444/444/405
f 415/415/378 426/426/387 471/471/428
f 415/415/378 471/471/428 465/465/423
f 425/425/386 410/410/373 468/468/426
f 425/425/386 468/468/426 472/472/429
f 472/472/429 468/468/426 444/444/405
f 472/472/429 444/444/405 443/443/404
f 465/465/423 471/471/428 440/440/401
f 465/465/423 440/440/401 439/439/400
f 407/407/371 422/422/383 473/473/430
f 407/407/371 473/473/430 469/469/427
f 421/421/383 418/418/380 464/464/422
f 421/421/383 464/464/422 474/474/430
f 474/474/430 464/464/422 432/432/393
f 474/474/430 432/432/393 431/431/392
f 469/469/427 473/473/430 428/428/389
f 469/469/427 428/428/389 427/427/388
f 447/447/408 456/456/415 475/475/431
f 447/447/408 475/475/431 476/476/432
f 455/455/414 438/438/399 477/477/433
f 455/455/414 477/477/433 478/478/431
f 478/478/431 477/477/433 479/479/434
f 478/478/431 479/479/434 480/480/435
f 476/476/432 475/475/431 481/481/435
f 476/476/432 481/481/435 482/482/436
f 435/435/396 462/462/420 483/483/437
f 435/435/396 483/483/437 484/484/438
f 461/461/420 450/450/410 485/485/439
f 461/461/420 485/485/439 486/486/440
f 486/486/440 485/485/439 487/487/441
f 486/486/440 487/487/441 488/488/442
f 484/484/438 483/483/437 489/489/442
f 484/484/438 489/489/442 490/490/443
f 438/438/399 437/437/398 491/491/444
f 438/438/399 491/491/444 477/477/433
f 436/436/397 435/435/396 492/492/445
f 436/436/397 492/492/445 493/493/444
f 493/493/444 492/492/445 494/494/446
f 493/493/444 494/494/446 495/495/447
f 477/477/433 491/491/444 496/496/448
f 477/477/433 496/496/448 479/479/434
f 450/450/410 449/449/409 497/497/449
f 450/450/410 497/497/449 498/498/450
f 448/448/409 447/447/408 476/476/432
f 448/448/409 476/476/432 499/499/451
f 499/499/451 476/476/432 482/482/436
f 499/499/451 482/482/436 500/500/452
f 498/498/450 497/497/449 501/501/453
f 498/498/450 501/501/453 502/502/454
f 482/482/436 481/481/435 503/503/455
f 482/482/436 503/503/455 504/504/456
f 480/480/435 479/479/434 505/505/457
f 480/480/435 505/505/457 506/506/458
f 507/507/458 508/508/459 509/509/460
f 507/507/458 509/509/460 510/510/461
f 511/511/462 512/512/458 513/513/461
f 511/511/462 513/513/461 514/514/463
f 450/450/410 498/498/450 515/515/464
f 450/450/410 515/515/464 485/485/439
f 498/498/450 502/502/454 516/516/465
f 498/498/450 516/516/465 515/515/464
f 515/515/464 516/516/465 517/517/466
f 515/515/464 517/517/466 518/518/467
f 485/485/439 515/515/464 518/518/467
f 485/485/439 518/518/467 487/487/441
f 502/502/454 519/519/468 520/520/469
f 502/502/454 520/520/469 516/516/465
f 521/521/468 494/494/446 522/522/470
f 521/521/468 522/522/470 523/523/471
f 523/523/471 522/522/470 524/524/472
f 523/523/471 524/524/472 525/525/473
f 516/516/465 520/520/469 526/526/473
f 516/516/465 526/526/473 517/517/466
f 494/494/446 492/492/445 527/527/474
f 494/494/446 527/527/474 522/522/470
f 492/492/445 435/435/396 484/484/438
f 492/492/445 484/484/438 527/527/474
f 527/527/474 484/484/438 490/490/443
f 527/527/474 490/490/443 528/528/475
f 522/522/470 527/527/474 528/528/475
f 522/522/470 528/528/475 524/524/472
f 487/487/441 518/518/467 529/529/476
f 487/487/441 529/529/476 530/530/477
f 518/518/467 517/517/466 531/531/478
f 518/518/467 531/531/478 529/529/476
f 529/529/476 531/531/478 532/532/479
f 529/529/476 532/532/479 533/533/480
f 530/530/477 529/529/476 533/533/480
f 530/530/477 533/533/480 534/534/481
f 517/517/466 526/526/473 535/535/482
f 517/517/466 535/535/482 531/531/478
f 525/525/473 524/524/472 536/536/483
f 525/525/473 536/536/483 537/537/484
f 537/537/484 536/536/483 538/538/485
f 537/537/484 538/538/485 539/539/486
f 531/531/478 535/535/482 540/540/487
f 531/531/478 540/540/487 532/532/479
f 524/524/472 528/528/475 541/541/488
f 524/524/472 541/541/488 536/536/483
f 528/528/475 490/490/443 542/542/489
f 528/528/475 542/542/489 541/541/488
f 541/541/488 542/542/489 543/543/490
f 541/541/488 543/543/490 544/544/491
f 536/536/483 541/541/488 544/544/491
f 536/536/483 544/544/491 538/538/485
f 490/490/443 489/489/442 545/545/492
f 490/490/443 545/545/492 542/542/489
f 488/488/442 487/487/441 530/530/477
f 488/488/442 530/530/477 546/546/493
f 546/546/493 530/530/477 534/534/481
f 546/546/493 534/534/481 547/547/494
f 542/542/489 545/545/492 548/548/494
f 542/542/489 548/548/494 543/543/490
f 538/538/485 544/544/491 549/549/495
f 538/538/485 549/549/495 550/550/496
f 544/544/491 543/543/490 551/551/497
f 544/544/491 551/551/497 549/549/495
f 549/549/495 551/551/497 552/552/498
f 549/549/495 552/552/498 553/553/499
f 550/550/496 549/549/495 553/553/499
f 550/550/496 553/553/499 554/554/500
f 552/552/498 551/551/497 555/555/501
f 552/552/498 555/555/501 556/556/502
f 551/551/497 543/543/490 557/557/503
f 551/551/497 557/557/503 555/555/501
f 555/555/501 557/557/503 558/558/504
f 555/555/501 558/558/504 559/559/505
f 556/556/502 555/555/501 559/559/505
f 556/556/502 559/559/505 560/560/506
f 534/534/481 533/533/480 561/561/507
f 534/534/481 561/561/507 562/562/508
f 533/533/480 532/532/479 563/563/509
f 533/533/480 563/563/509 561/561/507
f 561/561/507 563/563/509 564/564/510
f 561/561/507 564/564/510 565/565/511
f 562/562/508 561/561/507 565/565/511
f 562/562/508 565/565/511 566/566/512
f 532/532/479 540/540/487 567/567/513
f 532/532/479 567/567/513 563/563/509
f 539/539/486 538/538/485 550/550/496
f 539/539/486 550/550/496 568/568/513
f 568/568/513 550/550/496 554/554/500
f 568/568/513 554/554/500 569/569/514
f 563/563/509 567/567/513 570/570/514
f 563/563/509 570/570/514 564/564/510
f 554/554/500 553/553/499 571/571/515
f 554/554/500 571/571/515 572/572/516
f 553/553/499 552/552/498 573/573/517
f 553/553/499 573/573/517 571/571/515
f 571/571/515 573/573/517 574/574/518
f 571/571/515 574/574/518 575/575/519
f 572/572/516 571/571/515 575/575/519
f 572/572/516 575/575/519 576/576/520
f 552/552/498 577/577/521 578/578/522
f 552/552/498 578/578/522 573/573/517
f 579/579/523 566/566/512 580/580/524
f 579/579/523 580/580/524 581/581/525
f 581/581/525 580/580/524 582/582/526
f 581/581/525 582/582/526 583/583/527
f 573/573/517 578/578/522 584/584/527
f 573/573/517 584/584/527 574/574/518
f 566/566/512 565/565/511 585/585/528
f 566/566/512 585/585/528 580/580/524
f 565/565/511 564/564/510 586/586/529
f 565/565/511 586/586/529 585/585/528
f 585/585/528 586/586/529 587/587/530
f 585/585/528 587/587/530 588/588/531
f 580/580/524 585/585/528 588/588/531
f 580/580/524 588/588/531 582/582/526
f 564/564/510 570/570/514 589/589/532
f 564/564/510 589/589/532 586/586/529
f 569/569/514 554/554/500 572/572/516
f 569/569/514 572/572/516 590/590/532
f 590/590/532 572/572/516 576/576/520
f 590/590/532 576/576/520 591/591/533
f 586/586/529 589/589/532 592/592/534
f 586/586/529 592/592/534 587/587/530
f 574/574/518 584/584/527 593/593/535
f 574/574/518 593/593/535 575/575/519
f 583/583/527 582/582/526 588/588/531
f 583/583/527 588/588/531 594/594/536
f 594/594/536 588/588/531 587/587/530
f 594/594/536 587/587/530 592/592/534
f 575/575/519 593/593/535 591/591/533
f 575/575/519 591/591/533 576/576/520
f 307/307/282 306/306/281 595/595/537
f 307/307/282 595/595/537 596/596/538
f 306/306/281 299/299/274 597/597/539
f 306/306/281 597/597/539 595/595/537
f 595/595/537 597/597/539 598/598/540
f 595/595/537 598/598/540 599/599/541
f 596/596/538 595/595/537 599/599/541
f 596/596/538 599/599/541 600/600/542
f 302/302/277 311/311/285 601/601/543
f 302/302/277 601/601/543 602/602/544
f 310/310/285 307/307/282 596/596/538
f 310/310/285 596/596/538 603/603/543
f 603/603/543 596/596/538 600/600/542
f 603/603/543 600/600/542 604/604/545
f 602/602/544 601/601/543 605/605/545
f 602/602/544 605/605/545 606/606/546
f 299/299/274 298/298/273 607/607/547
f 299/299/274 607/607/547 597/597/539
f 297/297/273 296/296/272 608/608/548
f 297/297/273 608/608/548 609/609/549
f 609/609/549 608/608/548 610/610/550
f 609/609/549 610/610/550 611/611/551
f 597/597/539 607/607/547 612/612/551
f 597/597/539 612/612/551 598/598/540
f 296/296/272 303/303/278 613/613/552
f 296/296/272 613/613/552 608/608/548
f 303/303/278 302/302/277 602/602/544
f 303/303/278 602/602/544 613/613/552
f 613/613/552 602/602/544 606/606/546
f 613/613/552 606/606/546 614/614/553
f 608/608/548 613/613/552 614/614/553
f 608/608/548 614/614/553 610/610/550
f 598/598/540 612/612/551 615/615/554
f 598/598/540 615/615/554 616/616/555
f 611/611/551 610/610/550 617/617/556
f 611/611/551 617/617/556 618/618/554
f 618/618/554 617/617/556 619/619/557
f 618/618/554 619/619/557 620/620/558
f 616/616/555 615/615/554 621/621/558
f 616/616/555 621/621/558 622/622/559
f 610/610/550 614/614/553 623/623/560
f 610/610/550 623/623/560 617/617/556
f 614/614/553 606/606/546 624/624/561
f 614/614/553 624/624/561 623/623/560
f 623/623/560 624/624/561 625/625/562
f 623/623/560 625/625/562 626/626/563
f 617/617/556 623/623/560 626/626/563
f 617/617/556 626/626/563 619/619/557
f 600/600/542 599/599/541 627/627/564
f 600/600/542 627/627/564 628/628/565
f 599/599/541 598/598/540 616/616/555
f 599/599/541 616/616/555 627/627/564
f 627/627/564 616/616/555 622/622/559
f 627/627/564 622/622/559 629/629/566
f 628/628/565 627/627/564 629/629/566
f 628/628/565 629/629/566 630/630/567
f 606/606/546 605/605/545 631/631/568
f 606/606/546 631/631/568 624/624/561
f 604/604/545 600/600/542 628/628/565
f 604/604/545 628/628/565 632/632/568
f 632/632/568 628/628/565 630/630/567
f 632/632/568 630/630/567 633/633/569
f 624/624/561 631/631/568 634/634/570
f 624/624/561 634/634/570 625/625/562
f 619/619/557 626/626/563 635/635/571
f 619/619/557 635/635/571 636/636/572
f 626/626/563 625/625/562 637/637/573
f 626/626/563 637/637/573 635/635/571
f 635/635/571 637/637/573 638/638/574
f 635/635/571 638/638/574 639/639/575
f 636/636/572 635/635/571 639/639/575
f 636/636/572 639/639/575 640/640/576
f 630/630/567 629/629/566 641/641/577
f 630/630/567 641/641/577 642/642/578
f 629/629/566 622/622/559 643/643/579
f 629/629/566 643/643/579 641/641/577
f 641/641/577 643/643/579 644/644/580
f 641/641/577 644/644/580 645/645/581
f 642/642/578 641/641/577 645/645/581
f 642/642/578 645/645/581 646/646/582
f 625/625/562 634/634/570 647/647/583
f 625/625/562 647/647/583 637/637/573
f 633/633/569 630/630/567 642/642/578
f 633/633/569 642/642/578 648/648/584
f 648/648/584 642/642/578 646/646/582
f 648/648/584 646/646/582 649/649/585
f 637/637/573 647/647/583 650/650/585
f 637/637/573 650/650/585 638/638/574
f 622/622/559 621/621/558 651/651/586
f 622/622/559 651/651/586 643/643/579
f 620/620/558 619/619/557 636/636/572
f 620/620/558 636/636/572 652/652/587
f 652/652/587 636/636/572 640/640/576
f 652/652/587 640/640/576 653/653/588
f 643/643/579 651/651/586 654/654/588
f 643/643/579 654/654/588 644/644/580
f 646/646/582 645/645/581 655/655/589
f 646/646/582 655/655/589 656/656/590
f 645/645/581 644/644/580 657/657/591
f 645/645/581 657/657/591 655/655/589
f 655/655/589 657/657/591 658/658/592
f 655/655/589 658/658/592 659/659/593
f 656/656/590 655/655/589 659/659/593
f 656/656/590 659/659/593 660/660/594
f 638/638/574 650/650/585 661/661/595
f 638/638/574 661/661/595 662/662/596
f 649/649/585 646/646/582 656/656/590
f 649/649/585 656/656/590 663/663/595
f 663/663/595 656/656/590 660/660/594
f 663/663/595 660/660/594 664/664/597
f 662/662/596 661/661/595 665/665/597
f 662/662/596 665/665/597 666/666/598
f 644/644/580 654/654/588 667/667/599
f 644/644/580 667/667/599 657/657/591
f 653/653/588 640/640/576 668/668/600
f 653/653/588 668/668/600 669/669/599
f 669/669/599 668/668/600 670/670/601
f 669/669/599 670/670/601 671/671/602
f 657/657/591 667/667/599 672/672/602
f 657/657/591 672/672/602 658/658/592
f 640/640/576 639/639/575 673/673/603
f 640/640/576 673/673/603 668/668/600
f 639/639/575 638/638/574 662/662/596
f 639/639/575 662/662/596 673/673/603
f 673/673/603 662/662/596 666/666/598
f 673/673/603 666/666/598 674/674/604
f 668/668/600 673/673/603 674/674/604
f 668/668/600 674/674/604 670/670/601
f 658/658/592 672/672/602 675/675/605
f 658/658/592 675/675/605 676/676/606
f 671/671/602 670/670/601 677/677/607
f 671/671/602 677/677/607 678/678/608
f 678/678/608 677/677/607 679/679/609
f 678/678/608 679/679/609 680/680/610
f 676/676/606 675/675/605 681/681/611
f 676/676/606 681/681/611 682/682/612
f 670/670/601 674/674/604 683/683/613
f 670/670/601 683/683/613 677/677/607
f 674/674/604 666/666/598 684/684/614
f 674/674/604 684/684/614 683/683/613
f 683/683/613 684/684/614 685/685/615
f 683/683/613 685/685/615 686/686/616
f 677/677/607 683/683/613 686/686/616
f 677/677/607 686/686/616 679/679/609
f 660/660/594 659/659/593 687/687/617
f 660/660/594 687/687/617 688/688/618
f 659/659/593 658/658/592 676/676/606
f 659/659/593 676/676/606 687/687/617
f 687/687/617 676/676/606 682/682/612
f 687/687/617 682/682/612 689/689/619
f 688/688/618 687/687/617 689/689/619
f 688/688/618 689/689/619 690/690/620
f 666/666/598 665/665/597 691/691/621
f 666/666/598 691/691/621 684/684/614
f 664/664/597 660/660/594 688/688/618
f 664/664/597 688/688/618 692/692/622
f 692/692/622 688/688/618 690/690/620
f 692/692/622 690/690/620 693/693/623
f 684/684/614 691/691/621 694/694/624
f 684/684/614 694/694/624 685/685/615
f 679/679/609 686/686/616 695/695/625
f 679/679/609 695/695/625 680/680/610
f 686/686/616 685/685/615 694/694/624
f 686/686/616 694/694/624 695/695/625
f 696/696/626 693/693/623 690/690/620
f 696/696/626 690/690/620 689/689/619
f 681/681/611 696/696/626 689/689/619
f 681/681/611 689/689/619 682/682/612
f 251/251/231 250/250/230 697/697/627
f 251/251/231 697/697/627 332/332/305
f 249/249/229 242/242/222 698/698/628
f 249/249/229 698/698/628 699/699/627
f 700/700/629 701/701/630 702/702/631
f 700/700/629 702/702/631 703/703/632
f 334/334/307 704/704/627 705/705/633
f 334/334/307 705/705/633 335/335/308
f 242/242/222 323/323/297 706/706/634
f 242/242/222 706/706/634 698/698/628
f 323/323/297 329/329/302 707/707/635
f 323/323/297 707/707/635 706/706/634
f 708/708/634 709/709/636 710/710/637
f 708/708/634 710/710/637 711/711/638
f 701/701/630 708/708/634 711/711/638
f 701/701/630 711/711/638 702/702/631
f 329/329/302 346/346/315 712/712/639
f 329/329/302 712/712/639 707/707/635
f 343/343/315 318/318/292 331/331/304
f 343/343/315 331/331/304 713/713/640
f 714/714/641 337/337/310 338/338/311
f 714/714/641 338/338/311 715/715/642
f 709/709/636 716/716/641 717/717/643
f 709/709/636 717/717/643 710/710/637
f 338/338/311 336/336/309 718/718/644
f 338/338/311 718/718/644 719/719/645
f 336/336/309 335/335/308 720/720/646
f 336/336/309 720/720/646 718/718/644
f 718/718/644 720/720/646 721/721/647
f 718/718/644 721/721/647 722/722/648
f 719/719/645 718/718/644 722/722/648
f 719/719/645 722/722/648 723/723/649
f 335/335/308 705/705/633 724/724/650
f 335/335/308 724/724/650 720/720/646
f 703/703/632 702/702/631 725/725/651
f 703/703/632 725/725/651 726/726/652
f 726/726/652 725/725/651 727/727/653
f 726/726/652 727/727/653 728/728/654
f 720/720/646 724/724/650 729/729/655
f 720/720/646 729/729/655 721/721/647
f 702/702/631 711/711/638 730/730/656
f 702/702/631 730/730/656 725/725/651
f 711/711/638 710/710/637 731/731/657
f 711/711/638 731/731/657 730/730/656
f 730/730/656 731/731/657 732/732/658
f 730/730/656 732/732/658 733/733/659
f 725/725/651 730/730/656 733/733/659
f 725/725/651 733/733/659 727/727/653
f 710/710/637 717/717/643 734/734/660
f 710/710/637 734/734/660 731/731/657
f 715/715/642 338/338/311 719/719/645
f 715/715/642 719/719/645 735/735/661
f 735/735/661 719/719/645 723/723/649
f 735/735/661 723/723/649 736/736/662
f 731/731/657 734/734/660 737/737/663
f 731/731/657 737/737/663 732/732/658
f 727/727/653 733/733/659 738/738/664
f 727/727/653 738/738/664 739/739/665
f 733/733/659 732/732/658 740/740/666
f 733/733/659 740/740/666 738/738/664
f 738/738/664 740/740/666 741/741/667
f 738/738/664 741/741/667 742/742/668
f 739/739/665 738/738/664 742/742/668
f 739/739/665 742/742/668 743/743/669
f 732/732/658 737/737/663 744/744/670
f 732/732/658 744/744/670 740/740/666
f 736/736/662 723/723/649 745/745/671
f 736/736/662 745/745/671 746/746/672
f 746/746/672 745/745/671 747/747/673
f 746/746/672 747/747/673 748/748/674
f 740/740/666 744/744/670 749/749/675
f 740/740/666 749/749/675 741/741/667
f 723/723/649 722/722/648 750/750/676
f 723/723/649 750/750/676 745/745/671
f 722/722/648 721/721/647 751/751/677
f 722/722/648 751/751/677 750/750/676
f 750/750/676 751/751/677 752/752/678
f 750/750/676 752/752/678 753/753/679
f 745/745/671 750/750/676 753/753/679
f 745/745/671 753/753/679 747/747/673
f 721/721/647 729/729/655 754/754/680
f 721/721/647 754/754/680 751/751/677
f 728/728/654 727/727/653 739/739/665
f 728/728/654 739/739/665 755/755/681
f 755/755/681 739/739/665 743/743/669
f 755/755/681 743/743/669 756/756/682
f 751/751/677 754/754/680 757/757/683
f 751/751/677 757/757/683 752/752/678
f 747/747/673 753/753/679 758/758/684
f 747/747/673 758/758/684 759/759/685
f 753/753/679 752/752/678 760/760/686
f 753/753/679 760/760/686 758/758/684
f 758/758/684 760/760/686 761/761/687
f 758/758/684 761/761/687 762/762/688
f 759/759/685 758/758/684 762/762/688
f 759/759/685 762/762/688 763/763/689
f 752/752/678 757/757/683 764/764/690
f 752/752/678 764/764/690 760/760/686
f 756/756/682 743/743/669 765/765/691
f 756/756/682 765/765/691 766/766/690
f 766/766/690 765/765/691 767/767/692
f 766/766/690 767/767/692 768/768/693
f 760/760/686 764/764/690 769/769/694
f 760/760/686 769/769/694 761/761/687
f 743/743/669 742/742/668 770/770/695
f 743/743/669 770/770/695 765/765/691
f 742/742/668 741/741/667 771/771/696
f 742/742/668 771/771/696 770/770/695
f 770/770/695 771/771/696 772/772/697
f 770/770/695 772/772/697 773/773/698
f 765/765/691 770/770/695 773/773/698
f 765/765/691 773/773/698 767/767/692
f 741/741/667 749/749/675 774/774/699
f 741/741/667 774/774/699 771/771/696
f 748/748/674 747/747/673 759/759/685
f 748/748/674 759/759/685 775/775/700
f 775/775/700 759/759/685 763/763/689
f 775/775/700 763/763/689 776/776/701
f 771/771/696 774/774/699 777/777/702
f 771/771/696 777/777/702 772/772/697
f 763/763/689 762/762/688 778/778/703
f 763/763/689 778/778/703 779/779/704
f 762/762/688 761/761/687 780/780/705
f 762/762/688 780/780/705 778/778/703
f 778/778/703 780/780/705 781/781/706
f 778/778/703 781/781/706 782/782/707
f 779/779/704 778/778/703 782/782/707
f 779/779/704 782/782/707 783/783/708
f 761/761/687 769/769/694 784/784/709
f 761/761/687 784/784/709 780/780/705
f 768/768/693 767/767/692 785/785/710
f 768/768/693 785/785/710 786/786/711
f 786/786/711 785/785/710 787/787/712
f 786/786/711 787/787/712 788/788/713
f 780/780/705 784/784/709 789/789/714
f 780/780/705 789/789/714 781/781/706
f 767/767/692 773/773/698 790/790/715
f 767/767/692 790/790/715 785/785/710
f 773/773/698 772/772/697 791/791/716
f 773/773/698 791/791/716 790/790/715
f 790/790/715 791/791/716 792/792/717
f 790/790/715 792/792/717 793/793/718
f 785/785/710 790/790/715 793/793/718
f 785/785/710 793/793/718 787/787/712
f 792/792/717 791/791/716 794/794/719
f 792/792/717 794/794/719 795/795/720
f 791/791/716 772/772/697 796/796/721
f 791/791/716 796/796/721 794/794/719
f 797/797/722 798/798/723 799/799/724
f 797/797/722 799/799/724 800/800/725
f 801/801/720 797/797/722 800/800/725
f 801/801/720 800/800/725 802/802/726
f 787/787/712 793/793/718 803/803/727
f 787/787/712 803/803/727 804/804/728
f 793/793/718 792/792/717 805/805/729
f 793/793/718 805/805/729 803/803/727
f 803/803/727 805/805/729 806/806/730
f 803/803/727 806/806/730 807/807/731
f 804/804/728 803/803/727 807/807/731
f 804/804/728 807/807/731 808/808/732
f 792/792/717 809/809/733 810/810/734
f 792/792/717 810/810/734 805/805/729
f 811/811/735 783/783/708 812/812/736
f 811/811/735 812/812/736 813/813/734
f 813/813/734 812/812/736 814/814/737
f 813/813/734 814/814/737 815/815/738
f 805/805/729 810/810/734 816/816/739
f 805/805/729 816/816/739 806/806/730
f 783/783/708 782/782/707 817/817/740
f 783/783/708 817/817/740 812/812/736
f 782/782/707 781/781/706 818/818/741
f 782/782/707 818/818/741 817/817/740
f 817/817/740 818/818/741 819/819/742
f 817/817/740 819/819/742 820/820/743
f 812/812/736 817/817/740 820/820/743
f 812/812/736 820/820/743 814/814/737
f 781/781/706 789/789/714 821/821/744
f 781/781/706 821/821/744 818/818/741
f 788/788/713 787/787/712 804/804/728
f 788/788/713 804/804/728 822/822/745
f 822/822/745 804/804/728 808/808/732
f 822/822/745 808/808/732 823/823/746
f 818/818/741 821/821/744 824/824/747
f 818/818/741 824/824/747 819/819/742
f 814/814/737 820/820/743 825/825/748
f 814/814/737 825/825/748 826/826/749
f 820/820/743 819/819/742 827/827/750
f 820/820/743 827/827/750 825/825/748
f 825/825/748 827/827/750 828/828/751
f 825/825/748 828/828/751 829/829/752
f 826/826/749 825/825/748 829/829/752
f 826/826/749 829/829/752 830/830/753
f 819/819/742 824/824/747 831/831/754
f 819/819/742 831/831/754 827/827/750
f 823/823/746 808/808/732 832/832/755
f 823/823/746 832/832/755 833/833/756
f 833/833/756 832/832/755 834/834/757
f 833/833/756 834/834/757 835/835/758
f 827/827/750 831/831/754 836/836/759
f 827/827/750 836/836/759 828/828/751
f 808/808/732 807/807/731 837/837/760
f 808/808/732 837/837/760 832/832/755
f 807/807/731 806/806/730 838/838/761
f 807/807/731 838/838/761 837/837/760
f 837/837/760 838/838/761 839/839/762
f 837/837/760 839/839/762 840/840/763
f 832/832/755 837/837/760 840/840/763
f 832/832/755 840/840/763 834/834/757
f 806/806/730 816/816/739 841/841/764
f 806/806/730 841/841/764 838/838/761
f 815/815/738 814/814/737 826/826/749
f 815/815/738 826/826/749 842/842/765
f 842/842/765 826/826/749 830/830/753
f 842/842/765 830/830/753 843/843/766
f 838/838/761 841/841/764 844/844/767
f 838/838/761 844/844/767 839/839/762
f 828/828/751 836/836/759 845/845/768
f 828/828/751 845/845/768 846/846/769
f 835/835/758 834/834/757 847/847/770
f 835/835/758 847/847/770 848/848/771
f 848/848/771 847/847/770 849/849/772
f 848/848/771 849/849/772 850/850/773
f 846/846/769 845/845/768 851/851/774
f 846/846/769 851/851/774 852/852/775
f 834/834/757 840/840/763 853/853/776
f 834/834/757 853/853/776 847/847/770
f 840/840/763 839/839/762 854/854/777
f 840/840/763 854/854/777 853/853/776
f 853/853/776 854/854/777 855/855/778
f 853/853/776 855/855/778 856/856/779
f 847/847/770 853/853/776 856/856/779
f 847/847/770 856/856/779 849/849/772
f 839/839/762 844/844/767 857/857/780
f 839/839/762 857/857/780 854/854/777
f 843/843/766 830/830/753 858/858/781
f 843/843/766 858/858/781 859/859/780
f 859/859/780 858/858/781 860/860/782
f 859/859/780 860/860/782 861/861/783
f 854/854/777 857/857/780 862/862/784
f 854/854/777 862/862/784 855/855/778
f 830/830/753 829/829/752 863/863/785
f 830/830/753 863/863/785 858/858/781
f 829/829/752 828/828/751 846/846/769
f 829/829/752 846/846/769 863/863/785
f 863/863/785 846/846/769 852/852/775
f 863/863/785 852/852/775 864/864/786
f 858/858/781 863/863/785 864/864/786
f 858/858/781 864/864/786 860/860/782
f 849/849/772 856/856/779 865/865/787
f 849/849/772 865/865/787 866/866/788
f 856/856/779 855/855/778 867/867/789
f 856/856/779 867/867/789 865/865/787
f 865/865/787 867/867/789 868/868/790
f 865/865/787 868/868/790 869/869/791
f 866/866/788 865/865/787 869/869/791
f 866/866/788 869/869/791 870/870/792
f 855/855/778 862/862/784 871/871/793
f 855/855/778 871/871/793 867/867/789
f 861/861/783 860/860/782 872/872/794
f 861/861/783 872/872/794 873/873/795
f 873/873/795 872/872/794 874/874/796
f 873/873/795 874/874/796 875/875/797
f 867/867/789 871/871/793 876/876/798
f 867/867/789 876/876/798 868/868/790
f 860/860/782 864/864/786 877/877/799
f 860/860/782 877/877/799 872/872/794
f 864/864/786 852/852/775 878/878/800
f 864/864/786 878/878/800 877/877/799
f 877/877/799 878/878/800 879/879/801
f 877/877/799 879/879/801 880/880/802
f 872/872/794 877/877/799 880/880/802
f 872/872/794 880/880/802 874/874/796
f 852/852/775 851/851/774 881/881/803
f 852/852/775 881/881/803 878/878/800
f 850/850/773 849/849/772 866/866/788
f 850/850/773 866/866/788 882/882/803
f 882/882/803 866/866/788 870/870/792
f 882/882/803 870/870/792 883/883/804
f 878/878/800 881/881/803 884/884/805
f 878/878/800 884/884/805 879/879/801
f 879/879/801 884/884/805 885/885/806
f 879/879/801 885/885/806 880/880/802
f 883/883/804 870/870/792 869/869/791
f 883/883/804 869/869/791 886/886/806
f 886/886/806 869/869/791 868/868/790
f 886/886/806 868/868/790 876/876/798
f 880/880/802 885/885/806 875/875/797
f 880/880/802 875/875/797 874/874/796
f 165/165/153 887/887/807 888/888/808
f 165/165/153 888/888/808 166/166/154
f 887/887/807 37/37/37 40/40/40
f 887/887/807 40/40/40 888/888/808
f 889/889/809 44/44/44 1/1/1
f 889/889/809 1/1/1 890/890/810
f 168/168/154 889/889/809 890/890/810
f 168/168/154 890/890/810 169/169/156
f 173/173/160 891/891/811 892/892/812
f 173/173/160 892/892/812 174/174/161
f 891/891/811 21/21/21 893/893/813
f 891/891/811 893/893/813 892/892/812
f 894/894/812 895/895/814 37/37/37
f 894/894/812 37/37/37 887/887/807
f 176/176/161 894/894/812 887/887/807
f 176/176/161 887/887/807 165/165/153
f 179/179/164 896/896/815 897/897/816
f 179/179/164 897/897/816 180/180/165
f 896/896/815 12/12/12 14/14/14
f 896/896/815 14/14/14 897/897/816
f 898/898/817 20/20/20 21/21/21
f 898/898/817 21/21/21 891/891/811
f 182/182/167 898/898/817 891/891/811
f 182/182/167 891/891/811 173/173/160
f 169/169/156 890/890/810 899/899/818
f 169/169/156 899/899/818 184/184/169
f 890/890/810 1/1/1 4/4/4
f 890/890/810 4/4/4 899/899/818
f 900/900/819 11/11/11 12/12/12
f 900/900/819 12/12/12 896/896/815
f 186/186/170 900/900/819 896/896/815
f 186/186/170 896/896/815 179/179/164
f 21/21/21 19/19/19 901/901/820
f 21/21/21 901/901/820 902/902/821
f 19/19/19 18/18/18 24/24/24
f 19/19/19 24/24/24 901/901/820
f 903/903/820 33/33/33 36/36/36
f 903/903/820 36/36/36 904/904/822
f 905/905/823 906/906/824 907/907/822
f 905/905/823 907/907/822 908/908/825
f 37/37/37 895/895/814 909/909/826
f 37/37/37 909/909/826 910/910/827
f 893/893/813 21/21/21 902/902/821
f 893/893/813 902/902/821 911/911/826
f 912/912/828 905/905/823 908/908/825
f 912/912/828 908/908/825 913/913/829
f 914/914/827 915/915/828 916/916/829
f 914/914/827 916/916/829 917/917/830
f 26/26/26 38/38/38 918/918/831
f 26/26/26 918/918/831 27/27/27
f 38/38/38 37/37/37 910/910/827
f 38/38/38 910/910/827 918/918/831
f 919/919/831 914/914/827 917/917/830
f 919/919/831 917/917/830 920/920/832
f 30/30/30 919/919/831 920/920/832
f 30/30/30 920/920/832 31/31/31
f 31/31/31 920/920/832 921/921/833
f 31/31/31 921/921/833 922/922/834
f 920/920/832 917/917/830 923/923/835
f 920/920/832 923/923/835 924/924/833
f 924/924/833 923/923/835 925/925/836
f 924/924/833 925/925/836 926/926/837
f 922/922/834 921/921/833 927/927/837
f 922/922/834 927/927/837 928/928/838
f 36/36/36 35/35/35 929/929/839
f 36/36/36 929/929/839 930/930/840
f 32/32/32 31/31/31 922/922/834
f 32/32/32 922/922/834 931/931/839
f 931/931/839 922/922/834 928/928/838
f 931/931/839 928/928/838 932/932/841
f 930/930/840 929/929/839 933/933/842
f 930/930/840 933/933/842 934/934/843
f 917/917/830 916/916/829 935/935/844
f 917/917/830 935/935/844 923/923/835
f 913/913/829 908/908/825 936/936/845
f 913/913/829 936/936/845 937/937/844
f 937/937/844 936/936/845 938/938/846
f 937/937/844 938/938/846 939/939/847
f 923/923/835 935/935/844 940/940/848
f 923/923/835 940/940/848 925/925/836
f 908/908/825 907/907/822 941/941/849
f 908/908/825 941/941/849 936/936/845
f 904/904/822 36/36/36 930/930/840
f 904/904/822 930/930/840 942/942/850
f 942/942/850 930/930/840 934/934/843
f 942/942/850 934/934/843 943/943/851
f 936/936/845 941/941/849 944/944/851
f 936/936/845 944/944/851 938/938/846
f 925/925/836 940/940/848 945/945/852
f 925/925/836 945/945/852 946/946/853
f 939/939/847 938/938/846 947/947/854
f 939/939/847 947/947/854 948/948/855
f 948/948/855 947/947/854 949/949/856
f 948/948/855 949/949/856 950/950/857
f 946/946/853 945/945/852 951/951/858
f 946/946/853 951/951/858 952/952/859
f 938/938/846 944/944/851 953/953/860
f 938/938/846 953/953/860 947/947/854
f 943/943/851 934/934/843 954/954/861
f 943/943/851 954/954/861 955/955/860
f 955/955/860 954/954/861 956/956/862
f 955/955/860 956/956/862 957/957/863
f 947/947/854 953/953/860 958/958/863
f 947/947/854 958/958/863 949/949/856
f 928/928/838 927/927/837 959/959/864
f 928/928/838 959/959/864 960/960/865
f 926/926/837 925/925/836 946/946/853
f 926/926/837 946/946/853 961/961/866
f 961/961/866 946/946/853 952/952/859
f 961/961/866 952/952/859 962/962/867
f 960/960/865 959/959/864 963/963/867
f 960/960/865 963/963/867 964/964/868
f 934/934/843 933/933/842 965/965/869
f 934/934/843 965/965/869 954/954/861
f 932/932/841 928/928/838 960/960/865
f 932/932/841 960/960/865 966/966/869
f 966/966/869 960/960/865 964/964/868
f 966/966/869 964/964/868 967/967/870
f 954/954/861 965/965/869 968/968/871
f 954/954/861 968/968/871 956/956/862
f 964/964/868 963/963/867 969/969/872
f 964/964/868 969/969/872 970/970/873
f 962/962/867 952/952/859 971/971/874
f 962/962/867 971/971/874 972/972/875
f 972/972/875 971/971/874 973/973/876
f 972/972/875 973/973/876 974/974/877
f 970/970/873 969/969/872 975/975/878
f 970/970/873 975/975/878 976/976/879
f 956/956/862 968/968/871 977/977/880
f 956/956/862 977/977/880 978/978/881
f 967/967/870 964/964/868 970/970/873
f 967/967/870 970/970/873 979/979/882
f 979/979/882 970/970/873 976/976/879
f 979/979/882 976/976/879 980/980/883
f 978/978/881 977/977/880 981/981/883
f 978/978/881 981/981/883 982/982/884
f 952/952/859 951/951/858 983/983/885
f 952/952/859 983/983/885 971/971/874
f 950/950/857 949/949/856 984/984/886
f 950/950/857 984/984/886 985/985/885
f 985/985/885 984/984/886 986/986/887
f 985/985/885 986/986/887 987/987/888
f 971/971/874 983/983/885 988/988/889
f 971/971/874 988/988/889 973/973/876
f 949/949/856 958/958/863 989/989/890
f 949/949/856 989/989/890 984/984/886
f 957/957/863 956/956/862 978/978/881
f 957/957/863 978/978/881 990/990/891
f 990/990/891 978/978/881 982/982/884
f 990/990/891 982/982/884 991/991/892
f 984/984/886 989/989/890 992/992/893
f 984/984/886 992/992/893 986/986/887
f 976/976/879 975/975/878 993/993/894
f 976/976/879 993/993/894 994/994/895
f 974/974/877 973/973/876 995/995/896
f 974/974/877 995/995/896 996/996/897
f 996/996/897 995/995/896 997/997/898
f 996/996/897 997/997/898 998/998/899
f 994/994/895 993/993/894 999/999/899
f 994/994/895 999/999/899 1000/1000/900
f 982/982/884 981/981/883 1001/1001/901
f 982/982/884 1001/1001/901 1002/1002/902
f 980/980/883 976/976/879 994/994/895
f 980/980/883 994/994/895 1003/1003/903
f 1003/1003/903 994/994/895 1000/1000/900
f 1003/1003/903 1000/1000/900 1004/1004/904
f 1002/1002/902 1001/1001/901 1005/1005/905
f 1002/1002/902 1005/1005/905 1006/1006/906
f 973/973/876 988/988/889 1007/1007/907
f 973/973/876 1007/1007/907 995/995/896
f 987/987/888 986/986/887 1008/1008/908
f 987/987/888 1008/1008/908 1009/1009/909
f 1009/1009/909 1008/1008/908 1010/1010/910
f 1009/1009/909 1010/1010/910 1011/1011/911
f 995/995/896 1007/1007/907 1012/1012/912
f 995/995/896 1012/1012/912 997/997/898
f 986/986/887 992/992/893 1013/1013/913
f 986/986/887 1013/1013/913 1008/1008/908
f 991/991/892 982/982/884 1002/1002/902
f 991/991/892 1002/1002/902 1014/1014/913
f 1014/1014/913 1002/1002/902 1006/1006/906
f 1014/1014/913 1006/1006/906 1015/1015/914
f 1008/1008/908 1013/1013/913 1016/1016/915
f 1008/1008/908 1016/1016/915 1010/1010/910
f 997/997/898 1012/1012/912 1017/1017/916
f 997/997/898 1017/1017/916 1018/1018/917
f 1011/1011/911 1010/1010/910 1019/1019/918
f 1011/1011/911 1019/1019/918 1020/1020/919
f 1020/1020/919 1019/1019/918 1021/1021/920
f 1020/1020/919 1021/1021/920 1022/1022/921
f 1018/1018/917 1017/1017/916 1023/1023/921
f 1018/1018/917 1023/1023/921 1024/1024/922
f 1010/1010/910 1016/1016/915 1025/1025/923
f 1010/1010/910 1025/1025/923 1019/1019/918
f 1015/1015/914 1006/1006/906 1026/1026/924
f 1015/1015/914 1026/1026/924 1027/1027/923
f 1027/1027/923 1026/1026/924 1028/1028/925
f 1027/1027/923 1028/1028/925 1029/1029/926
f 1019/1019/918 1025/1025/923 1030/1030/926
f 1019/1019/918 1030/1030/926 1021/1021/920
f 1000/1000/900 999/999/899 1031/1031/927
f 1000/1000/900 1031/1031/927 1032/1032/928
f 998/998/899 997/997/898 1018/1018/917
f 998/998/899 1018/1018/917 1033/1033/927
f 1033/1033/927 1018/1018/917 1024/1024/922
f 1033/1033/927 1024/1024/922 1034/1034/929
f 1032/1032/928 1031/1031/927 1035/1035/930
f 1032/1032/928 1035/1035/930 1036/1036/931
f 1006/1006/906 1005/1005/905 1037/1037/932
f 1006/1006/906 1037/1037/932 1026/1026/924
f 1004/1004/904 1000/1000/900 1032/1032/928
f 1004/1004/904 1032/1032/928 1038/1038/933
f 1038/1038/933 1032/1032/928 1036/1036/931
f 1038/1038/933 1036/1036/931 1039/1039/934
f 1026/1026/924 1037/1037/932 1040/1040/935
f 1026/1026/924 1040/1040/935 1028/1028/925
f 1036/1036/931 1035/1035/930 1041/1041/936
f 1036/1036/931 1041/1041/936 1042/1042/937
f 1034/1034/929 1024/1024/922 1043/1043/938
f 1034/1034/929 1043/1043/938 1044/1044/936
f 1044/1044/936 1043/1043/938 1045/1045/939
f 1044/1044/936 1045/1045/939 1046/1046/940
f 1042/1042/937 1041/1041/936 1047/1047/941
f 1042/1042/937 1047/1047/941 1048/1048/942
f 1028/1028/925 1040/1040/935 1049/1049/943
f 1028/1028/925 1049/1049/943 1050/1050/944
f 1039/1039/934 1036/1036/931 1042/1042/937
f 1039/1039/934 1042/1042/937 1051/1051/945
f 1051/1051/945 1042/1042/937 1048/1048/942
f 1051/1051/945 1048/1048/942 1052/1052/946
f 1050/1050/944 1049/1049/943 1053/1053/947
f 1050/1050/944 1053/1053/947 1054/1054/948
f 1024/1024/922 1023/1023/921 1055/1055/949
f 1024/1024/922 1055/1055/949 1043/1043/938
f 1022/1022/921 1021/1021/920 1056/1056/950
f 1022/1022/921 1056/1056/950 1057/1057/951
f 1057/1057/951 1056/1056/950 1058/1058/952
f 1057/1057/951 1058/1058/952 1059/1059/953
f 1043/1043/938 1055/1055/949 1060/1060/954
f 1043/1043/938 1060/1060/954 1045/1045/939
f 1021/1021/920 1030/1030/926 1061/1061/955
f 1021/1021/920 1061/1061/955 1056/1056/950
f 1029/1029/926 1028/1028/925 1050/1050/944
f 1029/1029/926 1050/1050/944 1062/1062/956
f 1062/1062/956 1050/1050/944 1054/1054/948
f 1062/1062/956 1054/1054/948 1063/1063/957
f 1056/1056/950 1061/1061/955 1064/1064/957
f 1056/1056/950 1064/1064/957 1058/1058/952
f 1054/1054/948 1053/1053/947 1065/1065/958
f 1054/1054/948 1065/1065/958 1066/1066/959
f 1052/1052/946 1048/1048/942 1067/1067/960
f 1052/1052/946 1067/1067/960 1068/1068/961
f 1068/1068/961 1067/1067/960 1069/1069/962
f 1068/1068/961 1069/1069/962 1070/1070/963
f 1066/1066/959 1065/1065/958 1071/1071/964
f 1066/1066/959 1071/1071/964 1072/1072/965
f 1045/1045/939 1060/1060/954 1073/1073/966
f 1045/1045/939 1073/1073/966 1074/1074/967
f 1059/1059/953 1058/1058/952 1075/1075/968
f 1059/1059/953 1075/1075/968 1076/1076/966
f 1076/1076/966 1075/1075/968 1077/1077/969
f 1076/1076/966 1077/1077/969 1078/1078/970
f 1074/1074/967 1073/1073/966 1079/1079/971
f 1074/1074/967 1079/1079/971 1080/1080/972
f 1058/1058/952 1064/1064/957 1081/1081/973
f 1058/1058/952 1081/1081/973 1075/1075/968
f 1063/1063/957 1054/1054/948 1066/1066/959
f 1063/1063/957 1066/1066/959 1082/1082/973
f 1082/1082/973 1066/1066/959 1072/1072/965
f 1082/1082/973 1072/1072/965 1083/1083/974
f 1075/1075/968 1081/1081/973 1084/1084/975
f 1075/1075/968 1084/1084/975 1077/1077/969
f 1048/1048/942 1047/1047/941 1085/1085/976
f 1048/1048/942 1085/1085/976 1067/1067/960
f 1046/1046/940 1045/1045/939 1074/1074/967
f 1046/1046/940 1074/1074/967 1086/1086/976
f 1086/1086/976 1074/1074/967 1080/1080/972
f 1086/1086/976 1080/1080/972 1087/1087/977
f 1067/1067/960 1085/1085/976 1088/1088/978
f 1067/1067/960 1088/1088/978 1069/1069/962
f 1080/1080/972 1079/1079/971 1089/1089/979
f 1080/1080/972 1089/1089/979 1090/1090/980
f 1078/1078/970 1077/1077/969 1091/1091/981
f 1078/1078/970 1091/1091/981 1092/1092/982
f 1092/1092/982 1091/1091/981 1093/1093/983
f 1092/1092/982 1093/1093/983 1094/1094/984
f 1090/1090/980 1089/1089/979 1095/1095/984
f 1090/1090/980 1095/1095/984 1096/1096/985
f 1077/1077/969 1084/1084/975 1097/1097/986
f 1077/1077/969 1097/1097/986 1091/1091/981
f 1083/1083/974 1072/1072/965 1098/1098/987
f 1083/1083/974 1098/1098/987 1099/1099/988
f 1099/1099/988 1098/1098/987 1100/1100/989
f 1099/1099/988 1100/1100/989 1101/1101/990
f 1091/1091/981 1097/1097/986 1102/1102/991
f 1091/1091/981 1102/1102/991 1093/1093/983
f 1069/1069/962 1088/1088/978 1103/1103/992
f 1069/1069/962 1103/1103/992 1104/1104/993
f 1087/1087/977 1080/1080/972 1090/1090/980
f 1087/1087/977 1090/1090/980 1105/1105/994
f 1105/1105/994 1090/1090/980 1096/1096/985
f 1105/1105/994 1096/1096/985 1106/1106/995
f 1104/1104/993 1103/1103/992 1107/1107/996
f 1104/1104/993 1107/1107/996 1108/1108/997
f 1072/1072/965 1071/1071/964 1109/1109/998
f 1072/1072/965 1109/1109/998 1098/1098/987
f 1070/1070/963 1069/1069/962 1104/1104/993
f 1070/1070/963 1104/1104/993 1110/1110/999
f 1110/1110/999 1104/1104/993 1108/1108/997
f 1110/1110/999 1108/1108/997 1111/1111/1000
f 1098/1098/987 1109/1109/998 1112/1112/1000
f 1098/1098/987 1112/1112/1000 1100/1100/989
f 1108/1108/997 1107/1107/996 1113/1113/1001
f 1108/1108/997 1113/1113/1001 1111/1111/1000
f 1106/1106/995 1096/1096/985 1095/1095/984
f 1106/1106/995 1095/1095/984 1114/1114/1002
f 1115/1115/1002 1094/1094/984 1093/1093/983
f 1115/1115/1002 1093/1093/983 1102/1102/991
f 1112/1112/1000 1116/1116/1003 1101/1101/990
f 1112/1112/1000 1101/1101/990 1100/1100/989
f 195/195/179 193/193/177 1117/1117/1004
f 195/195/179 1117/1117/1004 1118/1118/1005
f 193/193/177 192/192/176 1119/1119/1006
f 193/193/177 1119/1119/1006 1117/1117/1004
f 1120/1120/1007 1121/1121/1008 1122/1122/1009
f 1120/1120/1007 1122/1122/1009 1123/1123/1010
f 1124/1124/1011 1120/1120/1007 1123/1123/1010
f 1124/1124/1011 1123/1123/1010 1125/1125/1012
f 45/45/45 48/48/48 1126/1126/1013
f 45/45/45 1126/1126/1013 1127/1127/1014
f 48/48/48 56/56/56 1128/1128/1015
f 48/48/48 1128/1128/1015 1126/1126/1013
f 1129/1129/1013 1130/1130/1016 1131/1131/1017
f 1129/1129/1013 1131/1131/1017 1132/1132/1018
f 1133/1133/1019 1134/1134/1013 1135/1135/1020
f 1133/1133/1019 1135/1135/1020 1136/1136/1021
f 56/56/56 1137/1137/1022 1138/1138/1023
f 56/56/56 1138/1138/1023 1128/1128/1015
f 1139/1139/1022 195/195/179 1118/1118/1005
f 1139/1139/1022 1118/1118/1005 1140/1140/1024
f 1141/1141/1023 1124/1124/1011 1125/1125/1012
f 1141/1141/1023 1125/1125/1012 1142/1142/1025
f 1130/1130/1016 1141/1141/1023 1142/1142/1025
f 1130/1130/1016 1142/1142/1025 1131/1131/1017
f 192/192/176 267/267/245 1143/1143/1026
f 192/192/176 1143/1143/1026 1119/1119/1006
f 266/266/244 45/45/45 1127/1127/1014
f 266/266/244 1127/1127/1014 1144/1144/1026
f 1145/1145/1027 1133/1133/1019 1136/1136/1021
f 1145/1145/1027 1136/1136/1021 1146/1146/1028
f 1121/1121/1008 1145/1145/1027 1146/1146/1028
f 1121/1121/1008 1146/1146/1028 1122/1122/1009
f 1136/1136/1021 1135/1135/1020 1147/1147/1029
f 1136/1136/1021 1147/1147/1029 1148/1148/1030
f 1132/1132/1018 1131/1131/1017 1149/1149/1031
f 1132/1132/1018 1149/1149/1031 1150/1150/1032
f 1150/1150/1032 1149/1149/1031 1151/1151/1033
f 1150/1150/1032 1151/1151/1033 1152/1152/1034
f 1148/1148/1030 1147/1147/1029 1153/1153/1035
f 1148/1148/1030 1153/1153/1035 1154/1154/1036
f 1131/1131/1017 1142/1142/1025 1155/1155/1037
f 1131/1131/1017 1155/1155/1037 1149/1149/1031
f 1142/1142/1025 1125/1125/1012 1156/1156/1038
f 1142/1142/1025 1156/1156/1038 1155/1155/1037
f 1155/1155/1037 1156/1156/1038 1157/1157/1039
f 1155/1155/1037 1157/1157/1039 1158/1158/1040
f 1149/1149/1031 1155/1155/1037 1158/1158/1040
f 1149/1149/1031 1158/1158/1040 1151/1151/1033
f 1122/1122/1009 1146/1146/1028 1159/1159/1041
f 1122/1122/1009 1159/1159/1041 1160/1160/1042
f 1146/1146/1028 1136/1136/1021 1148/1148/1030
f 1146/1146/1028 1148/1148/1030 1159/1159/1041
f 1159/1159/1041 1148/1148/1030 1154/1154/1036
f 1159/1159/1041 1154/1154/1036 1161/1161/1043
f 1160/1160/1042 1159/1159/1041 1161/1161/1043
f 1160/1160/1042 1161/1161/1043 1162/1162/1044
f 1125/1125/1012 1123/1123/1010 1163/1163/1045
f 1125/1125/1012 1163/1163/1045 1156/1156/1038
f 1123/1123/1010 1122/1122/1009 1160/1160/1042
f 1123/1123/1010 1160/1160/1042 1164/1164/1046
f 1164/1164/1046 1160/1160/1042 1162/1162/1044
f 1164/1164/1046 1162/1162/1044 1165/1165/1047
f 1156/1156/1038 1163/1163/1045 1166/1166/1048
f 1156/1156/1038 1166/1166/1048 1157/1157/1039
f 1154/1154/1036 1153/1153/1035 1167/1167/1049
f 1154/1154/1036 1167/1167/1049 1168/1168/1050
f 1152/1152/1034 1151/1151/1033 1169/1169/1051
f 1152/1152/1034 1169/1169/1051 1170/1170/1052
f 1170/1170/1052 1169/1169/1051 1171/1171/1053
f 1170/1170/1052 1171/1171/1053 1172/1172/1054
f 1168/1168/1050 1167/1167/1049 1173/1173/1055
f 1168/1168/1050 1173/1173/1055 1174/1174/1056
f 1151/1151/1033 1158/1158/1040 1175/1175/1057
f 1151/1151/1033 1175/1175/1057 1169/1169/1051
f 1158/1158/1040 1157/1157/1039 1176/1176/1058
f 1158/1158/1040 1176/1176/1058 1175/1175/1057
f 1175/1175/1057 1176/1176/1058 1177/1177/1059
f 1175/1175/1057 1177/1177/1059 1178/1178/1060
f 1169/1169/1051 1175/1175/1057 1178/1178/1060
f 1169/1169/1051 1178/1178/1060 1171/1171/1053
f 1162/1162/1044 1161/1161/1043 1179/1179/1061
f 1162/1162/1044 1179/1179/1061 1180/1180/1062
f 1161/1161/1043 1154/1154/1036 1168/1168/1050
f 1161/1161/1043 1168/1168/1050 1179/1179/1061
f 1179/1179/1061 1168/1168/1050 1174/1174/1056
f 1179/1179/1061 1174/1174/1056 1181/1181/1063
f 1180/1180/1062 1179/1179/1061 1181/1181/1063
f 1180/1180/1062 1181/1181/1063 1182/1182/1064
f 1157/1157/1039 1166/1166/1048 1183/1183/1065
f 1157/1157/1039 1183/1183/1065 1176/1176/1058
f 1165/1165/1047 1162/1162/1044 1180/1180/1062
f 1165/1165/1047 1180/1180/1062 1184/1184/1065
f 1184/1184/1065 1180/1180/1062 1182/1182/1064
f 1184/1184/1065 1182/1182/1064 1185/1185/1066
f 1176/1176/1058 1183/1183/1065 1186/1186/1067
f 1176/1176/1058 1186/1186/1067 1177/1177/1059
f 1182/1182/1064 1181/1181/1063 1187/1187/1068
f 1182/1182/1064 1187/1187/1068 1188/1188/1069
f 1181/1181/1063 1174/1174/1056 1189/1189/1070
f 1181/1181/1063 1189/1189/1070 1187/1187/1068
f 1187/1187/1068 1189/1189/1070 1190/1190/1071
f 1187/1187/1068 1190/1190/1071 1191/1191/1072
f 1188/1188/1069 1187/1187/1068 1191/1191/1072
f 1188/1188/1069 1191/1191/1072 1192/1192/1073
f 1177/1177/1059 1186/1186/1067 1193/1193/1074
f 1177/1177/1059 1193/1193/1074 1194/1194/1075
f 1185/1185/1066 1182/1182/1064 1188/1188/1069
f 1185/1185/1066 1188/1188/1069 1195/1195/1076
f 1195/1195/1076 1188/1188/1069 1192/1192/1073
f 1195/1195/1076 1192/1192/1073 1196/1196/1077
f 1194/1194/1075 1193/1193/1074 1197/1197/1078
f 1194/1194/1075 1197/1197/1078 1198/1198/1079
f 1174/1174/1056 1173/1173/1055 1199/1199/1080
f 1174/1174/1056 1199/1199/1080 1189/1189/1070
f 1172/1172/1054 1171/1171/1053 1200/1200/1081
f 1172/1172/1054 1200/1200/1081 1201/1201/1082
f 1201/1201/1082 1200/1200/1081 1202/1202/1083
f 1201/1201/1082 1202/1202/1083 1203/1203/1084
f 1189/1189/1070 1199/1199/1080 1204/1204/1085
f 1189/1189/1070 1204/1204/1085 1190/1190/1071
f 1171/1171/1053 1178/1178/1060 1205/1205/1086
f 1171/1171/1053 1205/1205/1086 1200/1200/1081
f 1178/1178/1060 1177/1177/1059 1194/1194/1075
f 1178/1178/1060 1194/1194/1075 1205/1205/1086
f 1205/1205/1086 1194/1194/1075 1198/1198/1079
f 1205/1205/1086 1198/1198/1079 1206/1206/1087
f 1200/1200/1081 1205/1205/1086 1206/1206/1087
f 1200/1200/1081 1206/1206/1087 1202/1202/1083
f 1190/1190/1071 1204/1204/1085 1207/1207/1088
f 1190/1190/1071 1207/1207/1088 1208/1208/1089
f 1203/1203/1084 1202/1202/1083 1209/1209/1090
f 1203/1203/1084 1209/1209/1090 1210/1210/1091
f 1210/1210/1091 1209/1209/1090 1211/1211/1092
f 1210/1210/1091 1211/1211/1092 1212/1212/1093
f 1208/1208/1089 1207/1207/1088 1213/1213/1094
f 1208/1208/1089 1213/1213/1094 1214/1214/1095
f 1202/1202/1083 1206/1206/1087 1215/1215/1096
f 1202/1202/1083 1215/1215/1096 1209/1209/1090
f 1206/1206/1087 1198/1198/1079 1216/1216/1097
f 1206/1206/1087 1216/1216/1097 1215/1215/1096
f 1215/1215/1096 1216/1216/1097 1217/1217/1098
f 1215/1215/1096 1217/1217/1098 1218/1218/1099
f 1209/1209/1090 1215/1215/1096 1218/1218/1099
f 1209/1209/1090 1218/1218/1099 1211/1211/1092
f 1192/1192/1073 1191/1191/1072 1219/1219/1100
f 1192/1192/1073 1219/1219/1100 1220/1220/1101
f 1191/1191/1072 1190/1190/1071 1208/1208/1089
f 1191/1191/1072 1208/1208/1089 1219/1219/1100
f 1219/1219/1100 1208/1208/1089 1214/1214/1095
f 1219/1219/1100 1214/1214/1095 1221/1221/1102
f 1220/1220/1101 1219/1219/1100 1221/1221/1102
f 1220/1220/1101 1221/1221/1102 1222/1222/1103
f 1198/1198/1079 1197/1197/1078 1223/1223/1104
f 1198/1198/1079 1223/1223/1104 1216/1216/1097
f 1196/1196/1077 1192/1192/1073 1220/1220/1101
f 1196/1196/1077 1220/1220/1101 1224/1224/1104
f 1224/1224/1104 1220/1220/1101 1222/1222/1103
f 1224/1224/1104 1222/1222/1103 1225/1225/1105
f 1216/1216/1097 1223/1223/1104 1226/1226/1106
f 1216/1216/1097 1226/1226/1106 1217/1217/1098
f 1211/1211/1092 1218/1218/1099 1227/1227/1107
f 1211/1211/1092 1227/1227/1107 1228/1228/1108
f 1218/1218/1099 1217/1217/1098 1229/1229/1109
f 1218/1218/1099 1229/1229/1109 1227/1227/1107
f 1227/1227/1107 1229/1229/1109 1230/1230/1110
f 1227/1227/1107 1230/1230/1110 1231/1231/1111
f 1228/1228/1108 1227/1227/1107 1231/1231/1111
f 1228/1228/1108 1231/1231/1111 1232/1232/1112
f 1222/1222/1103 1221/1221/1102 1233/1233/1113
f 1222/1222/1103 1233/1233/1113 1234/1234/1114
f 1221/1221/1102 1214/1214/1095 1235/1235/1115
f 1221/1221/1102 1235/1235/1115 1233/1233/1113
f 1233/1233/1113 1235/1235/1115 1236/1236/1116
f 1233/1233/1113 1236/1236/1116 1237/1237/1117
f 1234/1234/1114 1233/1233/1113 1237/1237/1117
f 1234/1234/1114 1237/1237/1117 1238/1238/1118
f 1217/1217/1098 1226/1226/1106 1239/1239/1119
f 1217/1217/1098 1239/1239/1119 1229/1229/1109
f 1225/1225/1105 1222/1222/1103 1234/1234/1114
f 1225/1225/1105 1234/1234/1114 1240/1240/1120
f 1240/1240/1120 1234/1234/1114 1238/1238/1118
f 1240/1240/1120 1238/1238/1118 1241/1241/1121
f 1229/1229/1109 1239/1239/1119 1242/1242/1121
f 1229/1229/1109 1242/1242/1121 1230/1230/1110
f 1214/1214/1095 1213/1213/1094 1243/1243/1122
f 1214/1214/1095 1243/1243/1122 1235/1235/1115
f 1212/1212/1093 1211/1211/1092 1228/1228/1108
f 1212/1212/1093 1228/1228/1108 1244/1244/1123
f 1244/1244/1123 1228/1228/1108 1232/1232/1112
f 1244/1244/1123 1232/1232/1112 1245/1245/1124
f 1235/1235/1115 1243/1243/1122 1246/1246/1125
f 1235/1235/1115 1246/1246/1125 1236/1236/1116
f 1230/1230/1110 1242/1242/1121 1247/1247/1126
f 1230/1230/1110 1247/1247/1126 1231/1231/1111
f 1241/1241/1121 1238/1238/1118 1237/1237/1117
f 1241/1241/1121 1237/1237/1117 1248/1248/1126
f 1248/1248/1126 1237/1237/1117 1236/1236/1116
f 1248/1248/1126 1236/1236/1116 1246/1246/1125
f 1231/1231/1111 1247/1247/1126 1245/1245/1124
f 1231/1231/1111 1245/1245/1124 1232/1232/1112
f 56/56/56 55/55/55 1249/1249/1127
f 56/56/56 1249/1249/1127 1250/1250/1128
f 54/54/54 53/53/53 1251/1251/1129
f 54/54/54 1251/1251/1129 1252/1252/1130
f 1252/1252/1130 1251/1251/1129 232/232/212
f 1252/1252/1130 232/232/212 247/247/227
f 1250/1250/1128 1249/1249/1127 244/244/224
f 1250/1250/1128 244/244/224 243/243/223
f 53/53/53 204/204/185 1253/1253/1131
f 53/53/53 1253/1253/1131 1251/1251/1129
f 203/203/185 198/198/181 1254/1254/1132
f 203/203/185 1254/1254/1132 1255/1255/1133
f 1255/1255/1133 1254/1254/1132 237/237/217
f 1255/1255/1133 237/237/217 236/236/216
f 1251/1251/1129 1253/1253/1131 233/233/213
f 1251/1251/1129 233/233/213 232/232/212
f 195/195/179 1139/1139/1022 1256/1256/1134
f 195/195/179 1256/1256/1134 1257/1257/1135
f 1137/1137/1022 56/56/56 1250/1250/1128
f 1137/1137/1022 1250/1250/1128 1258/1258/1136
f 1258/1258/1136 1250/1250/1128 243/243/223
f 1258/1258/1136 243/243/223 1259/1259/1137
f 1257/1257/1135 1256/1256/1134 1260/1260/1137
f 1257/1257/1135 1260/1260/1137 224/224/204
f 198/198/181 197/197/180 1261/1261/1138
f 198/198/181 1261/1261/1138 1254/1254/1132
f 196/196/180 195/195/179 1257/1257/1135
f 196/196/180 1257/1257/1135 1262/1262/1139
f 1262/1262/1139 1257/1257/1135 224/224/204
f 1262/1262/1139 224/224/204 1263/1263/1140
f 1254/1254/1132 1261/1261/1138 1264/1264/1141
f 1254/1254/1132 1264/1264/1141 237/237/217
f 251/251/231 315/315/289 1265/1265/1142
f 251/251/231 1265/1265/1142 1266/1266/1143
f 312/312/286 205/205/186 223/223/203
f 312/312/286 223/223/203 1267/1267/1144
f 1268/1268/1144 230/230/210 231/231/211
f 1268/1268/1144 231/231/211 1269/1269/1145
f 1270/1270/1143 1268/1268/1144 1269/1269/1145
f 1270/1270/1143 1269/1269/1145 1271/1271/1146
f 224/224/204 1260/1260/1137 1272/1272/1147
f 224/224/204 1272/1272/1147 225/225/205
f 1259/1259/1137 243/243/223 1273/1273/1148
f 1259/1259/1137 1273/1273/1148 1274/1274/1149
f 1275/1275/1147 1276/1276/1150 1277/1277/1151
f 1275/1275/1147 1277/1277/1151 1278/1278/1152
f 227/227/207 1279/1279/1147 1280/1280/1153
f 227/227/207 1280/1280/1153 228/228/208
f 243/243/223 246/246/226 1281/1281/1154
f 243/243/223 1281/1281/1154 1273/1273/1148
f 246/246/226 251/251/231 1266/1266/1143
f 246/246/226 1266/1266/1143 1281/1281/1154
f 1282/1282/1154 1270/1270/1143 1271/1271/1146
f 1282/1282/1154 1271/1271/1146 1283/1283/1155
f 1276/1276/1150 1282/1282/1154 1283/1283/1155
f 1276/1276/1150 1283/1283/1155 1277/1277/1151
f 231/231/211 229/229/209 1284/1284/1156
f 231/231/211 1284/1284/1156 1285/1285/1157
f 229/229/209 228/228/208 1286/1286/1158
f 229/229/209 1286/1286/1158 1284/1284/1156
f 1284/1284/1156 1286/1286/1158 1287/1287/1159
f 1284/1284/1156 1287/1287/1159 1288/1288/1160
f 1285/1285/1157 1284/1284/1156 1288/1288/1160
f 1285/1285/1157 1288/1288/1160 1289/1289/1161
f 1277/1277/1151 1283/1283/1155 1290/1290/1162
f 1277/1277/1151 1290/1290/1162 1291/1291/1163
f 1283/1283/1155 1271/1271/1146 1292/1292/1164
f 1283/1283/1155 1292/1292/1164 1290/1290/1162
f 1290/1290/1162 1292/1292/1164 1293/1293/1165
f 1290/1290/1162 1293/1293/1165 1294/1294/1166
f 1291/1291/1163 1290/1290/1162 1294/1294/1166
f 1291/1291/1163 1294/1294/1166 1295/1295/1167
f 1271/1271/1146 1269/1269/1145 1296/1296/1168
f 1271/1271/1146 1296/1296/1168 1292/1292/1164
f 1269/1269/1145 231/231/211 1285/1285/1157
f 1269/1269/1145 1285/1285/1157 1297/1297/1168
f 1297/1297/1168 1285/1285/1157 1289/1289/1161
f 1297/1297/1168 1289/1289/1161 1298/1298/1169
f 1292/1292/1164 1296/1296/1168 1299/1299/1170
f 1292/1292/1164 1299/1299/1170 1293/1293/1165
f 228/228/208 1280/1280/1153 1300/1300/1171
f 228/228/208 1300/1300/1171 1301/1301/1172
f 1278/1278/1152 1277/1277/1151 1302/1302/1173
f 1278/1278/1152 1302/1302/1173 1303/1303/1174
f 1304/1304/1174 1305/1305/1175 1306/1306/1176
f 1304/1304/1174 1306/1306/1176 1307/1307/1177
f 1308/1308/1172 1309/1309/1178 1310/1310/1179
f 1308/1308/1172 1310/1310/1179 1311/1311/1180
f 1312/1312/1181 1313/1313/1182 1314/1314/1183
f 1312/1312/1181 1314/1314/1183 1315/1315/1184
f 1313/1313/1182 1316/1316/1165 1317/1317/1185
f 1313/1313/1182 1317/1317/1185 1314/1314/1183
f 1314/1314/1183 1317/1317/1185 1318/1318/1186
f 1314/1314/1183 1318/1318/1186 1319/1319/1187
f 1315/1315/1184 1314/1314/1183 1319/1319/1187
f 1315/1315/1184 1319/1319/1187 1320/1320/1188
f 1316/1316/1165 1321/1321/1170 1322/1322/1189
f 1316/1316/1165 1322/1322/1189 1317/1317/1185
f 1321/1321/1170 1323/1323/1161 1324/1324/1190
f 1321/1321/1170 1324/1324/1190 1322/1322/1189
f 1322/1322/1189 1324/1324/1190 1325/1325/1191
f 1322/1322/1189 1325/1325/1191 1326/1326/1192
f 1317/1317/1185 1322/1322/1189 1327/1327/1192
f 1317/1317/1185 1327/1327/1192 1318/1318/1186
f 1328/1328/1193 1329/1329/1194 1330/1330/1195
f 1328/1328/1193 1330/1330/1195 1331/1331/1196
f 1332/1332/1197 1312/1312/1181 1315/1315/1184
f 1332/1332/1197 1315/1315/1184 1333/1333/1195
f 1333/1333/1195 1315/1315/1184 1320/1320/1188
f 1333/1333/1195 1320/1320/1188 1334/1334/1198
f 1331/1331/1196 1330/1330/1195 1335/1335/1198
f 1331/1331/1196 1335/1335/1198 1336/1336/1199
f 1323/1323/1161 1337/1337/1200 1338/1338/1201
f 1323/1323/1161 1338/1338/1201 1324/1324/1190
f 1337/1337/1200 1328/1328/1193 1331/1331/1196
f 1337/1337/1200 1331/1331/1196 1338/1338/1201
f 1338/1338/1201 1331/1331/1196 1336/1336/1199
f 1338/1338/1201 1336/1336/1199 1339/1339/1202
f 1324/1324/1190 1338/1338/1201 1339/1339/1202
f 1324/1324/1190 1339/1339/1202 1325/1325/1191
f 1336/1336/1199 1335/1335/1198 1340/1340/1203
f 1336/1336/1199 1340/1340/1203 1341/1341/1204
f 1334/1334/1198 1320/1320/1188 1342/1342/1205
f 1334/1334/1198 1342/1342/1205 1343/1343/1206
f 1343/1343/1206 1342/1342/1205 1344/1344/1207
f 1343/1343/1206 1344/1344/1207 1345/1345/1208
f 1341/1341/1204 1340/1340/1203 1346/1346/1209
f 1341/1341/1204 1346/1346/1209 1347/1347/1210
f 1325/1325/1191 1339/1339/1202 1348/1348/1211
f 1325/1325/1191 1348/1348/1211 1349/1349/1212
f 1339/1339/1202 1336/1336/1199 1341/1341/1204
f 1339/1339/1202 1341/1341/1204 1348/1348/1211
f 1348/1348/1211 1341/1341/1204 1347/1347/1210
f 1348/1348/1211 1347/1347/1210 1350/1350/1213
f 1349/1349/1212 1348/1348/1211 1350/1350/1213
f 1349/1349/1212 1350/1350/1213 1351/1351/1214
f 1320/1320/1188 1319/1319/1187 1352/1352/1215
f 1320/1320/1188 1352/1352/1215 1342/1342/1205
f 1319/1319/1187 1318/1318/1186 1353/1353/1216
f 1319/1319/1187 1353/1353/1216 1352/1352/1215
f 1352/1352/1215 1353/1353/1216 1354/1354/1217
f 1352/1352/1215 1354/1354/1217 1355/1355/1218
f 1342/1342/1205 1352/1352/1215 1355/1355/1218
f 1342/1342/1205 1355/1355/1218 1344/1344/1207
f 1318/1318/1186 1327/1327/1192 1356/1356/1219
f 1318/1318/1186 1356/1356/1219 1353/1353/1216
f 1326/1326/1192 1325/1325/1191 1349/1349/1212
f 1326/1326/1192 1349/1349/1212 1357/1357/1219
f 1357/1357/1219 1349/1349/1212 1351/1351/1214
f 1357/1357/1219 1351/1351/1214 1358/1358/1220
f 1353/1353/1216 1356/1356/1219 1359/1359/1220
f 1353/1353/1216 1359/1359/1220 1354/1354/1217
f 1344/1344/1207 1355/1355/1218 1360/1360/1221
f 1344/1344/1207 1360/1360/1221 1361/1361/1222
f 1355/1355/1218 1354/1354/1217 1362/1362/1223
f 1355/1355/1218 1362/1362/1223 1360/1360/1221
f 1360/1360/1221 1362/1362/1223 1363/1363/1224
f 1360/1360/1221 1363/1363/1224 1364/1364/1225
f 1361/1361/1222 1360/1360/1221 1364/1364/1225
f 1361/1361/1222 1364/1364/1225 1365/1365/1226
f 1354/1354/1217 1359/1359/1220 1366/1366/1227
f 1354/1354/1217 1366/1366/1227 1362/1362/1223
f 1358/1358/1220 1351/1351/1214 1367/1367/1228
f 1358/1358/1220 1367/1367/1228 1368/1368/1229
f 1368/1368/1229 1367/1367/1228 1369/1369/1230
f 1368/1368/1229 1369/1369/1230 1370/1370/1231
f 1362/1362/1223 1366/1366/1227 1371/1371/1232
f 1362/1362/1223 1371/1371/1232 1363/1363/1224
f 1347/1347/1210 1346/1346/1209 1372/1372/1233
f 1347/1347/1210 1372/1372/1233 1373/1373/1234
f 1345/1345/1208 1344/1344/1207 1361/1361/1222
f 1345/1345/1208 1361/1361/1222 1374/1374/1233
f 1374/1374/1233 1361/1361/1222 1365/1365/1226
f 1374/1374/1233 1365/1365/1226 1375/1375/1235
f 1373/1373/1234 1372/1372/1233 1376/1376/1236
f 1373/1373/1234 1376/1376/1236 1377/1377/1237
f 1351/1351/1214 1350/1350/1213 1378/1378/1238
f 1351/1351/1214 1378/1378/1238 1367/1367/1228
f 1350/1350/1213 1347/1347/1210 1373/1373/1234
f 1350/1350/1213 1373/1373/1234 1378/1378/1238
f 1378/1378/1238 1373/1373/1234 1377/1377/1237
f 1378/1378/1238 1377/1377/1237 1379/1379/1239
f 1367/1367/1228 1378/1378/1238 1379/1379/1239
f 1367/1367/1228 1379/1379/1239 1369/1369/1230
f 1363/1363/1224 1371/1371/1232 1380/1380/1240
f 1363/1363/1224 1380/1380/1240 1381/1381/1241
f 1370/1370/1231 1369/1369/1230 1382/1382/1242
f 1370/1370/1231 1382/1382/1242 1383/1383/1240
f 1383/1383/1240 1382/1382/1242 1384/1384/1243
f 1383/1383/1240 1384/1384/1243 1385/1385/1244
f 1381/1381/1241 1380/1380/1240 1386/1386/1245
f 1381/1381/1241 1386/1386/1245 1387/1387/1246
f 1377/1377/1237 1376/1376/1236 1388/1388/1247
f 1377/1377/1237 1388/1388/1247 1389/1389/1248
f 1375/1375/1235 1365/1365/1226 1390/1390/1249
f 1375/1375/1235 1390/1390/1249 1391/1391/1250
f 1391/1391/1250 1390/1390/1249 1392/1392/1251
f 1391/1391/1250 1392/1392/1251 1393/1393/1252
f 1389/1389/1248 1388/1388/1247 1394/1394/1253
f 1389/1389/1248 1394/1394/1253 1395/1395/1254
f 1369/1369/1230 1379/1379/1239 1396/1396/1255
f 1369/1369/1230 1396/1396/1255 1382/1382/1242
f 1379/1379/1239 1377/1377/1237 1389/1389/1248
f 1379/1379/1239 1389/1389/1248 1396/1396/1255
f 1396/1396/1255 1389/1389/1248 1395/1395/1254
f 1396/1396/1255 1395/1395/1254 1397/1397/1256
f 1382/1382/1242 1396/1396/1255 1397/1397/1256
f 1382/1382/1242 1397/1397/1256 1384/1384/1243
f 1365/1365/1226 1364/1364/1225 1398/1398/1257
f 1365/1365/1226 1398/1398/1257 1390/1390/1249
f 1364/1364/1225 1363/1363/1224 1381/1381/1241
f 1364/1364/1225 1381/1381/1241 1398/1398/1257
f 1398/1398/1257 1381/1381/1241 1387/1387/1246
f 1398/1398/1257 1387/1387/1246 1399/1399/1258
f 1390/1390/1249 1398/1398/1257 1399/1399/1258
f 1390/1390/1249 1399/1399/1258 1392/1392/1251
f 1395/1395/1254 1394/1394/1253 1400/1400/1259
f 1395/1395/1254 1400/1400/1259 1401/1401/1260
f 1393/1393/1252 1392/1392/1251 1402/1402/1261
f 1393/1393/1252 1402/1402/1261 1403/1403/1262
f 1403/1403/1262 1402/1402/1261 1404/1404/1263
f 1403/1403/1262 1404/1404/1263 1405/1405/1264
f 1401/1401/1260 1400/1400/1259 1406/1406/1265
f 1401/1401/1260 1406/1406/1265 1407/1407/1266
f 1384/1384/1243 1397/1397/1256 1408/1408/1267
f 1384/1384/1243 1408/1408/1267 1409/1409/1268
f 1397/1397/1256 1395/1395/1254 1401/1401/1260
f 1397/1397/1256 1401/1401/1260 1408/1408/1267
f 1408/1408/1267 1401/1401/1260 1407/1407/1266
f 1408/1408/1267 1407/1407/1266 1410/1410/1269
f 1409/1409/1268 1408/1408/1267 1410/1410/1269
f 1409/1409/1268 1410/1410/1269 1411/1411/1270
f 1392/1392/1251 1399/1399/1258 1412/1412/1271
f 1392/1392/1251 1412/1412/1271 1402/1402/1261
f 1399/1399/1258 1387/1387/1246 1413/1413/1272
f 1399/1399/1258 1413/1413/1272 1412/1412/1271
f 1412/1412/1271 1413/1413/1272 1414/1414/1273
f 1412/1412/1271 1414/1414/1273 1415/1415/1274
f 1402/1402/1261 1412/1412/1271 1415/1415/1274
f 1402/1402/1261 1415/1415/1274 1404/1404/1263
f 1387/1387/1246 1386/1386/1245 1416/1416/1275
f 1387/1387/1246 1416/1416/1275 1413/1413/1272
f 1385/1385/1244 1384/1384/1243 1409/1409/1268
f 1385/1385/1244 1409/1409/1268 1417/1417/1275
f 1417/1417/1275 1409/1409/1268 1411/1411/1270
f 1417/1417/1275 1411/1411/1270 1418/1418/1276
f 1413/1413/1272 1416/1416/1275 1419/1419/1276
f 1413/1413/1272 1419/1419/1276 1414/1414/1273
f 1404/1404/1263 1415/1415/1274 1420/1420/1277
f 1404/1404/1263 1420/1420/1277 1421/1421/1278
f 1415/1415/1274 1414/1414/1273 1422/1422/1279
f 1415/1415/1274 1422/1422/1279 1420/1420/1277
f 1420/1420/1277 1422/1422/1279 1423/1423/1280
f 1420/1420/1277 1423/1423/1280 1424/1424/1281
f 1421/1421/1278 1420/1420/1277 1424/1424/1281
f 1421/1421/1278 1424/1424/1281 1425/1425/1282
f 1414/1414/1273 1419/1419/1276 1426/1426/1283
f 1414/1414/1273 1426/1426/1283 1422/1422/1279
f 1418/1418/1276 1411/1411/1270 1427/1427/1284
f 1418/1418/1276 1427/1427/1284 1428/1428/1285
f 1428/1428/1285 1427/1427/1284 1429/1429/1286
f 1428/1428/1285 1429/1429/1286 1430/1430/1287
f 1422/1422/1279 1426/1426/1283 1431/1431/1288
f 1422/1422/1279 1431/1431/1288 1423/1423/1280
f 1407/1407/1266 1406/1406/1265 1432/1432/1289
f 1407/1407/1266 1432/1432/1289 1433/1433/1290
f 1405/1405/1264 1404/1404/1263 1421/1421/1278
f 1405/1405/1264 1421/1421/1278 1434/1434/1289
f 1434/1434/1289 1421/1421/1278 1425/1425/1282
f 1434/1434/1289 1425/1425/1282 1435/1435/1291
f 1433/1433/1290 1432/1432/1289 1436/1436/1291
f 1433/1433/1290 1436/1436/1291 1437/1437/1292
f 1411/1411/1270 1410/1410/1269 1438/1438/1293
f 1411/1411/1270 1438/1438/1293 1427/1427/1284
f 1410/1410/1269 1407/1407/1266 1433/1433/1290
f 1410/1410/1269 1433/1433/1290 1438/1438/1293
f 1438/1438/1293 1433/1433/1290 1437/1437/1292
f 1438/1438/1293 1437/1437/1292 1439/1439/1294
f 1427/1427/1284 1438/1438/1293 1439/1439/1294
f 1427/1427/1284 1439/1439/1294 1429/1429/1286
f 1437/1437/1292 1436/1436/1291 1440/1440/1295
f 1437/1437/1292 1440/1440/1295 1441/1441/1296
f 1435/1435/1291 1425/1425/1282 1442/1442/1297
f 1435/1435/1291 1442/1442/1297 1443/1443/1295
f 1443/1443/1295 1442/1442/1297 1444/1444/1298
f 1443/1443/1295 1444/1444/1298 1445/1445/1299
f 1441/1441/1296 1440/1440/1295 1446/1446/1299
f 1441/1441/1296 1446/1446/1299 1447/1447/1300
f 1429/1429/1286 1439/1439/1294 1448/1448/1301
f 1429/1429/1286 1448/1448/1301 1449/1449/1302
f 1439/1439/1294 1437/1437/1292 1441/1441/1296
f 1439/1439/1294 1441/1441/1296 1448/1448/1301
f 1448/1448/1301 1441/1441/1296 1447/1447/1300
f 1448/1448/1301 1447/1447/1300 1450/1450/1303
f 1449/1449/1302 1448/1448/1301 1450/1450/1303
f 1449/1449/1302 1450/1450/1303 1451/1451/1304
f 1425/1425/1282 1424/1424/1281 1452/1452/1305
f 1425/1425/1282 1452/1452/1305 1442/1442/1297
f 1424/1424/1281 1423/1423/1280 1453/1453/1306
f 1424/1424/1281 1453/1453/1306 1452/1452/1305
f 1452/1452/1305 1453/1453/1306 1454/1454/1307
f 1452/1452/1305 1454/1454/1307 1455/1455/1308
f 1442/1442/1297 1452/1452/1305 1455/1455/1308
f 1442/1442/1297 1455/1455/1308 1444/1444/1298
f 1423/1423/1280 1431/1431/1288 1456/1456/1309
f 1423/1423/1280 1456/1456/1309 1453/1453/1306
f 1430/1430/1287 1429/1429/1286 1449/1449/1302
f 1430/1430/1287 1449/1449/1302 1457/1457/1310
f 1457/1457/1310 1449/1449/1302 1451/1451/1304
f 1457/1457/1310 1451/1451/1304 1458/1458/1311
f 1453/1453/1306 1456/1456/1309 1459/1459/1311
f 1453/1453/1306 1459/1459/1311 1454/1454/1307
f 1451/1451/1304 1450/1450/1303 1460/1460/1312
f 1451/1451/1304 1460/1460/1312 1461/1461/1313
f 1450/1450/1303 1447/1447/1300 1462/1462/1314
f 1450/1450/1303 1462/1462/1314 1460/1460/1312
f 1460/1460/1312 1462/1462/1314 1463/1463/1315
f 1460/1460/1312 1463/1463/1315 1464/1464/1316
f 1461/1461/1313 1460/1460/1312 1464/1464/1316
f 1461/1461/1313 1464/1464/1316 1465/1465/1317
f 1444/1444/1298 1455/1455/1308 1466/1466/1318
f 1444/1444/1298 1466/1466/1318 1467/1467/1319
f 1455/1455/1308 1454/1454/1307 1468/1468/1320
f 1455/1455/1308 1468/1468/1320 1466/1466/1318
f 1466/1466/1318 1468/1468/1320 1469/1469/1321
f 1466/1466/1318 1469/1469/1321 1470/1470/1322
f 1467/1467/1319 1466/1466/1318 1470/1470/1322
f 1467/1467/1319 1470/1470/1322 1471/1471/1323
f 1454/1454/1307 1459/1459/1311 1472/1472/1324
f 1454/1454/1307 1472/1472/1324 1468/1468/1320
f 1458/1458/1311 1451/1451/1304 1461/1461/1313
f 1458/1458/1311 1461/1461/1313 1473/1473/1324
f 1473/1473/1324 1461/1461/1313 1465/1465/1317
f 1473/1473/1324 1465/1465/1317 1474/1474/1325
f 1468/1468/1320 1472/1472/1324 1475/1475/1326
f 1468/1468/1320 1475/1475/1326 1469/1469/1321
f 1447/1447/1300 1446/1446/1299 1476/1476/1327
f 1447/1447/1300 1476/1476/1327 1462/1462/1314
f 1445/1445/1299 1444/1444/1298 1467/1467/1319
f 1445/1445/1299 1467/1467/1319 1477/1477/1327
f 1477/1477/1327 1467/1467/1319 1471/1471/1323
f 1477/1477/1327 1471/1471/1323 1478/1478/1328
f 1462/1462/1314 1476/1476/1327 1479/1479/1329
f 1462/1462/1314 1479/1479/1329 1463/1463/1315
f 1471/1471/1323 1470/1470/1322 1480/1480/1330
f 1471/1471/1323 1480/1480/1330 1481/1481/1331
f 1470/1470/1322 1469/1469/1321 1482/1482/1332
f 1470/1470/1322 1482/1482/1332 1480/1480/1330
f 1480/1480/1330 1482/1482/1332 1483/1483/1333
f 1480/1480/1330 1483/1483/1333 1484/1484/1334
f 1481/1481/1331 1480/1480/1330 1484/1484/1334
f 1481/1481/1331 1484/1484/1334 1485/1485/1335
f 1469/1469/1321 1475/1475/1326 1486/1486/1336
f 1469/1469/1321 1486/1486/1336 1482/1482/1332
f 1474/1474/1325 1465/1465/1317 1487/1487/1337
f 1474/1474/1325 1487/1487/1337 1488/1488/1336
f 1488/1488/1336 1487/1487/1337 1489/1489/1338
f 1488/1488/1336 1489/1489/1338 1490/1490/1339
f 1482/1482/1332 1486/1486/1336 1491/1491/1340
f 1482/1482/1332 1491/1491/1340 1483/1483/1333
f 1463/1463/1315 1479/1479/1329 1492/1492/1341
f 1463/1463/1315 1492/1492/1341 1493/1493/1342
f 1478/1478/1328 1471/1471/1323 1481/1481/1331
f 1478/1478/1328 1481/1481/1331 1494/1494/1341
f 1494/1494/1341 1481/1481/1331 1485/1485/1335
f 1494/1494/1341 1485/1485/1335 1495/1495/1343
f 1493/1493/1342 1492/1492/1341 1496/1496/1343
f 1493/1493/1342 1496/1496/1343 1497/1497/1344
f 1465/1465/1317 1464/1464/1316 1498/1498/1345
f 1465/1465/1317 1498/1498/1345 1487/1487/1337
f 1464/1464/1316 1463/1463/1315 1493/1493/1342
f 1464/1464/1316 1493/1493/1342 1498/1498/1345
f 1498/1498/1345 1493/1493/1342 1497/1497/1344
f 1498/1498/1345 1497/1497/1344 1499/1499/1346
f 1487/1487/1337 1498/1498/1345 1499/1499/1346
f 1487/1487/1337 1499/1499/1346 1489/1489/1338
f 1497/1497/1344 1496/1496/1343 1500/1500/1347
f 1497/1497/1344 1500/1500/1347 1501/1501/1348
f 1495/1495/1343 1485/1485/1335 1502/1502/1349
f 1495/1495/1343 1502/1502/1349 1503/1503/1347
f 1503/1503/1347 1502/1502/1349 1504/1504/1350
f 1503/1503/1347 1504/1504/1350 1505/1505/1351
f 1501/1501/1348 1500/1500/1347 1506/1506/1351
f 1501/1501/1348 1506/1506/1351 1507/1507/1352
f 1489/1489/1338 1499/1499/1346 1508/1508/1353
f 1489/1489/1338 1508/1508/1353 1509/1509/1354
f 1499/1499/1346 1497/1497/1344 1501/1501/1348
f 1499/1499/1346 1501/1501/1348 1508/1508/1353
f 1508/1508/1353 1501/1501/1348 1507/1507/1352
f 1508/1508/1353 1507/1507/1352 1510/1510/1355
f 1509/1509/1354 1508/1508/1353 1510/1510/1355
f 1509/1509/1354 1510/1510/1355 1511/1511/1356
f 1485/1485/1335 1484/1484/1334 1512/1512/1357
f 1485/1485/1335 1512/1512/1357 1502/1502/1349
f 1484/1484/1334 1483/1483/1333 1513/1513/1358
f 1484/1484/1334 1513/1513/1358 1512/1512/1357
f 1512/1512/1357 1513/1513/1358 1514/1514/1359
f 1512/1512/1357 1514/1514/1359 1515/1515/1360
f 1502/1502/1349 1512/1512/1357 1515/1515/1360
f 1502/1502/1349 1515/1515/1360 1504/1504/1350
f 1483/1483/1333 1491/1491/1340 1516/1516/1361
f 1483/1483/1333 1516/1516/1361 1513/1513/1358
f 1490/1490/1339 1489/1489/1338 1509/1509/1354
f 1490/1490/1339 1509/1509/1354 1517/1517/1361
f 1517/1517/1361 1509/1509/1354 1511/1511/1356
f 1517/1517/1361 1511/1511/1356 1518/1518/1362
f 1513/1513/1358 1516/1516/1361 1519/1519/1363
f 1513/1513/1358 1519/1519/1363 1514/1514/1359
f 1504/1504/1350 1515/1515/1360 1520/1520/1364
f 1504/1504/1350 1520/1520/1364 1521/1521/1365
f 1515/1515/1360 1514/1514/1359 1522/1522/1366
f 1515/1515/1360 1522/1522/1366 1520/1520/1364
f 1520/1520/1364 1522/1522/1366 1523/1523/1367
f 1520/1520/1364 1523/1523/1367 1524/1524/1368
f 1521/1521/1365 1520/1520/1364 1524/1524/1368
f 1521/1521/1365 1524/1524/1368 1525/1525/1369
f 1514/1514/1359 1519/1519/1363 1526/1526/1370
f 1514/1514/1359 1526/1526/1370 1522/1522/1366
f 1518/1518/1362 1511/1511/1356 1527/1527/1371
f 1518/1518/1362 1527/1527/1371 1528/1528/1370
f 1528/1528/1370 1527/1527/1371 1529/1529/1372
f 1528/1528/1370 1529/1529/1372 1530/1530/1373
f 1522/1522/1366 1526/1526/1370 1531/1531/1373
f 1522/1522/1366 1531/1531/1373 1523/1523/1367
f 1507/1507/1352 1506/1506/1351 1532/1532/1374
f 1507/1507/1352 1532/1532/1374 1533/1533/1375
f 1505/1505/1351 1504/1504/1350 1521/1521/1365
f 1505/1505/1351 1521/1521/1365 1534/1534/1374
f 1534/1534/1374 1521/1521/1365 1525/1525/1369
f 1534/1534/1374 1525/1525/1369 1535/1535/1376
f 1533/1533/1375 1532/1532/1374 1536/1536/1377
f 1533/1533/1375 1536/1536/1377 1537/1537/1378
f 1511/1511/1356 1510/1510/1355 1538/1538/1379
f 1511/1511/1356 1538/1538/1379 1527/1527/1371
f 1510/1510/1355 1507/1507/1352 1533/1533/1375
f 1510/1510/1355 1533/1533/1375 1538/1538/1379
f 1538/1538/1379 1533/1533/1375 1537/1537/1378
f 1538/1538/1379 1537/1537/1378 1539/1539/1380
f 1527/1527/1371 1538/1538/1379 1539/1539/1380
f 1527/1527/1371 1539/1539/1380 1529/1529/1372
f 1529/1529/1372 1539/1539/1380 1540/1540/1381
f 1529/1529/1372 1540/1540/1381 1530/1530/1373
f 1539/1539/1380 1537/1537/1378 1536/1536/1377
f 1539/1539/1380 1536/1536/1377 1540/1540/1381
f 1541/1541/1382 1535/1535/1376 1525/1525/1369
f 1541/1541/1382 1525/1525/1369 1524/1524/1368
f 1531/1531/1373 1541/1541/1382 1524/1524/1368
f 1531/1531/1373 1524/1524/1368 1523/1523/1367
f 224/224/204 221/221/201 1542/1542/1383
f 224/224/204 1542/1542/1383 1543/1543/1384
f 221/221/201 205/205/186 208/208/189
f 221/221/201 208/208/189 1542/1542/1383
f 1544/1544/1385 217/217/198 220/220/200
f 1544/1544/1385 220/220/200 1545/1545/1386
f 1546/1546/1387 1544/1544/1385 1545/1545/1386
f 1546/1546/1387 1545/1545/1386 1547/1547/1388
f 210/210/191 238/238/218 1548/1548/1389
f 210/210/191 1548/1548/1389 211/211/192
f 238/238/218 237/237/217 1549/1549/1390
f 238/238/218 1549/1549/1390 1548/1548/1389
f 1550/1550/1389 1551/1551/1391 1552/1552/1392
f 1550/1550/1389 1552/1552/1392 1553/1553/1393
f 214/214/195 1550/1550/1389 1553/1553/1393
f 214/214/195 1553/1553/1393 215/215/196
f 237/237/217 1264/1264/1141 1554/1554/1394
f 237/237/217 1554/1554/1394 1549/1549/1390
f 1263/1263/1140 224/224/204 1543/1543/1384
f 1263/1263/1140 1543/1543/1384 1555/1555/1395
f 1556/1556/1394 1546/1546/1387 1547/1547/1388
f 1556/1556/1394 1547/1547/1388 1557/1557/1396
f 1551/1551/1391 1558/1558/1394 1559/1559/1397
f 1551/1551/1391 1559/1559/1397 1552/1552/1392
f 1547/1547/1388 1545/1545/1386 1560/1560/1398
f 1547/1547/1388 1560/1560/1398 1561/1561/1399
f 1545/1545/1386 220/220/200 1562/1562/1400
f 1545/1545/1386 1562/1562/1400 1560/1560/1398
f 1560/1560/1398 1562/1562/1400 1563/1563/1401
f 1560/1560/1398 1563/1563/1401 1564/1564/1402
f 1561/1561/1399 1560/1560/1398 1564/1564/1402
f 1561/1561/1399 1564/1564/1402 1565/1565/1403
f 215/215/196 1553/1553/1393 1566/1566/1404
f 215/215/196 1566/1566/1404 1567/1567/1405
f 1553/1553/1393 1552/1552/1392 1568/1568/1406
f 1553/1553/1393 1568/1568/1406 1566/1566/1404
f 1566/1566/1404 1568/1568/1406 1569/1569/1407
f 1566/1566/1404 1569/1569/1407 1570/1570/1408
f 1567/1567/1405 1566/1566/1404 1570/1570/1408
f 1567/1567/1405 1570/1570/1408 1571/1571/1409
f 220/220/200 219/219/199 1572/1572/1410
f 220/220/200 1572/1572/1410 1562/1562/1400
f 216/216/197 215/215/196 1567/1567/1405
f 216/216/197 1567/1567/1405 1573/1573/1411
f 1573/1573/1411 1567/1567/1405 1571/1571/1409
f 1573/1573/1411 1571/1571/1409 1574/1574/1412
f 1562/1562/1400 1572/1572/1410 1575/1575/1413
f 1562/1562/1400 1575/1575/1413 1563/1563/1401
f 1552/1552/1392 1559/1559/1397 1576/1576/1414
f 1552/1552/1392 1576/1576/1414 1568/1568/1406
f 1557/1557/1396 1547/1547/1388 1561/1561/1399
f 1557/1557/1396 1561/1561/1399 1577/1577/1415
f 1577/1577/1415 1561/1561/1399 1565/1565/1403
f 1577/1577/1415 1565/1565/1403 1578/1578/1416
f 1568/1568/1406 1576/1576/1414 1579/1579/1417
f 1568/1568/1406 1579/1579/1417 1569/1569/1407
f 1571/1571/1409 1570/1570/1408 1580/1580/1418
f 1571/1571/1409 1580/1580/1418 1581/1581/1419
f 1570/1570/1408 1569/1569/1407 1582/1582/1420
f 1570/1570/1408 1582/1582/1420 1580/1580/1418
f 1580/1580/1418 1582/1582/1420 1583/1583/1421
f 1580/1580/1418 1583/1583/1421 1584/1584/1422
f 1581/1581/1419 1580/1580/1418 1584/1584/1422
f 1581/1581/1419 1584/1584/1422 1585/1585/1423
f 1563/1563/1401 1575/1575/1413 1586/1586/1424
f 1563/1563/1401 1586/1586/1424 1587/1587/1425
f 1574/1574/1412 1571/1571/1409 1581/1581/1419
f 1574/1574/1412 1581/1581/1419 1588/1588/1424
f 1588/1588/1424 1581/1581/1419 1585/1585/1423
f 1588/1588/1424 1585/1585/1423 1589/1589/1426
f 1587/1587/1425 1586/1586/1424 1590/1590/1427
f 1587/1587/1425 1590/1590/1427 1591/1591/1428
f 1569/1569/1407 1579/1579/1417 1592/1592/1429
f 1569/1569/1407 1592/1592/1429 1582/1582/1420
f 1578/1578/1416 1565/1565/1403 1593/1593/1430
f 1578/1578/1416 1593/1593/1430 1594/1594/1431
f 1594/1594/1431 1593/1593/1430 1595/1595/1432
f 1594/1594/1431 1595/1595/1432 1596/1596/1433
f 1582/1582/1420 1592/1592/1429 1597/1597/1434
f 1582/1582/1420 1597/1597/1434 1583/1583/1421
f 1565/1565/1403 1564/1564/1402 1598/1598/1435
f 1565/1565/1403 1598/1598/1435 1593/1593/1430
f 1564/1564/1402 1563/1563/1401 1587/1587/1425
f 1564/1564/1402 1587/1587/1425 1598/1598/1435
f 1598/1598/1435 1587/1587/1425 1591/1591/1428
f 1598/1598/1435 1591/1591/1428 1599/1599/1436
f 1593/1593/1430 1598/1598/1435 1599/1599/1436
f 1593/1593/1430 1599/1599/1436 1595/1595/1432
f 1583/1583/1421 1597/1597/1434 1600/1600/1437
f 1583/1583/1421 1600/1600/1437 1601/1601/1438
f 1596/1596/1433 1595/1595/1432 1602/1602/1439
f 1596/1596/1433 1602/1602/1439 1603/1603/1440
f 1603/1603/1440 1602/1602/1439 1604/1604/1441
f 1603/1603/1440 1604/1604/1441 1605/1605/1442
f 1601/1601/1438 1600/1600/1437 1606/1606/1443
f 1601/1601/1438 1606/1606/1443 1607/1607/1444
f 1595/1595/1432 1599/1599/1436 1608/1608/1445
f 1595/1595/1432 1608/1608/1445 1602/1602/1439
f 1599/1599/1436 1591/1591/1428 1609/1609/1446
f 1599/1599/1436 1609/1609/1446 1608/1608/1445
f 1608/1608/1445 1609/1609/1446 1610/1610/1447
f 1608/1608/1445 1610/1610/1447 1611/1611/1448
f 1602/1602/1439 1608/1608/1445 1611/1611/1448
f 1602/1602/1439 1611/1611/1448 1604/1604/1441
f 1585/1585/1423 1584/1584/1422 1612/1612/1449
f 1585/1585/1423 1612/1612/1449 1613/1613/1450
f 1584/1584/1422 1583/1583/1421 1601/1601/1438
f 1584/1584/1422 1601/1601/1438 1612/1612/1449
f 1612/1612/1449 1601/1601/1438 1607/1607/1444
f 1612/1612/1449 1607/1607/1444 1614/1614/1451
f 1613/1613/1450 1612/1612/1449 1614/1614/1451
f 1613/1613/1450 1614/1614/1451 1615/1615/1452
f 1591/1591/1428 1590/1590/1427 1616/1616/1453
f 1591/1591/1428 1616/1616/1453 1609/1609/1446
f 1589/1589/1426 1585/1585/1423 1613/1613/1450
f 1589/1589/1426 1613/1613/1450 1617/1617/1453
f 1617/1617/1453 1613/1613/1450 1615/1615/1452
f 1617/1617/1453 1615/1615/1452 1618/1618/1454
f 1609/1609/1446 1616/1616/1453 1619/1619/1455
f 1609/1609/1446 1619/1619/1455 1610/1610/1447
f 1615/1615/1452 1614/1614/1451 1620/1620/1456
f 1615/1615/1452 1620/1620/1456 1621/1621/1457
f 1614/1614/1451 1607/1607/1444 1622/1622/1458
f 1614/1614/1451 1622/1622/1458 1620/1620/1456
f 1620/1620/1456 1622/1622/1458 1623/1623/1459
f 1620/1620/1456 1623/1623/1459 1624/1624/1460
f 1621/1621/1457 1620/1620/1456 1624/1624/1460
f 1621/1621/1457 1624/1624/1460 1625/1625/1461
f 1610/1610/1447 1619/1619/1455 1626/1626/1462
f 1610/1610/1447 1626/1626/1462 1627/1627/1463
f 1618/1618/1454 1615/1615/1452 1628/1628/1464
f 1618/1618/1454 1628/1628/1464 1629/1629/1462
f 1630/1630/1462 1631/1631/1465 1632/1632/1466
f 1630/1630/1462 1632/1632/1466 1633/1633/1467
f 1634/1634/1468 1635/1635/1469 1636/1636/1470
f 1634/1634/1468 1636/1636/1470 1637/1637/1471
f 1607/1607/1444 1606/1606/1443 1638/1638/1472
f 1607/1607/1444 1638/1638/1472 1622/1622/1458
f 1605/1605/1442 1604/1604/1441 1639/1639/1473
f 1605/1605/1442 1639/1639/1473 1640/1640/1474
f 1640/1640/1474 1639/1639/1473 1641/1641/1475
f 1640/1640/1474 1641/1641/1475 1642/1642/1476
f 1622/1622/1458 1638/1638/1472 1643/1643/1477
f 1622/1622/1458 1643/1643/1477 1623/1623/1459
f 1604/1604/1441 1611/1611/1448 1644/1644/1478
f 1604/1604/1441 1644/1644/1478 1639/1639/1473
f 1611/1611/1448 1610/1610/1447 1645/1645/1479
f 1611/1611/1448 1645/1645/1479 1644/1644/1478
f 1644/1644/1478 1645/1645/1479 1646/1646/1480
f 1644/1644/1478 1646/1646/1480 1647/1647/1481
f 1639/1639/1473 1644/1644/1478 1647/1647/1481
f 1639/1639/1473 1647/1647/1481 1641/1641/1475
f 1625/1625/1461 1624/1624/1460 1648/1648/1482
f 1625/1625/1461 1648/1648/1482 1649/1649/1483
f 1624/1624/1460 1623/1623/1459 1650/1650/1484
f 1624/1624/1460 1650/1650/1484 1648/1648/1482
f 1648/1648/1482 1650/1650/1484 1651/1651/1485
f 1648/1648/1482 1651/1651/1485 1652/1652/1486
f 1649/1649/1483 1648/1648/1482 1652/1652/1486
f 1649/1649/1483 1652/1652/1486 1653/1653/1487
f 1646/1646/1480 1654/1654/1488 1655/1655/1489
f 1646/1646/1480 1655/1655/1489 1656/1656/1490
f 1657/1657/1488 1625/1625/1461 1649/1649/1483
f 1657/1657/1488 1649/1649/1483 1658/1658/1491
f 1658/1658/1491 1649/1649/1483 1653/1653/1487
f 1658/1658/1491 1653/1653/1487 1659/1659/1492
f 1656/1656/1490 1655/1655/1489 1660/1660/1493
f 1656/1656/1490 1660/1660/1493 1661/1661/1494
f 1623/1623/1459 1643/1643/1477 1662/1662/1495
f 1623/1623/1459 1662/1662/1495 1650/1650/1484
f 1642/1642/1476 1641/1641/1475 1663/1663/1496
f 1642/1642/1476 1663/1663/1496 1664/1664/1495
f 1664/1664/1495 1663/1663/1496 1665/1665/1497
f 1664/1664/1495 1665/1665/1497 1666/1666/1498
f 1650/1650/1484 1662/1662/1495 1667/1667/1499
f 1650/1650/1484 1667/1667/1499 1651/1651/1485
f 1641/1641/1475 1647/1647/1481 1668/1668/1500
f 1641/1641/1475 1668/1668/1500 1663/1663/1496
f 1647/1647/1481 1646/1646/1480 1656/1656/1490
f 1647/1647/1481 1656/1656/1490 1668/1668/1500
f 1668/1668/1500 1656/1656/1490 1661/1661/1494
f 1668/1668/1500 1661/1661/1494 1669/1669/1501
f 1663/1663/1496 1668/1668/1500 1669/1669/1501
f 1663/1663/1496 1669/1669/1501 1665/1665/1497
f 1651/1651/1485 1667/1667/1499 1670/1670/1502
f 1651/1651/1485 1670/1670/1502 1671/1671/1503
f 1666/1666/1498 1665/1665/1497 1672/1672/1504
f 1666/1666/1498 1672/1672/1504 1673/1673/1505
f 1673/1673/1505 1672/1672/1504 1674/1674/1506
f 1673/1673/1505 1674/1674/1506 1675/1675/1507
f 1671/1671/1503 1670/1670/1502 1676/1676/1508
f 1671/1671/1503 1676/1676/1508 1677/1677/1509
f 1665/1665/1497 1669/1669/1501 1678/1678/1510
f 1665/1665/1497 1678/1678/1510 1672/1672/1504
f 1669/1669/1501 1661/1661/1494 1679/1679/1511
f 1669/1669/1501 1679/1679/1511 1678/1678/1510
f 1678/1678/1510 1679/1679/1511 1680/1680/1512
f 1678/1678/1510 1680/1680/1512 1681/1681/1513
f 1672/1672/1504 1678/1678/1510 1681/1681/1513
f 1672/1672/1504 1681/1681/1513 1674/1674/1506
f 1653/1653/1487 1652/1652/1486 1682/1682/1514
f 1653/1653/1487 1682/1682/1514 1683/1683/1515
f 1652/1652/1486 1651/1651/1485 1671/1671/1503
f 1652/1652/1486 1671/1671/1503 1682/1682/1514
f 1682/1682/1514 1671/1671/1503 1677/1677/1509
f 1682/1682/1514 1677/1677/1509 1684/1684/1516
f 1683/1683/1515 1682/1682/1514 1684/1684/1516
f 1683/1683/1515 1684/1684/1516 1685/1685/1517
f 1680/1680/1512 1679/1679/1511 1686/1686/1518
f 1680/1680/1512 1686/1686/1518 1687/1687/1519
f 1679/1679/1511 1661/1661/1494 1688/1688/1520
f 1679/1679/1511 1688/1688/1520 1686/1686/1518
f 1689/1689/1518 1690/1690/1520 1691/1691/1521
f 1689/1689/1518 1691/1691/1521 1692/1692/1522
f 1693/1693/1523 1689/1689/1518 1692/1692/1522
f 1693/1693/1523 1692/1692/1522 1694/1694/1524
f 1685/1685/1517 1684/1684/1516 1695/1695/1525
f 1685/1685/1517 1695/1695/1525 1696/1696/1526
f 1684/1684/1516 1677/1677/1509 1697/1697/1527
f 1684/1684/1516 1697/1697/1527 1695/1695/1525
f 1695/1695/1525 1697/1697/1527 1698/1698/1528
f 1695/1695/1525 1698/1698/1528 1699/1699/1529
f 1696/1696/1526 1695/1695/1525 1699/1699/1529
f 1696/1696/1526 1699/1699/1529 1700/1700/1530
f 1680/1680/1512 1701/1701/1531 1702/1702/1532
f 1680/1680/1512 1702/1702/1532 1703/1703/1533
f 1704/1704/1534 1685/1685/1517 1696/1696/1526
f 1704/1704/1534 1696/1696/1526 1705/1705/1535
f 1705/1705/1535 1696/1696/1526 1700/1700/1530
f 1705/1705/1535 1700/1700/1530 1706/1706/1536
f 1703/1703/1533 1702/1702/1532 1707/1707/1537
f 1703/1703/1533 1707/1707/1537 1708/1708/1538
f 1677/1677/1509 1676/1676/1508 1709/1709/1539
f 1677/1677/1509 1709/1709/1539 1697/1697/1527
f 1675/1675/1507 1674/1674/1506 1710/1710/1540
f 1675/1675/1507 1710/1710/1540 1711/1711/1541
f 1711/1711/1541 1710/1710/1540 1712/1712/1542
f 1711/1711/1541 1712/1712/1542 1713/1713/1543
f 1697/1697/1527 1709/1709/1539 1714/1714/1544
f 1697/1697/1527 1714/1714/1544 1698/1698/1528
f 1674/1674/1506 1681/1681/1513 1715/1715/1545
f 1674/1674/1506 1715/1715/1545 1710/1710/1540
f 1681/1681/1513 1680/1680/1512 1703/1703/1533
f 1681/1681/1513 1703/1703/1533 1715/1715/1545
f 1715/1715/1545 1703/1703/1533 1708/1708/1538
f 1715/1715/1545 1708/1708/1538 1716/1716/1546
f 1710/1710/1540 1715/1715/1545 1716/1716/1546
f 1710/1710/1540 1716/1716/1546 1712/1712/1542
f 1708/1708/1538 1707/1707/1537 1717/1717/1547
f 1708/1708/1538 1717/1717/1547 1718/1718/1548
f 1706/1706/1536 1700/1700/1530 1719/1719/1549
f 1706/1706/1536 1719/1719/1549 1720/1720/1550
f 1720/1720/1550 1719/1719/1549 1721/1721/1551
f 1720/1720/1550 1721/1721/1551 1722/1722/1552
f 1718/1718/1548 1717/1717/1547 1723/1723/1553
f 1718/1718/1548 1723/1723/1553 1724/1724/1554
f 1698/1698/1528 1714/1714/1544 1725/1725/1555
f 1698/1698/1528 1725/1725/1555 1726/1726/1556
f 1713/1713/1543 1712/1712/1542 1727/1727/1557
f 1713/1713/1543 1727/1727/1557 1728/1728/1558
f 1728/1728/1558 1727/1727/1557 1729/1729/1559
f 1728/1728/1558 1729/1729/1559 1730/1730/1560
f 1726/1726/1556 1725/1725/1555 1731/1731/1560
f 1726/1726/1556 1731/1731/1560 1732/1732/1561
f 1712/1712/1542 1716/1716/1546 1733/1733/1562
f 1712/1712/1542 1733/1733/1562 1727/1727/1557
f 1716/1716/1546 1708/1708/1538 1718/1718/1548
f 1716/1716/1546 1718/1718/1548 1733/1733/1562
f 1733/1733/1562 1718/1718/1548 1724/1724/1554
f 1733/1733/1562 1724/1724/1554 1734/1734/1563
f 1727/1727/1557 1733/1733/1562 1734/1734/1563
f 1727/1727/1557 1734/1734/1563 1729/1729/1559
f 1700/1700/1530 1699/1699/1529 1735/1735/1564
f 1700/1700/1530 1735/1735/1564 1719/1719/1549
f 1699/1699/1529 1698/1698/1528 1726/1726/1556
f 1699/1699/1529 1726/1726/1556 1735/1735/1564
f 1735/1735/1564 1726/1726/1556 1732/1732/1561
f 1735/1735/1564 1732/1732/1561 1736/1736/1565
f 1719/1719/1549 1735/1735/1564 1736/1736/1565
f 1719/1719/1549 1736/1736/1565 1721/1721/1551
f 1721/1721/1551 1736/1736/1565 1737/1737/1566
f 1721/1721/1551 1737/1737/1566 1722/1722/1552
f 1736/1736/1565 1732/1732/1561 1731/1731/1560
f 1736/1736/1565 1731/1731/1560 1737/1737/1566
f 1738/1738/1567 1730/1730/1560 1729/1729/1559
f 1738/1738/1567 1729/1729/1559 1734/1734/1563
f 1723/1723/1553 1738/1738/1567 1734/1734/1563
f 1723/1723/1553 1734/1734/1563 1724/1724/1554
f 1685/1685/1517 1704/1704/1534 1739/1739/1568
f 1685/1685/1517 1739/1739/1568 1740/1740/1569
f 1701/1701/1531 1680/1680/1512 1687/1687/1519
f 1701/1701/1531 1687/1687/1519 1741/1741/1570
f 1742/1742/1570 1693/1693/1523 1694/1694/1524
f 1742/1742/1570 1694/1694/1524 1743/1743/1571
f 1744/1744/1572 1745/1745/1568 1746/1746/1573
f 1744/1744/1572 1746/1746/1573 1747/1747/1574
f 1653/1653/1487 1683/1683/1515 1748/1748/1575
f 1653/1653/1487 1748/1748/1575 1749/1749/1576
f 1683/1683/1515 1685/1685/1517 1740/1740/1569
f 1683/1683/1515 1740/1740/1569 1748/1748/1575
f 1750/1750/1577 1744/1744/1572 1747/1747/1574
f 1750/1750/1577 1747/1747/1574 1751/1751/1578
f 1752/1752/1576 1750/1750/1577 1751/1751/1578
f 1752/1752/1576 1751/1751/1578 1753/1753/1579
f 1661/1661/1494 1660/1660/1493 1754/1754/1580
f 1661/1661/1494 1754/1754/1580 1688/1688/1520
f 1659/1659/1492 1653/1653/1487 1749/1749/1576
f 1659/1659/1492 1749/1749/1576 1755/1755/1580
f 1756/1756/1581 1752/1752/1576 1753/1753/1579
f 1756/1756/1581 1753/1753/1579 1757/1757/1582
f 1690/1690/1520 1758/1758/1583 1759/1759/1582
f 1690/1690/1520 1759/1759/1582 1691/1691/1521
f 1694/1694/1524 1692/1692/1522 1760/1760/1584
f 1694/1694/1524 1760/1760/1584 1761/1761/1585
f 1692/1692/1522 1691/1691/1521 1762/1762/1586
f 1692/1692/1522 1762/1762/1586 1760/1760/1584
f 1760/1760/1584 1762/1762/1586 1763/1763/1587
f 1760/1760/1584 1763/1763/1587 1764/1764/1588
f 1761/1761/1585 1760/1760/1584 1764/1764/1588
f 1761/1761/1585 1764/1764/1588 1765/1765/1589
f 1691/1691/1521 1759/1759/1582 1766/1766/1590
f 1691/1691/1521 1766/1766/1590 1762/1762/1586
f 1757/1757/1582 1753/1753/1579 1767/1767/1591
f 1757/1757/1582 1767/1767/1591 1768/1768/1592
f 1768/1768/1592 1767/1767/1591 1769/1769/1593
f 1768/1768/1592 1769/1769/1593 1770/1770/1594
f 1762/1762/1586 1766/1766/1590 1771/1771/1594
f 1762/1762/1586 1771/1771/1594 1763/1763/1587
f 1753/1753/1579 1751/1751/1578 1772/1772/1595
f 1753/1753/1579 1772/1772/1595 1767/1767/1591
f 1751/1751/1578 1747/1747/1574 1773/1773/1596
f 1751/1751/1578 1773/1773/1596 1772/1772/1595
f 1772/1772/1595 1773/1773/1596 1774/1774/1597
f 1772/1772/1595 1774/1774/1597 1775/1775/1598
f 1767/1767/1591 1772/1772/1595 1775/1775/1598
f 1767/1767/1591 1775/1775/1598 1769/1769/1593
f 1747/1747/1574 1746/1746/1573 1776/1776/1599
f 1747/1747/1574 1776/1776/1599 1773/1773/1596
f 1743/1743/1571 1694/1694/1524 1761/1761/1585
f 1743/1743/1571 1761/1761/1585 1777/1777/1600
f 1777/1777/1600 1761/1761/1585 1765/1765/1589
f 1777/1777/1600 1765/1765/1589 1778/1778/1601
f 1773/1773/1596 1776/1776/1599 1779/1779/1602
f 1773/1773/1596 1779/1779/1602 1774/1774/1597
f 1769/1769/1593 1775/1775/1598 1780/1780/1603
f 1769/1769/1593 1780/1780/1603 1781/1781/1604
f 1775/1775/1598 1774/1774/1597 1782/1782/1605
f 1775/1775/1598 1782/1782/1605 1780/1780/1603
f 1780/1780/1603 1782/1782/1605 1783/1783/1606
f 1780/1780/1603 1783/1783/1606 1784/1784/1607
f 1781/1781/1604 1780/1780/1603 1784/1784/1607
f 1781/1781/1604 1784/1784/1607 1785/1785/1608
f 1774/1774/1597 1779/1779/1602 1786/1786/1609
f 1774/1774/1597 1786/1786/1609 1782/1782/1605
f 1778/1778/1601 1765/1765/1589 1787/1787/1610
f 1778/1778/1601 1787/1787/1610 1788/1788/1609
f 1788/1788/1609 1787/1787/1610 1789/1789/1611
f 1788/1788/1609 1789/1789/1611 1790/1790/1612
f 1782/1782/1605 1786/1786/1609 1791/1791/1613
f 1782/1782/1605 1791/1791/1613 1783/1783/1606
f 1765/1765/1589 1764/1764/1588 1792/1792/1614
f 1765/1765/1589 1792/1792/1614 1787/1787/1610
f 1764/1764/1588 1763/1763/1587 1793/1793/1615
f 1764/1764/1588 1793/1793/1615 1792/1792/1614
f 1792/1792/1614 1793/1793/1615 1794/1794/1616
f 1792/1792/1614 1794/1794/1616 1795/1795/1617
f 1787/1787/1610 1792/1792/1614 1795/1795/1617
f 1787/1787/1610 1795/1795/1617 1789/1789/1611
f 1763/1763/1587 1771/1771/1594 1796/1796/1618
f 1763/1763/1587 1796/1796/1618 1793/1793/1615
f 1770/1770/1594 1769/1769/1593 1781/1781/1604
f 1770/1770/1594 1781/1781/1604 1797/1797/1618
f 1797/1797/1618 1781/1781/1604 1785/1785/1608
f 1797/1797/1618 1785/1785/1608 1798/1798/1619
f 1793/1793/1615 1796/1796/1618 1799/1799/1619
f 1793/1793/1615 1799/1799/1619 1794/1794/1616
f 1785/1785/1608 1784/1784/1607 1800/1800/1620
f 1785/1785/1608 1800/1800/1620 1798/1798/1619
f 1784/1784/1607 1783/1783/1606 1791/1791/1613
f 1784/1784/1607 1791/1791/1613 1800/1800/1620
f 1801/1801/1621 1790/1790/1612 1789/1789/1611
f 1801/1801/1621 1789/1789/1611 1795/1795/1617
f 1799/1799/1619 1801/1801/1621 1795/1795/1617
f 1799/1799/1619 1795/1795/1617 1794/1794/1616
f 783/783/708 811/811/735 1802/1802/1622
f 783/783/708 1802/1802/1622 1803/1803/1623
f 809/809/733 792/792/717 795/795/720
f 809/809/733 795/795/720 1804/1804/1624
f 1805/1805/1624 801/801/720 802/802/726
f 1805/1805/1624 802/802/726 1806/1806/1625
f 1807/1807/1626 1808/1808/1627 1809/1809/1628
f 1807/1807/1626 1809/1809/1628 1810/1810/1629
f 772/772/697 777/777/702 1811/1811/1630
f 772/772/697 1811/1811/1630 796/796/721
f 776/776/701 763/763/689 1812/1812/1631
f 776/776/701 1812/1812/1631 1813/1813/1632
f 1814/1814/1632 1815/1815/1633 1816/1816/1634
f 1814/1814/1632 1816/1816/1634 1817/1817/1635
f 798/798/723 1818/1818/1636 1819/1819/1637
f 798/798/723 1819/1819/1637 799/799/724
f 763/763/689 779/779/704 1820/1820/1638
f 763/763/689 1820/1820/1638 1812/1812/1631
f 779/779/704 783/783/708 1803/1803/1623
f 779/779/704 1803/1803/1623 1820/1820/1638
f 1821/1821/1638 1807/1807/1626 1810/1810/1629
f 1821/1821/1638 1810/1810/1629 1822/1822/1639
f 1815/1815/1633 1821/1821/1638 1822/1822/1639
f 1815/1815/1633 1822/1822/1639 1816/1816/1634
f 802/802/726 800/800/725 1823/1823/1640
f 802/802/726 1823/1823/1640 1824/1824/1641
f 800/800/725 799/799/724 1825/1825/1642
f 800/800/725 1825/1825/1642 1823/1823/1640
f 1823/1823/1640 1825/1825/1642 1826/1826/1643
f 1823/1823/1640 1826/1826/1643 1827/1827/1644
f 1824/1824/1641 1823/1823/1640 1827/1827/1644
f 1824/1824/1641 1827/1827/1644 1828/1828/1645
f 1810/1810/1629 1809/1809/1628 1829/1829/1646
f 1810/1810/1629 1829/1829/1646 1830/1830/1647
f 1806/1806/1625 802/802/726 1824/1824/1641
f 1806/1806/1625 1824/1824/1641 1831/1831/1646
f 1831/1831/1646 1824/1824/1641 1828/1828/1645
f 1831/1831/1646 1828/1828/1645 1832/1832/1648
f 1830/1830/1647 1829/1829/1646 1833/1833/1649
f 1830/1830/1647 1833/1833/1649 1834/1834/1650
f 1816/1816/1634 1822/1822/1639 1835/1835/1651
f 1816/1816/1634 1835/1835/1651 1836/1836/1652
f 1822/1822/1639 1810/1810/1629 1830/1830/1647
f 1822/1822/1639 1830/1830/1647 1835/1835/1651
f 1835/1835/1651 1830/1830/1647 1834/1834/1650
f 1835/1835/1651 1834/1834/1650 1837/1837/1653
f 1836/1836/1652 1835/1835/1651 1837/1837/1653
f 1836/1836/1652 1837/1837/1653 1838/1838/1654
f 799/799/724 1819/1819/1637 1839/1839/1655
f 799/799/724 1839/1839/1655 1825/1825/1642
f 1817/1817/1635 1816/1816/1634 1836/1836/1652
f 1817/1817/1635 1836/1836/1652 1840/1840/1655
f 1840/1840/1655 1836/1836/1652 1838/1838/1654
f 1840/1840/1655 1838/1838/1654 1841/1841/1656
f 1825/1825/1642 1839/1839/1655 1842/1842/1657
f 1825/1825/1642 1842/1842/1657 1826/1826/1643
f 1838/1838/1654 1837/1837/1653 1843/1843/1658
f 1838/1838/1654 1843/1843/1658 1844/1844/1659
f 1837/1837/1653 1834/1834/1650 1845/1845/1660
f 1837/1837/1653 1845/1845/1660 1843/1843/1658
f 1843/1843/1658 1845/1845/1660 1846/1846/1661
f 1843/1843/1658 1846/1846/1661 1847/1847/1662
f 1844/1844/1659 1843/1843/1658 1847/1847/1662
f 1844/1844/1659 1847/1847/1662 1848/1848/1663
f 1826/1826/1643 1842/1842/1657 1849/1849/1664
f 1826/1826/1643 1849/1849/1664 1850/1850/1665
f 1841/1841/1656 1838/1838/1654 1844/1844/1659
f 1841/1841/1656 1844/1844/1659 1851/1851/1666
f 1851/1851/1666 1844/1844/1659 1848/1848/1663
f 1851/1851/1666 1848/1848/1663 1852/1852/1667
f 1850/1850/1665 1849/1849/1664 1853/1853/1668
f 1850/1850/1665 1853/1853/1668 1854/1854/1669
f 1828/1828/1645 1827/1827/1644 1855/1855/1670
f 1828/1828/1645 1855/1855/1670 1856/1856/1671
f 1827/1827/1644 1826/1826/1643 1850/1850/1665
f 1827/1827/1644 1850/1850/1665 1855/1855/1670
f 1855/1855/1670 1850/1850/1665 1854/1854/1669
f 1855/1855/1670 1854/1854/1669 1857/1857/1672
f 1856/1856/1671 1855/1855/1670 1857/1857/1672
f 1856/1856/1671 1857/1857/1672 1858/1858/1673
f 1834/1834/1650 1833/1833/1649 1859/1859/1674
f 1834/1834/1650 1859/1859/1674 1845/1845/1660
f 1832/1832/1648 1828/1828/1645 1856/1856/1671
f 1832/1832/1648 1856/1856/1671 1860/1860/1674
f 1860/1860/1674 1856/1856/1671 1858/1858/1673
f 1860/1860/1674 1858/1858/1673 1861/1861/1675
f 1845/1845/1660 1859/1859/1674 1862/1862/1675
f 1845/1845/1660 1862/1862/1675 1846/1846/1661
f 1854/1854/1669 1853/1853/1668 1863/1863/1676
f 1854/1854/1669 1863/1863/1676 1864/1864/1677
f 1852/1852/1667 1848/1848/1663 1865/1865/1678
f 1852/1852/1667 1865/1865/1678 1866/1866/1679
f 1866/1866/1679 1865/1865/1678 1867/1867/1680
f 1866/1866/1679 1867/1867/1680 1868/1868/1681
f 1864/1864/1677 1863/1863/1676 1869/1869/1681
f 1864/1864/1677 1869/1869/1681 1870/1870/1682
f 1858/1858/1673 1857/1857/1672 1871/1871/1683
f 1858/1858/1673 1871/1871/1683 1872/1872/1684
f 1857/1857/1672 1854/1854/1669 1864/1864/1677
f 1857/1857/1672 1864/1864/1677 1871/1871/1683
f 1871/1871/1683 1864/1864/1677 1870/1870/1682
f 1871/1871/1683 1870/1870/1682 1873/1873/1685
f 1872/1872/1684 1871/1871/1683 1873/1873/1685
f 1872/1872/1684 1873/1873/1685 1874/1874/1686
f 1846/1846/1661 1862/1862/1675 1875/1875/1687
f 1846/1846/1661 1875/1875/1687 1876/1876/1688
f 1861/1861/1675 1858/1858/1673 1872/1872/1684
f 1861/1861/1675 1872/1872/1684 1877/1877/1687
f 1877/1877/1687 1872/1872/1684 1874/1874/1686
f 1877/1877/1687 1874/1874/1686 1878/1878/1689
f 1876/1876/1688 1875/1875/1687 1879/1879/1689
f 1876/1876/1688 1879/1879/1689 1880/1880/1690
f 1848/1848/1663 1847/1847/1662 1881/1881/1691
f 1848/1848/1663 1881/1881/1691 1865/1865/1678
f 1847/1847/1662 1846/1846/1661 1876/1876/1688
f 1847/1847/1662 1876/1876/1688 1881/1881/1691
f 1881/1881/1691 1876/1876/1688 1880/1880/1690
f 1881/1881/1691 1880/1880/1690 1882/1882/1692
f 1865/1865/1678 1881/1881/1691 1882/1882/1692
f 1865/1865/1678 1882/1882/1692 1867/1867/1680
f 1874/1874/1686 1873/1873/1685 1883/1883/1693
f 1874/1874/1686 1883/1883/1693 1884/1884/1694
f 1873/1873/1685 1870/1870/1682 1885/1885/1695
f 1873/1873/1685 1885/1885/1695 1883/1883/1693
f 1883/1883/1693 1885/1885/1695 1886/1886/1696
f 1883/1883/1693 1886/1886/1696 1887/1887/1697
f 1884/1884/1694 1883/1883/1693 1887/1887/1697
f 1884/1884/1694 1887/1887/1697 1888/1888/1698
f 1880/1880/1690 1879/1879/1689 1889/1889/1699
f 1880/1880/1690 1889/1889/1699 1890/1890/1700
f 1878/1878/1689 1874/1874/1686 1884/1884/1694
f 1878/1878/1689 1884/1884/1694 1891/1891/1699
f 1891/1891/1699 1884/1884/1694 1888/1888/1698
f 1891/1891/1699 1888/1888/1698 1892/1892/1701
f 1890/1890/1700 1889/1889/1699 1893/1893/1701
f 1890/1890/1700 1893/1893/1701 1894/1894/1702
f 1867/1867/1680 1882/1882/1692 1895/1895/1703
f 1867/1867/1680 1895/1895/1703 1896/1896/1704
f 1882/1882/1692 1880/1880/1690 1890/1890/1700
f 1882/1882/1692 1890/1890/1700 1895/1895/1703
f 1895/1895/1703 1890/1890/1700 1894/1894/1702
f 1895/1895/1703 1894/1894/1702 1897/1897/1705
f 1896/1896/1704 1895/1895/1703 1897/1897/1705
f 1896/1896/1704 1897/1897/1705 1898/1898/1706
f 1870/1870/1682 1869/1869/1681 1899/1899/1707
f 1870/1870/1682 1899/1899/1707 1885/1885/1695
f 1868/1868/1681 1867/1867/1680 1896/1896/1704
f 1868/1868/1681 1896/1896/1704 1900/1900/1707
f 1900/1900/1707 1896/1896/1704 1898/1898/1706
f 1900/1900/1707 1898/1898/1706 1901/1901/1708
f 1885/1885/1695 1899/1899/1707 1902/1902/1708
f 1885/1885/1695 1902/1902/1708 1886/1886/1696
f 1898/1898/1706 1897/1897/1705 1903/1903/1709
f 1898/1898/1706 1903/1903/1709 1904/1904/1710
f 1897/1897/1705 1894/1894/1702 1905/1905/1711
f 1897/1897/1705 1905/1905/1711 1903/1903/1709
f 1903/1903/1709 1905/1905/1711 1906/1906/1712
f 1903/1903/1709 1906/1906/1712 1907/1907/1713
f 1904/1904/1710 1903/1903/1709 1907/1907/1713
f 1904/1904/1710 1907/1907/1713 1908/1908/1714
f 1886/1886/1696 1902/1902/1708 1909/1909/1715
f 1886/1886/1696 1909/1909/1715 1910/1910/1716
f 1901/1901/1708 1898/1898/1706 1904/1904/1710
f 1901/1901/1708 1904/1904/1710 1911/1911/1717
f 1911/1911/1717 1904/1904/1710 1908/1908/1714
f 1911/1911/1717 1908/1908/1714 1912/1912/1718
f 1910/1910/1716 1909/1909/1715 1913/1913/1719
f 1910/1910/1716 1913/1913/1719 1914/1914/1720
f 1888/1888/1698 1887/1887/1697 1915/1915/1721
f 1888/1888/1698 1915/1915/1721 1916/1916/1722
f 1887/1887/1697 1886/1886/1696 1910/1910/1716
f 1887/1887/1697 1910/1910/1716 1915/1915/1721
f 1915/1915/1721 1910/1910/1716 1914/1914/1720
f 1915/1915/1721 1914/1914/1720 1917/1917/1723
f 1916/1916/1722 1915/1915/1721 1917/1917/1723
f 1916/1916/1722 1917/1917/1723 1918/1918/1724
f 1894/1894/1702 1893/1893/1701 1919/1919/1725
f 1894/1894/1702 1919/1919/1725 1905/1905/1711
f 1892/1892/1701 1888/1888/1698 1916/1916/1722
f 1892/1892/1701 1916/1916/1722 1920/1920/1725
f 1920/1920/1725 1916/1916/1722 1918/1918/1724
f 1920/1920/1725 1918/1918/1724 1921/1921/1726
f 1905/1905/1711 1919/1919/1725 1922/1922/1727
f 1905/1905/1711 1922/1922/1727 1906/1906/1712
f 1918/1918/1724 1917/1917/1723 1923/1923/1728
f 1918/1918/1724 1923/1923/1728 1924/1924/1729
f 1917/1917/1723 1914/1914/1720 1925/1925/1730
f 1917/1917/1723 1925/1925/1730 1923/1923/1728
f 1923/1923/1728 1925/1925/1730 1926/1926/1731
f 1923/1923/1728 1926/1926/1731 1927/1927/1732
f 1924/1924/1729 1923/1923/1728 1927/1927/1732
f 1924/1924/1729 1927/1927/1732 1928/1928/1733
f 1906/1906/1712 1922/1922/1727 1929/1929/1734
f 1906/1906/1712 1929/1929/1734 1930/1930/1735
f 1921/1921/1726 1918/1918/1724 1924/1924/1729
f 1921/1921/1726 1924/1924/1729 1931/1931/1734
f 1931/1931/1734 1924/1924/1729 1928/1928/1733
f 1931/1931/1734 1928/1928/1733 1932/1932/1736
f 1930/1930/1735 1929/1929/1734 1933/1933/1737
f 1930/1930/1735 1933/1933/1737 1934/1934/1738
f 1908/1908/1714 1907/1907/1713 1935/1935/1739
f 1908/1908/1714 1935/1935/1739 1936/1936/1740
f 1907/1907/1713 1906/1906/1712 1930/1930/1735
f 1907/1907/1713 1930/1930/1735 1935/1935/1739
f 1935/1935/1739 1930/1930/1735 1934/1934/1738
f 1935/1935/1739 1934/1934/1738 1937/1937/1741
f 1936/1936/1740 1935/1935/1739 1937/1937/1741
f 1936/1936/1740 1937/1937/1741 1938/1938/1742
f 1914/1914/1720 1913/1913/1719 1939/1939/1743
f 1914/1914/1720 1939/1939/1743 1925/1925/1730
f 1912/1912/1718 1908/1908/1714 1936/1936/1740
f 1912/1912/1718 1936/1936/1740 1940/1940/1744
f 1940/1940/1744 1936/1936/1740 1938/1938/1742
f 1940/1940/1744 1938/1938/1742 1941/1941/1745
f 1925/1925/1730 1939/1939/1743 1942/1942/1745
f 1925/1925/1730 1942/1942/1745 1926/1926/1731
f 1938/1938/1742 1937/1937/1741 1943/1943/1746
f 1938/1938/1742 1943/1943/1746 1941/1941/1745
f 1937/1937/1741 1934/1934/1738 1933/1933/1737
f 1937/1937/1741 1933/1933/1737 1943/1943/1746
f 1944/1944/1747 1932/1932/1736 1928/1928/1733
f 1944/1944/1747 1928/1928/1733 1927/1927/1732
f 1942/1942/1745 1944/1944/1747 1927/1927/1732
f 1942/1942/1745 1927/1927/1732 1926/1926/1731
f 543/543/490 548/548/494 1945/1945/1748
f 543/543/490 1945/1945/1748 557/557/503
f 547/547/494 534/534/481 1946/1946/1749
f 547/547/494 1946/1946/1749 1947/1947/1748
f 1947/1947/1748 1946/1946/1749 1948/1948/1750
f 1947/1947/1748 1948/1948/1750 1949/1949/1751
f 557/557/503 1945/1945/1748 1950/1950/1751
f 557/557/503 1950/1950/1751 558/558/504
f 534/534/481 562/562/508 1951/1951/1752
f 534/534/481 1951/1951/1752 1946/1946/1749
f 562/562/508 566/566/512 1952/1952/1753
f 562/562/508 1952/1952/1753 1951/1951/1752
f 1951/1951/1752 1952/1952/1753 1953/1953/1754
f 1951/1951/1752 1953/1953/1754 1954/1954/1755
f 1946/1946/1749 1951/1951/1752 1954/1954/1755
f 1946/1946/1749 1954/1954/1755 1948/1948/1750
f 566/566/512 579/579/523 1955/1955/1756
f 566/566/512 1955/1955/1756 1952/1952/1753
f 577/577/521 552/552/498 556/556/502
f 577/577/521 556/556/502 1956/1956/1757
f 1956/1956/1757 556/556/502 560/560/506
f 1956/1956/1757 560/560/506 1957/1957/1758
f 1952/1952/1753 1955/1955/1756 1958/1958/1758
f 1952/1952/1753 1958/1958/1758 1953/1953/1754
f 560/560/506 559/559/505 1959/1959/1759
f 560/560/506 1959/1959/1759 1960/1960/1760
f 559/559/505 558/558/504 1961/1961/1761
f 559/559/505 1961/1961/1761 1959/1959/1759
f 1959/1959/1759 1961/1961/1761 1962/1962/1762
f 1959/1959/1759 1962/1962/1762 1963/1963/1763
f 1960/1960/1760 1959/1959/1759 1963/1963/1763
f 1960/1960/1760 1963/1963/1763 1964/1964/1764
f 558/558/504 1950/1950/1751 1965/1965/1765
f 558/558/504 1965/1965/1765 1961/1961/1761
f 1949/1949/1751 1948/1948/1750 1966/1966/1766
f 1949/1949/1751 1966/1966/1766 1967/1967/1765
f 1967/1967/1765 1966/1966/1766 1968/1968/1767
f 1967/1967/1765 1968/1968/1767 1969/1969/1768
f 1961/1961/1761 1965/1965/1765 1970/1970/1768
f 1961/1961/1761 1970/1970/1768 1962/1962/1762
f 1948/1948/1750 1954/1954/1755 1971/1971/1769
f 1948/1948/1750 1971/1971/1769 1966/1966/1766
f 1954/1954/1755 1953/1953/1754 1972/1972/1770
f 1954/1954/1755 1972/1972/1770 1971/1971/1769
f 1971/1971/1769 1972/1972/1770 1973/1973/1771
f 1971/1971/1769 1973/1973/1771 1974/1974/1772
f 1966/1966/1766 1971/1971/1769 1974/1974/1772
f 1966/1966/1766 1974/1974/1772 1968/1968/1767
f 1953/1953/1754 1958/1958/1758 1975/1975/1773
f 1953/1953/1754 1975/1975/1773 1972/1972/1770
f 1957/1957/1758 560/560/506 1960/1960/1760
f 1957/1957/1758 1960/1960/1760 1976/1976/1773
f 1976/1976/1773 1960/1960/1760 1964/1964/1764
f 1976/1976/1773 1964/1964/1764 1977/1977/1774
f 1972/1972/1770 1975/1975/1773 1978/1978/1774
f 1972/1972/1770 1978/1978/1774 1973/1973/1771
f 1968/1968/1767 1974/1974/1772 1979/1979/1775
f 1968/1968/1767 1979/1979/1775 1980/1980/1776
f 1974/1974/1772 1973/1973/1771 1981/1981/1777
f 1974/1974/1772 1981/1981/1777 1979/1979/1775
f 1979/1979/1775 1981/1981/1777 1982/1982/1778
f 1979/1979/1775 1982/1982/1778 1983/1983/1779
f 1980/1980/1776 1979/1979/1775 1983/1983/1779
f 1980/1980/1776 1983/1983/1779 1984/1984/1780
f 1973/1973/1771 1978/1978/1774 1985/1985/1781
f 1973/1973/1771 1985/1985/1781 1981/1981/1777
f 1977/1977/1774 1964/1964/1764 1986/1986/1782
f 1977/1977/1774 1986/1986/1782 1987/1987/1783
f 1987/1987/1783 1986/1986/1782 1988/1988/1784
f 1987/1987/1783 1988/1988/1784 1989/1989/1785
f 1981/1981/1777 1985/1985/1781 1990/1990/1786
f 1981/1981/1777 1990/1990/1786 1982/1982/1778
f 1964/1964/1764 1963/1963/1763 1991/1991/1787
f 1964/1964/1764 1991/1991/1787 1986/1986/1782
f 1963/1963/1763 1962/1962/1762 1992/1992/1788
f 1963/1963/1763 1992/1992/1788 1991/1991/1787
f 1991/1991/1787 1992/1992/1788 1993/1993/1789
f 1991/1991/1787 1993/1993/1789 1994/1994/1790
f 1986/1986/1782 1991/1991/1787 1994/1994/1790
f 1986/1986/1782 1994/1994/1790 1988/1988/1784
f 1962/1962/1762 1970/1970/1768 1995/1995/1791
f 1962/1962/1762 1995/1995/1791 1992/1992/1788
f 1969/1969/1768 1968/1968/1767 1980/1980/1776
f 1969/1969/1768 1980/1980/1776 1996/1996/1791
f 1996/1996/1791 1980/1980/1776 1984/1984/1780
f 1996/1996/1791 1984/1984/1780 1997/1997/1792
f 1992/1992/1788 1995/1995/1791 1998/1998/1793
f 1992/1992/1788 1998/1998/1793 1993/1993/1789
f 1988/1988/1784 1994/1994/1790 1999/1999/1794
f 1988/1988/1784 1999/1999/1794 2000/2000/1795
f 1994/1994/1790 1993/1993/1789 2001/2001/1796
f 1994/1994/1790 2001/2001/1796 1999/1999/1794
f 1999/1999/1794 2001/2001/1796 2002/2002/1797
f 1999/1999/1794 2002/2002/1797 2003/2003/1798
f 2000/2000/1795 1999/1999/1794 2003/2003/1798
f 2000/2000/1795 2003/2003/1798 2004/2004/1799
f 1993/1993/1789 1998/1998/1793 2005/2005/1800
f 1993/1993/1789 2005/2005/1800 2001/2001/1796
f 1997/1997/1792 1984/1984/1780 2006/2006/1801
f 1997/1997/1792 2006/2006/1801 2007/2007/1802
f 2007/2007/1802 2006/2006/1801 2008/2008/1803
f 2007/2007/1802 2008/2008/1803 2009/2009/1804
f 2001/2001/1796 2005/2005/1800 2010/2010/1805
f 2001/2001/1796 2010/2010/1805 2002/2002/1797
f 1984/1984/1780 1983/1983/1779 2011/2011/1806
f 1984/1984/1780 2011/2011/1806 2006/2006/1801
f 1983/1983/1779 1982/1982/1778 2012/2012/1807
f 1983/1983/1779 2012/2012/1807 2011/2011/1806
f 2011/2011/1806 2012/2012/1807 2013/2013/1808
f 2011/2011/1806 2013/2013/1808 2014/2014/1809
f 2006/2006/1801 2011/2011/1806 2014/2014/1809
f 2006/2006/1801 2014/2014/1809 2008/2008/1803
f 1982/1982/1778 1990/1990/1786 2015/2015/1810
f 1982/1982/1778 2015/2015/1810 2012/2012/1807
f 1989/1989/1785 1988/1988/1784 2000/2000/1795
f 1989/1989/1785 2000/2000/1795 2016/2016/1810
f 2016/2016/1810 2000/2000/1795 2004/2004/1799
f 2016/2016/1810 2004/2004/1799 2017/2017/1811
f 2012/2012/1807 2015/2015/1810 2018/2018/1812
f 2012/2012/1807 2018/2018/1812 2013/2013/1808
f 2004/2004/1799 2003/2003/1798 2019/2019/1813
f 2004/2004/1799 2019/2019/1813 2020/2020/1814
f 2003/2003/1798 2002/2002/1797 2021/2021/1815
f 2003/2003/1798 2021/2021/1815 2019/2019/1813
f 2019/2019/1813 2021/2021/1815 2022/2022/1816
f 2019/2019/1813 2022/2022/1816 2023/2023/1817
f 2020/2020/1814 2019/2019/1813 2023/2023/1817
f 2020/2020/1814 2023/2023/1817 2024/2024/1818
f 2002/2002/1797 2010/2010/1805 2025/2025/1819
f 2002/2002/1797 2025/2025/1819 2021/2021/1815
f 2009/2009/1804 2008/2008/1803 2026/2026/1820
f 2009/2009/1804 2026/2026/1820 2027/2027/1819
f 2027/2027/1819 2026/2026/1820 2028/2028/1821
f 2027/2027/1819 2028/2028/1821 2029/2029/1822
f 2021/2021/1815 2025/2025/1819 2030/2030/1822
f 2021/2021/1815 2030/2030/1822 2022/2022/1816
f 2008/2008/1803 2014/2014/1809 2031/2031/1823
f 2008/2008/1803 2031/2031/1823 2026/2026/1820
f 2014/2014/1809 2013/2013/1808 2032/2032/1824
f 2014/2014/1809 2032/2032/1824 2031/2031/1823
f 2031/2031/1823 2032/2032/1824 2033/2033/1825
f 2031/2031/1823 2033/2033/1825 2034/2034/1826
f 2026/2026/1820 2031/2031/1823 2034/2034/1826
f 2026/2026/1820 2034/2034/1826 2028/2028/1821
f 2013/2013/1808 2018/2018/1812 2035/2035/1827
f 2013/2013/1808 2035/2035/1827 2032/2032/1824
f 2017/2017/1811 2004/2004/1799 2020/2020/1814
f 2017/2017/1811 2020/2020/1814 2036/2036/1828
f 2036/2036/1828 2020/2020/1814 2024/2024/1818
f 2036/2036/1828 2024/2024/1818 2037/2037/1829
f 2032/2032/1824 2035/2035/1827 2038/2038/1829
f 2032/2032/1824 2038/2038/1829 2033/2033/1825
f 2022/2022/1816 2030/2030/1822 2039/2039/1830
f 2022/2022/1816 2039/2039/1830 2023/2023/1817
f 2029/2029/1822 2028/2028/1821 2034/2034/1826
f 2029/2029/1822 2034/2034/1826 2040/2040/1830
f 2040/2040/1830 2034/2034/1826 2033/2033/1825
f 2040/2040/1830 2033/2033/1825 2038/2038/1829
f 2023/2023/1817 2039/2039/1830 2037/2037/1829
f 2023/2023/1817 2037/2037/1829 2024/2024/1818
f 494/494/446 521/521/468 2041/2041/1831
f 494/494/446 2041/2041/1831 2042/2042/1832
f 519/519/468 502/502/454 2043/2043/1833
f 519/519/468 2043/2043/1833 2044/2044/1831
f 2045/2045/1831 2046/2046/1834 2047/2047/1835
f 2045/2045/1831 2047/2047/1835 2048/2048/1836
f 2049/2049/1837 2045/2045/1831 2048/2048/1836
f 2049/2049/1837 2048/2048/1836 2050/2050/1838
f 479/479/434 496/496/448 2051/2051/1839
f 479/479/434 2051/2051/1839 505/505/457
f 495/495/447 494/494/446 2042/2042/1832
f 495/495/447 2042/2042/1832 2052/2052/1840
f 2053/2053/1841 2049/2049/1837 2050/2050/1838
f 2053/2053/1841 2050/2050/1838 2054/2054/1842
f 508/508/459 2055/2055/1839 2056/2056/1843
f 508/508/459 2056/2056/1843 509/509/460
f 502/502/454 501/501/453 2057/2057/1844
f 502/502/454 2057/2057/1844 2043/2043/1833
f 500/500/452 482/482/436 504/504/456
f 500/500/452 504/504/456 2058/2058/1844
f 2059/2059/1845 511/511/462 514/514/463
f 2059/2059/1845 514/514/463 2060/2060/1846
f 2046/2046/1834 2061/2061/1844 2062/2062/1847
f 2046/2046/1834 2062/2062/1847 2047/2047/1835
f 509/509/460 2056/2056/1843 2063/2063/1848
f 509/509/460 2063/2063/1848 2064/2064/1849
f 2054/2054/1842 2050/2050/1838 2065/2065/1850
f 2054/2054/1842 2065/2065/1850 2066/2066/1851
f 2066/2066/1851 2065/2065/1850 2067/2067/1852
f 2066/2066/1851 2067/2067/1852 2068/2068/1853
f 2064/2064/1849 2063/2063/1848 2069/2069/1854
f 2064/2064/1849 2069/2069/1854 2070/2070/1855
f 2047/2047/1835 2062/2062/1847 2071/2071/1856
f 2047/2047/1835 2071/2071/1856 2072/2072/1857
f 2060/2060/1846 514/514/463 2073/2073/1858
f 2060/2060/1846 2073/2073/1858 2074/2074/1859
f 2074/2074/1859 2073/2073/1858 2075/2075/1860
f 2074/2074/1859 2075/2075/1860 2076/2076/1861
f 2072/2072/1857 2071/2071/1856 2077/2077/1862
f 2072/2072/1857 2077/2077/1862 2078/2078/1863
f 514/514/463 513/513/461 2079/2079/1864
f 514/514/463 2079/2079/1864 2073/2073/1858
f 510/510/461 509/509/460 2064/2064/1849
f 510/510/461 2064/2064/1849 2080/2080/1864
f 2080/2080/1864 2064/2064/1849 2070/2070/1855
f 2080/2080/1864 2070/2070/1855 2081/2081/1865
f 2073/2073/1858 2079/2079/1864 2082/2082/1866
f 2073/2073/1858 2082/2082/1866 2075/2075/1860
f 2050/2050/1838 2048/2048/1836 2083/2083/1867
f 2050/2050/1838 2083/2083/1867 2065/2065/1850
f 2048/2048/1836 2047/2047/1835 2072/2072/1857
f 2048/2048/1836 2072/2072/1857 2084/2084/1867
f 2084/2084/1867 2072/2072/1857 2078/2078/1863
f 2084/2084/1867 2078/2078/1863 2085/2085/1868
f 2065/2065/1850 2083/2083/1867 2086/2086/1869
f 2065/2065/1850 2086/2086/1869 2067/2067/1852
f 2078/2078/1863 2077/2077/1862 2087/2087/1870
f 2078/2078/1863 2087/2087/1870 2088/2088/1871
f 2076/2076/1861 2075/2075/1860 2089/2089/1872
f 2076/2076/1861 2089/2089/1872 2090/2090/1873
f 2090/2090/1873 2089/2089/1872 2091/2091/1874
f 2090/2090/1873 2091/2091/1874 2092/2092/1875
f 2088/2088/1871 2087/2087/1870 2093/2093/1876
f 2088/2088/1871 2093/2093/1876 2094/2094/1877
f 2075/2075/1860 2082/2082/1866 2095/2095/1878
f 2075/2075/1860 2095/2095/1878 2089/2089/1872
f 2081/2081/1865 2070/2070/1855 2096/2096/1879
f 2081/2081/1865 2096/2096/1879 2097/2097/1880
f 2097/2097/1880 2096/2096/1879 2098/2098/1881
f 2097/2097/1880 2098/2098/1881 2099/2099/1882
f 2089/2089/1872 2095/2095/1878 2100/2100/1882
f 2089/2089/1872 2100/2100/1882 2091/2091/1874
f 2067/2067/1852 2086/2086/1869 2101/2101/1883
f 2067/2067/1852 2101/2101/1883 2102/2102/1884
f 2085/2085/1868 2078/2078/1863 2088/2088/1871
f 2085/2085/1868 2088/2088/1871 2103/2103/1883
f 2103/2103/1883 2088/2088/1871 2094/2094/1877
f 2103/2103/1883 2094/2094/1877 2104/2104/1885
f 2102/2102/1884 2101/2101/1883 2105/2105/1886
f 2102/2102/1884 2105/2105/1886 2106/2106/1887
f 2070/2070/1855 2069/2069/1854 2107/2107/1888
f 2070/2070/1855 2107/2107/1888 2096/2096/1879
f 2068/2068/1853 2067/2067/1852 2102/2102/1884
f 2068/2068/1853 2102/2102/1884 2108/2108/1889
f 2108/2108/1889 2102/2102/1884 2106/2106/1887
f 2108/2108/1889 2106/2106/1887 2109/2109/1890
f 2096/2096/1879 2107/2107/1888 2110/2110/1891
f 2096/2096/1879 2110/2110/1891 2098/2098/1881
f 2091/2091/1874 2100/2100/1882 2111/2111/1892
f 2091/2091/1874 2111/2111/1892 2112/2112/1893
f 2099/2099/1882 2098/2098/1881 2113/2113/1894
f 2099/2099/1882 2113/2113/1894 2114/2114/1895
f 2114/2114/1895 2113/2113/1894 2115/2115/1896
f 2114/2114/1895 2115/2115/1896 2116/2116/1897
f 2112/2112/1893 2111/2111/1892 2117/2117/1897
f 2112/2112/1893 2117/2117/1897 2118/2118/1898
f 2106/2106/1887 2105/2105/1886 2119/2119/1899
f 2106/2106/1887 2119/2119/1899 2120/2120/1900
f 2104/2104/1885 2094/2094/1877 2121/2121/1901
f 2104/2104/1885 2121/2121/1901 2122/2122/1902
f 2122/2122/1902 2121/2121/1901 2123/2123/1903
f 2122/2122/1902 2123/2123/1903 2124/2124/1904
f 2120/2120/1900 2119/2119/1899 2125/2125/1905
f 2120/2120/1900 2125/2125/1905 2126/2126/1906
f 2098/2098/1881 2110/2110/1891 2127/2127/1907
f 2098/2098/1881 2127/2127/1907 2113/2113/1894
f 2109/2109/1890 2106/2106/1887 2120/2120/1900
f 2109/2109/1890 2120/2120/1900 2128/2128/1908
f 2128/2128/1908 2120/2120/1900 2126/2126/1906
f 2128/2128/1908 2126/2126/1906 2129/2129/1909
f 2113/2113/1894 2127/2127/1907 2130/2130/1910
f 2113/2113/1894 2130/2130/1910 2115/2115/1896
f 2094/2094/1877 2093/2093/1876 2131/2131/1911
f 2094/2094/1877 2131/2131/1911 2121/2121/1901
f 2092/2092/1875 2091/2091/1874 2112/2112/1893
f 2092/2092/1875 2112/2112/1893 2132/2132/1912
f 2132/2132/1912 2112/2112/1893 2118/2118/1898
f 2132/2132/1912 2118/2118/1898 2133/2133/1913
f 2121/2121/1901 2131/2131/1911 2134/2134/1914
f 2121/2121/1901 2134/2134/1914 2123/2123/1903
f 2115/2115/1896 2130/2130/1910 2135/2135/1915
f 2115/2115/1896 2135/2135/1915 2136/2136/1916
f 2129/2129/1909 2126/2126/1906 2137/2137/1917
f 2129/2129/1909 2137/2137/1917 2138/2138/1918
f 2138/2138/1918 2137/2137/1917 2139/2139/1919
f 2138/2138/1918 2139/2139/1919 2140/2140/1920
f 2136/2136/1916 2135/2135/1915 2141/2141/1921
f 2136/2136/1916 2141/2141/1921 2142/2142/1922
f 2123/2123/1903 2134/2134/1914 2143/2143/1923
f 2123/2123/1903 2143/2143/1923 2144/2144/1924
f 2133/2133/1913 2118/2118/1898 2145/2145/1925
f 2133/2133/1913 2145/2145/1925 2146/2146/1926
f 2146/2146/1926 2145/2145/1925 2147/2147/1927
f 2146/2146/1926 2147/2147/1927 2148/2148/1928
f 2144/2144/1924 2143/2143/1923 2149/2149/1928
f 2144/2144/1924 2149/2149/1928 2150/2150/1929
f 2118/2118/1898 2117/2117/1897 2151/2151/1930
f 2118/2118/1898 2151/2151/1930 2145/2145/1925
f 2116/2116/1897 2115/2115/1896 2136/2136/1916
f 2116/2116/1897 2136/2136/1916 2152/2152/1930
f 2152/2152/1930 2136/2136/1916 2142/2142/1922
f 2152/2152/1930 2142/2142/1922 2153/2153/1931
f 2145/2145/1925 2151/2151/1930 2154/2154/1931
f 2145/2145/1925 2154/2154/1931 2147/2147/1927
f 2126/2126/1906 2125/2125/1905 2155/2155/1932
f 2126/2126/1906 2155/2155/1932 2137/2137/1917
f 2124/2124/1904 2123/2123/1903 2144/2144/1924
f 2124/2124/1904 2144/2144/1924 2156/2156/1933
f 2156/2156/1933 2144/2144/1924 2150/2150/1929
f 2156/2156/1933 2150/2150/1929 2157/2157/1934
f 2137/2137/1917 2155/2155/1932 2158/2158/1935
f 2137/2137/1917 2158/2158/1935 2139/2139/1919
f 2147/2147/1927 2154/2154/1931 2159/2159/1936
f 2147/2147/1927 2159/2159/1936 2148/2148/1928
f 2153/2153/1931 2142/2142/1922 2141/2141/1921
f 2153/2153/1931 2141/2141/1921 2160/2160/1936
f 2161/2161/1936 2140/2140/1920 2139/2139/1919
f 2161/2161/1936 2139/2139/1919 2158/2158/1935
f 2149/2149/1928 2162/2162/1936 2157/2157/1934
f 2149/2149/1928 2157/2157/1934 2150/2150/1929
f 1277/1277/1151 1291/1291/1163 2163/2163/1937
f 1277/1277/1151 2163/2163/1937 1302/1302/1173
f 1291/1291/1163 1295/1295/1167 2164/2164/1938
f 1291/1291/1163 2164/2164/1938 2163/2163/1937
f 2165/2165/1939 2166/2166/1940 2167/2167/1941
f 2165/2165/1939 2167/2167/1941 2168/2168/1942
f 1305/1305/1175 2165/2165/1939 2168/2168/1942
f 1305/1305/1175 2168/2168/1942 1306/1306/1176
f 1287/1287/1159 1286/1286/1158 2169/2169/1943
f 1287/1287/1159 2169/2169/1943 2170/2170/1944
f 1286/1286/1158 228/228/208 1301/1301/1172
f 1286/1286/1158 1301/1301/1172 2169/2169/1943
f 2171/2171/1943 1308/1308/1172 1311/1311/1180
f 2171/2171/1943 1311/1311/1180 2172/2172/1945
f 2173/2173/1946 2171/2171/1943 2172/2172/1945
f 2173/2173/1946 2172/2172/1945 2174/2174/1947
f 1295/1295/1167 2175/2175/1948 2176/2176/1949
f 1295/1295/1167 2176/2176/1949 2164/2164/1938
f 2177/2177/1950 1287/1287/1159 2170/2170/1944
f 2177/2177/1950 2170/2170/1944 2178/2178/1949
f 2179/2179/1949 2173/2173/1946 2174/2174/1947
f 2179/2179/1949 2174/2174/1947 2180/2180/1951
f 2166/2166/1940 2179/2179/1949 2180/2180/1951
f 2166/2166/1940 2180/2180/1951 2167/2167/1941
f 2167/2167/1941 2180/2180/1951 2181/2181/1952
f 2167/2167/1941 2181/2181/1952 2182/2182/1953
f 2180/2180/1951 2174/2174/1947 2183/2183/1954
f 2180/2180/1951 2183/2183/1954 2184/2184/1955
f 2184/2184/1955 2183/2183/1954 2185/2185/1956
f 2184/2184/1955 2185/2185/1956 2186/2186/1957
f 2182/2182/1953 2181/2181/1952 2187/2187/1957
f 2182/2182/1953 2187/2187/1957 2188/2188/1958
f 2174/2174/1947 2172/2172/1945 2189/2189/1959
f 2174/2174/1947 2189/2189/1959 2183/2183/1954
f 2172/2172/1945 1311/1311/1180 2190/2190/1960
f 2172/2172/1945 2190/2190/1960 2189/2189/1959
f 2189/2189/1959 2190/2190/1960 2191/2191/1961
f 2189/2189/1959 2191/2191/1961 2192/2192/1962
f 2183/2183/1954 2189/2189/1959 2192/2192/1962
f 2183/2183/1954 2192/2192/1962 2185/2185/1956
f 1311/1311/1180 1310/1310/1179 2193/2193/1963
f 1311/1311/1180 2193/2193/1963 2190/2190/1960
f 1307/1307/1177 1306/1306/1176 2194/2194/1964
f 1307/1307/1177 2194/2194/1964 2195/2195/1965
f 2195/2195/1965 2194/2194/1964 2196/2196/1966
f 2195/2195/1965 2196/2196/1966 2197/2197/1967
f 2190/2190/1960 2193/2193/1963 2198/2198/1968
f 2190/2190/1960 2198/2198/1968 2191/2191/1961
f 1306/1306/1176 2168/2168/1942 2199/2199/1969
f 1306/1306/1176 2199/2199/1969 2194/2194/1964
f 2168/2168/1942 2167/2167/1941 2182/2182/1953
f 2168/2168/1942 2182/2182/1953 2199/2199/1969
f 2199/2199/1969 2182/2182/1953 2188/2188/1958
f 2199/2199/1969 2188/2188/1958 2200/2200/1970
f 2194/2194/1964 2199/2199/1969 2200/2200/1970
f 2194/2194/1964 2200/2200/1970 2196/2196/1966
f 2185/2185/1956 2192/2192/1962 2201/2201/1971
f 2185/2185/1956 2201/2201/1971 2202/2202/1972
f 2192/2192/1962 2191/2191/1961 2203/2203/1973
f 2192/2192/1962 2203/2203/1973 2201/2201/1971
f 2201/2201/1971 2203/2203/1973 2204/2204/1974
f 2201/2201/1971 2204/2204/1974 2205/2205/1975
f 2202/2202/1972 2201/2201/1971 2205/2205/1975
f 2202/2202/1972 2205/2205/1975 2206/2206/1976
f 2191/2191/1961 2198/2198/1968 2207/2207/1977
f 2191/2191/1961 2207/2207/1977 2203/2203/1973
f 2197/2197/1967 2196/2196/1966 2208/2208/1978
f 2197/2197/1967 2208/2208/1978 2209/2209/1979
f 2209/2209/1979 2208/2208/1978 2210/2210/1980
f 2209/2209/1979 2210/2210/1980 2211/2211/1981
f 2203/2203/1973 2207/2207/1977 2212/2212/1982
f 2203/2203/1973 2212/2212/1982 2204/2204/1974
f 2196/2196/1966 2200/2200/1970 2213/2213/1983
f 2196/2196/1966 2213/2213/1983 2208/2208/1978
f 2200/2200/1970 2188/2188/1958 2214/2214/1984
f 2200/2200/1970 2214/2214/1984 2213/2213/1983
f 2213/2213/1983 2214/2214/1984 2215/2215/1985
f 2213/2213/1983 2215/2215/1985 2216/2216/1986
f 2208/2208/1978 2213/2213/1983 2216/2216/1986
f 2208/2208/1978 2216/2216/1986 2210/2210/1980
f 2188/2188/1958 2187/2187/1957 2217/2217/1987
f 2188/2188/1958 2217/2217/1987 2214/2214/1984
f 2186/2186/1957 2185/2185/1956 2202/2202/1972
f 2186/2186/1957 2202/2202/1972 2218/2218/1988
f 2218/2218/1988 2202/2202/1972 2206/2206/1976
f 2218/2218/1988 2206/2206/1976 2219/2219/1989
f 2214/2214/1984 2217/2217/1987 2220/2220/1990
f 2214/2214/1984 2220/2220/1990 2215/2215/1985
f 2204/2204/1974 2212/2212/1982 2221/2221/1991
f 2204/2204/1974 2221/2221/1991 2205/2205/1975
f 2211/2211/1981 2210/2210/1980 2216/2216/1986
f 2211/2211/1981 2216/2216/1986 2222/2222/1992
f 2222/2222/1992 2216/2216/1986 2215/2215/1985
f 2222/2222/1992 2215/2215/1985 2220/2220/1990
f 2205/2205/1975 2221/2221/1991 2219/2219/1989
f 2205/2205/1975 2219/2219/1989 2206/2206/1976
f 1646/1646/1480 1645/1645/1479 2223/2223/1993
f 1646/1646/1480 2223/2223/1993 2224/2224/1994
f 1645/1645/1479 1610/1610/1447 1627/1627/1463
f 1645/1645/1479 1627/1627/1463 2223/2223/1993
f 2225/2225/1995 1634/1634/1468 1637/1637/1471
f 2225/2225/1995 1637/1637/1471 2226/2226/1996
f 2227/2227/1997 2225/2225/1995 2226/2226/1996
f 2227/2227/1997 2226/2226/1996 2228/2228/1998
f 1615/1615/1452 1621/1621/1457 2229/2229/1999
f 1615/1615/1452 2229/2229/1999 1628/1628/1464
f 1621/1621/1457 1625/1625/1461 2230/2230/2000
f 1621/1621/1457 2230/2230/2000 2229/2229/1999
f 2231/2231/2001 2232/2232/2000 2233/2233/2002
f 2231/2231/2001 2233/2233/2002 2234/2234/2003
f 1631/1631/1465 2231/2231/2001 2234/2234/2003
f 1631/1631/1465 2234/2234/2003 1632/1632/1466
f 1625/1625/1461 1657/1657/1488 2235/2235/2004
f 1625/1625/1461 2235/2235/2004 2230/2230/2000
f 1654/1654/1488 1646/1646/1480 2224/2224/1994
f 1654/1654/1488 2224/2224/1994 2236/2236/2005
f 2237/2237/2006 2227/2227/1997 2228/2228/1998
f 2237/2237/2006 2228/2228/1998 2238/2238/2007
f 2232/2232/2000 2239/2239/2004 2240/2240/2008
f 2232/2232/2000 2240/2240/2008 2233/2233/2002
f 1632/1632/1466 2234/2234/2003 2241/2241/2009
f 1632/1632/1466 2241/2241/2009 2242/2242/2010
f 2234/2234/2003 2233/2233/2002 2243/2243/2011
f 2234/2234/2003 2243/2243/2011 2241/2241/2009
f 2241/2241/2009 2243/2243/2011 2244/2244/2012
f 2241/2241/2009 2244/2244/2012 2245/2245/2013
f 2242/2242/2010 2241/2241/2009 2245/2245/2013
f 2242/2242/2010 2245/2245/2013 2246/2246/2014
f 1637/1637/1471 1636/1636/1470 2247/2247/2015
f 1637/1637/1471 2247/2247/2015 2248/2248/2016
f 1633/1633/1467 1632/1632/1466 2242/2242/2010
f 1633/1633/1467 2242/2242/2010 2249/2249/2017
f 2249/2249/2017 2242/2242/2010 2246/2246/2014
f 2249/2249/2017 2246/2246/2014 2250/2250/2018
f 2248/2248/2016 2247/2247/2015 2251/2251/2018
f 2248/2248/2016 2251/2251/2018 2252/2252/2019
f 2228/2228/1998 2226/2226/1996 2253/2253/2020
f 2228/2228/1998 2253/2253/2020 2254/2254/2021
f 2226/2226/1996 1637/1637/1471 2248/2248/2016
f 2226/2226/1996 2248/2248/2016 2253/2253/2020
f 2253/2253/2020 2248/2248/2016 2252/2252/2019
f 2253/2253/2020 2252/2252/2019 2255/2255/2022
f 2254/2254/2021 2253/2253/2020 2255/2255/2022
f 2254/2254/2021 2255/2255/2022 2256/2256/2023
f 2233/2233/2002 2240/2240/2008 2257/2257/2024
f 2233/2233/2002 2257/2257/2024 2243/2243/2011
f 2238/2238/2007 2228/2228/1998 2254/2254/2021
f 2238/2238/2007 2254/2254/2021 2258/2258/2025
f 2258/2258/2025 2254/2254/2021 2256/2256/2023
f 2258/2258/2025 2256/2256/2023 2259/2259/2026
f 2243/2243/2011 2257/2257/2024 2260/2260/2026
f 2243/2243/2011 2260/2260/2026 2244/2244/2012
f 2246/2246/2014 2245/2245/2013 2261/2261/2027
f 2246/2246/2014 2261/2261/2027 2262/2262/2028
f 2245/2245/2013 2244/2244/2012 2263/2263/2029
f 2245/2245/2013 2263/2263/2029 2261/2261/2027
f 2261/2261/2027 2263/2263/2029 2264/2264/2030
f 2261/2261/2027 2264/2264/2030 2265/2265/2031
f 2262/2262/2028 2261/2261/2027 2265/2265/2031
f 2262/2262/2028 2265/2265/2031 2266/2266/2032
f 2252/2252/2019 2251/2251/2018 2267/2267/2033
f 2252/2252/2019 2267/2267/2033 2268/2268/2034
f 2250/2250/2018 2246/2246/2014 2262/2262/2028
f 2250/2250/2018 2262/2262/2028 2269/2269/2033
f 2269/2269/2033 2262/2262/2028 2266/2266/2032
f 2269/2269/2033 2266/2266/2032 2270/2270/2035
f 2268/2268/2034 2267/2267/2033 2271/2271/2036
f 2268/2268/2034 2271/2271/2036 2272/2272/2037
f 2256/2256/2023 2255/2255/2022 2273/2273/2038
f 2256/2256/2023 2273/2273/2038 2274/2274/2039
f 2255/2255/2022 2252/2252/2019 2268/2268/2034
f 2255/2255/2022 2268/2268/2034 2273/2273/2038
f 2273/2273/2038 2268/2268/2034 2272/2272/2037
f 2273/2273/2038 2272/2272/2037 2275/2275/2040
f 2274/2274/2039 2273/2273/2038 2275/2275/2040
f 2274/2274/2039 2275/2275/2040 2276/2276/2041
f 2244/2244/2012 2260/2260/2026 2277/2277/2042
f 2244/2244/2012 2277/2277/2042 2263/2263/2029
f 2259/2259/2026 2256/2256/2023 2274/2274/2039
f 2259/2259/2026 2274/2274/2039 2278/2278/2043
f 2278/2278/2043 2274/2274/2039 2276/2276/2041
f 2278/2278/2043 2276/2276/2041 2279/2279/2044
f 2263/2263/2029 2277/2277/2042 2280/2280/2045
f 2263/2263/2029 2280/2280/2045 2264/2264/2030
f 2276/2276/2041 2275/2275/2040 2281/2281/2046
f 2276/2276/2041 2281/2281/2046 2282/2282/2047
f 2275/2275/2040 2272/2272/2037 2283/2283/2048
f 2275/2275/2040 2283/2283/2048 2281/2281/2046
f 2281/2281/2046 2283/2283/2048 2284/2284/2049
f 2281/2281/2046 2284/2284/2049 2285/2285/2050
f 2282/2282/2047 2281/2281/2046 2285/2285/2050
f 2282/2282/2047 2285/2285/2050 2286/2286/2051
f 2264/2264/2030 2280/2280/2045 2287/2287/2052
f 2264/2264/2030 2287/2287/2052 2288/2288/2053
f 2279/2279/2044 2276/2276/2041 2282/2282/2047
f 2279/2279/2044 2282/2282/2047 2289/2289/2054
f 2289/2289/2054 2282/2282/2047 2286/2286/2051
f 2289/2289/2054 2286/2286/2051 2290/2290/2055
f 2288/2288/2053 2287/2287/2052 2291/2291/2056
f 2288/2288/2053 2291/2291/2056 2292/2292/2057
f 2266/2266/2032 2265/2265/2031 2293/2293/2058
f 2266/2266/2032 2293/2293/2058 2294/2294/2059
f 2265/2265/2031 2264/2264/2030 2288/2288/2053
f 2265/2265/2031 2288/2288/2053 2293/2293/2058
f 2293/2293/2058 2288/2288/2053 2292/2292/2057
f 2293/2293/2058 2292/2292/2057 2295/2295/2060
f 2294/2294/2059 2293/2293/2058 2295/2295/2060
f 2294/2294/2059 2295/2295/2060 2296/2296/2061
f 2272/2272/2037 2271/2271/2036 2297/2297/2062
f 2272/2272/2037 2297/2297/2062 2283/2283/2048
f 2270/2270/2035 2266/2266/2032 2294/2294/2059
f 2270/2270/2035 2294/2294/2059 2298/2298/2062
f 2298/2298/2062 2294/2294/2059 2296/2296/2061
f 2298/2298/2062 2296/2296/2061 2299/2299/2063
f 2283/2283/2048 2297/2297/2062 2300/2300/2063
f 2283/2283/2048 2300/2300/2063 2284/2284/2049
f 2296/2296/2061 2295/2295/2060 2301/2301/2064
f 2296/2296/2061 2301/2301/2064 2299/2299/2063
f 2295/2295/2060 2292/2292/2057 2291/2291/2056
f 2295/2295/2060 2291/2291/2056 2301/2301/2064
f 2302/2302/2065 2290/2290/2055 2286/2286/2051
f 2302/2302/2065 2286/2286/2051 2285/2285/2050
f 2300/2300/2063 2302/2302/2065 2285/2285/2050
f 2300/2300/2063 2285/2285/2050 2284/2284/2049
